0.1131703089,0.1484934349,0.2424726131,0.1933764175,0.02349066989,0.1483423473,-0.01516126169,-0.03720383354,0.04116814219,-0.03161433166,-0.01216019329,-0.04260437413,0.01907705904,-0.009687469525,-0.04945072303,-0.08435198204,0.06024717719,0.009947241782,-0.02350745973,0.09982723387,0.1174841255,0.08999933795,0.03448085704,0.03618908424,0.05148708428,0.03357232025,0.01507412878,-0.037844554,0.04197822649,0.06382946957,-0.1503007423,0.001015685487,-0.04246561668,0.02079291725,0.005182723489,0.02193580287,0.01271354173,0.006500645169,0.02704721455,0.07505399031,0.001670495576,0.07853713191,0.05423983242,-0.006717926939,0.03868524452,0.03353005085,0.06153608085,0.06598697333,-0.03218464369,0.04199664784,0.032459647,0.0009949862526,-0.115587918,-0.04742134109,-0.05546132018,-0.04646858094,-0.1242614604,-0.04675780995,-0.07643154121,-0.01358721969,-0.07664796598,-0.03590671878,0.003354451386,-0.03835653896,0.006625712589,-0.06060915621,-0.03773904034,-0.03257393489,-0.02600944742,-0.02296365943,0.0904096408,0.008470310926,-0.008190812407,0.2847247699,-0.007558893964,0.07436970048,0.09702050522,0.1701968976,0.02474003876,-0.1017906303,0.01442471046,-0.1602348915,-0.01733379684
0.1020242726,0.1348197584,0.2447685498,0.1741648383,0.03466968534,0.1275413527,-0.01778639713,-0.02019005823,0.07488846382,-0.03756623852,-0.03655860768,-0.04683744758,0.02099442567,-0.0008627507407,-0.03513622551,-0.04550444854,0.07137119025,0.005390456464,-0.02770927532,0.08708839424,0.0994997532,0.08976825364,0.02739081492,0.02534093001,0.06315976063,0.0204817405,0.0331699504,-0.03835674204,0.04204227116,0.07298291668,-0.1470370053,0.000400786612,-0.05607622041,0.01524996493,0.007985985322,0.03514306355,0.01558513402,0.006655275227,0.01519869134,0.06971124228,-0.005738401407,0.07943297455,0.03943430501,0.001202678212,0.0248013043,0.02665911781,0.05601916844,0.05297826945,-0.04160443721,0.03954711503,0.0293645034,0.0008052800172,-0.1114082452,-0.05265503496,-0.06828574883,-0.04711435809,-0.1054883211,-0.05255750575,-0.06860716731,-0.02638307999,-0.07113536877,-0.04345103812,-0.001244244176,-0.04520689349,0.0104979821,-0.05154886419,-0.02985978133,-0.02755967548,-0.01147633316,0.00416991247,0.1124594428,0.007018622798,-0.007317665398,0.2753968825,-0.02332214333,0.02106253879,0.105527255,0.1560677148,0.002980160005,-0.09393419523,0.02464020807,-0.1709436822,-0.01146538702
0.10629381,0.1344557371,0.2391996762,0.1720331124,0.03028371102,0.1191443173,-0.01782016351,-0.01109423759,0.06754777942,-0.04169135001,-0.03605651812,-0.05108334269,0.01366705391,0.004619238375,-0.03245834256,-0.0470520295,0.06682911488,0.009440099813,-0.03454463279,0.105320078,0.115138429,0.1005670574,0.03124343878,0.03402059738,0.06081433228,0.0212561022,0.04310113482,-0.04193306612,0.05362988005,0.07987203368,-0.1434368446,0.002814390728,-0.0417835448,0.01440536058,0.001970344458,0.02411321379,0.01639668633,0.004933206144,0.009641262733,0.07143697479,0.001133211006,0.08527424711,0.035016356,0.0006312911634,0.02513045913,0.02483557479,0.05890553672,0.04753630836,-0.04478380923,0.04072781292,0.03032383846,0.0008030461259,-0.1051911754,-0.0548839759,-0.06542664976,-0.04203076929,-0.1100593156,-0.05886722147,-0.06880419496,-0.03422178546,-0.07396673735,-0.04440680082,-0.007583024695,-0.04456456172,0.00968486683,-0.04811845173,-0.02496655925,-0.03253493011,-0.01335499448,0.005028383353,0.1179111552,-0.003309259731,0.00352916767,0.2779866729,-0.01604593346,0.01198865219,0.1204615832,0.1368764963,-0.005062626982,-0.06922984238,0.02313333942,-0.163113975,-0.01807272701
0.1053372631,0.1272178307,0.233449161,0.1710755109,0.02033329489,0.1224880967,-0.02221898201,-0.007390451873,0.05391150931,-0.03778029543,-0.03606837075,-0.05185002623,0.01128301006,0.005462559117,-0.028253113,-0.04643731199,0.06432817443,0.008837229028,-0.04411969314,0.1148590194,0.1267636648,0.1081979415,0.0279349741,0.04072560127,0.06517671315,0.02445546448,0.05391946424,-0.04007262167,0.0516776634,0.08401568589,-0.1424649891,0.004810279462,-0.03083982712,0.01415472743,0.004522879421,0.02444892883,0.02117771686,0.002902449827,0.01306898692,0.07287053203,0.008845036919,0.09013613113,0.03051409493,0.0006386472624,0.02156641232,0.02967155149,0.07093922053,0.04628418373,-0.04258558138,0.04315774507,0.02395279832,0.003050365678,-0.1047178729,-0.05766311204,-0.06916132752,-0.0479131127,-0.1095649057,-0.05753284573,-0.07191413115,-0.03733072815,-0.07321652785,-0.044086743,-0.01352089035,-0.04584209314,0.00150441319,-0.04655827207,-0.02184522085,-0.03838141952,-0.01313695469,0.009416368696,0.1248361009,0.003983063366,0.006042435584,0.263454552,-0.009942203303,0.01529266281,0.129013449,0.1373328029,-0.01147979389,-0.07363560115,0.0236587469,-0.1556406732,-0.01948847313
0.09916233113,0.124669194,0.221364038,0.1689617229,0.00809699049,0.1102900899,-0.02840172083,-0.005405794932,0.04209621786,-0.0443862283,-0.04199672255,-0.05278496535,0.008653833805,0.006082046313,-0.03093566466,-0.05272139486,0.06085401587,0.00631928019,-0.05374559051,0.1248389343,0.1411127666,0.115976566,0.02343228396,0.04414582171,0.07375278436,0.02457369655,0.06018714645,-0.04178747493,0.05830941082,0.08602644002,-0.1416959141,0.004200828053,-0.02652011116,0.01677065903,0.006653067925,0.03090916114,0.02806075344,0.000104360523,0.01396711677,0.07378510971,0.009035239016,0.09540764336,0.02998901043,-0.002911267146,0.02231670004,0.03134039103,0.07132492208,0.05119677208,-0.04187260375,0.06254349823,0.02329699436,0.005420185246,-0.1054853973,-0.05966137893,-0.07408217891,-0.05500158281,-0.1086436776,-0.05388257613,-0.07573718337,-0.04182868399,-0.07407447048,-0.05200779858,-0.01822983961,-0.04488236699,-0.005223979976,-0.04571301571,-0.01080099795,-0.03973292329,-0.01107664576,0.01142254027,0.127472723,0.0005763018883,0.002858901965,0.2576548028,-0.01202331336,0.01086825054,0.1357670311,0.1351016819,-0.0146880755,-0.07188333622,0.01995246416,-0.1509869487,-0.02646193078
0.09585412354,0.1185965087,0.2130136898,0.1660668012,-0.004413811108,0.1049854973,-0.03719546357,-0.003172271287,0.03731649785,-0.04446135525,-0.03770912152,-0.05466173992,0.004177499691,0.006456506838,-0.02830270951,-0.05902074768,0.05808867492,0.004931248841,-0.05821968716,0.1290525524,0.144818859,0.1158769235,0.02075215047,0.04920130846,0.07460075651,0.02569716946,0.0598386442,-0.04519920355,0.06457819536,0.08337347541,-0.1352870907,0.002001789296,-0.02884173684,0.0165262529,0.00477625803,0.032401315,0.03265561535,-0.002253795071,0.01277659912,0.07216821019,0.007831762369,0.09799922729,0.02539570972,-0.006241767705,0.01947312767,0.02902136617,0.0723088492,0.05131158981,-0.04376057648,0.06274346009,0.02140337917,0.005451599342,-0.1052530667,-0.05899314673,-0.07749276746,-0.05850477914,-0.106731255,-0.05286412641,-0.07620297409,-0.04207083073,-0.07433153446,-0.053236671,-0.02750044973,-0.04632093102,-0.005954374133,-0.04788895205,0.001132462445,-0.03762132419,-0.01054926297,0.01076714987,0.125177397,-0.001659403053,-0.0009725190392,0.24975313,-0.01597496646,0.01305895487,0.1371923865,0.1274151652,-0.02171767338,-0.07359120771,0.01627357161,-0.1470318999,-0.03741780505
0.0955123809,0.1140938327,0.209123744,0.1622581155,-0.0141237381,0.09723957537,-0.04458242029,-0.003857275749,0.03433355535,-0.04399362098,-0.04046262097,-0.05243922262,0.001708198921,0.00278488251,-0.02934215094,-0.06087741178,0.05571755531,0.001290437517,-0.05851215355,0.1234824118,0.1345791214,0.1123090714,0.02133013692,0.05039273182,0.07398171041,0.03016890928,0.05636065442,-0.04114514512,0.06565600603,0.0790966693,-0.1327965075,0.002128451499,-0.03106794772,0.01557224866,0.004531173506,0.03360268574,0.03472896734,-0.003284836409,0.01210795771,0.07082409171,0.01055509572,0.09446997963,0.02289367692,-0.007018070692,0.01744755799,0.02565386299,0.06751108818,0.04837863403,-0.04686760615,0.05891211983,0.01883576823,0.004031360006,-0.1054298421,-0.06232361981,-0.08188426532,-0.06324063596,-0.1059687632,-0.05270259952,-0.07913312426,-0.04359457456,-0.07762920286,-0.05827856045,-0.03048250752,-0.04627676614,-0.00666088656,-0.04981429449,0.004196477728,-0.03805899087,-0.005769948561,0.01402020358,0.1221135687,-0.007041402038,-0.00214431943,0.2406773527,-0.01739388214,0.01546743756,0.1307374574,0.1167420727,-0.02542368691,-0.07275726217,0.01178433579,-0.1469881318,-0.0359814376
0.09016502723,0.109700582,0.1994970811,0.1553886272,-0.02348155353,0.08765911727,-0.05264559427,0.0006123231814,0.02275983291,-0.04406130514,-0.03922373962,-0.05209200442,-0.0002966437509,0.003201417078,-0.02884498522,-0.05971516972,0.05072627043,-0.001644159892,-0.05470819302,0.1164189731,0.1276675656,0.1066993609,0.02139508999,0.0459741419,0.07418934924,0.03075787131,0.05296651268,-0.03584284894,0.0653971042,0.07876306751,-0.1240371106,0.002231316133,-0.02855633121,0.01454128261,0.004684877731,0.03156310786,0.0389236921,-0.003329204648,0.0106134055,0.06846569246,0.007341832703,0.08770269566,0.02174030649,-0.006713403033,0.01487547494,0.02485591885,0.06624660439,0.0461602525,-0.04902460084,0.05881949055,0.0173406412,0.004741920008,-0.1032048306,-0.06416933566,-0.08230572281,-0.06448695579,-0.1040408127,-0.05229997893,-0.08147043,-0.04437700303,-0.08084228663,-0.06016646834,-0.03451612365,-0.04924143462,-0.007923325109,-0.0591266556,0.002321163504,-0.03893421136,-0.00281810157,0.01226932122,0.1178320084,-0.009889090751,-0.005868744338,0.2328195423,-0.0154123633,0.01667190073,0.121904014,0.1072371417,-0.02630146742,-0.07591715557,0.008499305017,-0.1477523791,-0.03937308439
0.0852590401,0.1036192392,0.1907575243,0.1481934378,-0.0325035416,0.07995025387,-0.05854749389,0.004088017772,0.01851119924,-0.04476773704,-0.0428025541,-0.05271076459,-0.001214850665,0.001981973034,-0.02695239472,-0.05886900889,0.04937672274,-0.003139456046,-0.05498357183,0.1127487521,0.1197515292,0.1037893065,0.02125464503,0.0455731086,0.07151465284,0.03174940945,0.05198584076,-0.03218995159,0.06626065024,0.07733794218,-0.1188760816,0.002928348022,-0.02779375248,0.01539867046,0.005208784208,0.03209343658,0.0413865705,-0.002367281073,0.0080667295,0.06696648415,0.007347292912,0.08383484248,0.01791126032,-0.005195854382,0.01375263055,0.02143193023,0.06377008729,0.04380990123,-0.05035671701,0.05911215268,0.01705578878,0.004036010366,-0.1008862992,-0.06570397776,-0.08320088038,-0.06642728184,-0.1000556038,-0.05118239897,-0.08074474707,-0.046547705,-0.08130032694,-0.06195701393,-0.03985819384,-0.04998809165,-0.01028770319,-0.05819356892,0.004332763676,-0.03908126385,0.001348150094,0.01494775978,0.1167316053,-0.01298681093,-0.007931471421,0.2256414185,-0.01855789946,0.01296534933,0.11940645,0.1010969113,-0.03072628371,-0.07378418303,0.006841364204,-0.1459180916,-0.04045469228
0.08407915015,0.1002205179,0.184288409,0.1429478507,-0.0409500332,0.07419162602,-0.06529212747,0.007140364244,0.007525166181,-0.04422874594,-0.04049924996,-0.05282306984,-0.003950285713,0.001590249652,-0.02628141041,-0.06213767734,0.04855862824,-0.004000567188,-0.05135684354,0.1097927128,0.1150403147,0.09746200963,0.02110772422,0.0433717827,0.06815705944,0.03297547072,0.04845117246,-0.02725403477,0.06571915149,0.07475090963,-0.1129998932,0.003434925422,-0.02412435486,0.01460194696,0.005187746908,0.03179354951,0.0422809572,-0.001580242396,0.008539710656,0.06404947039,0.007695492465,0.08074805473,0.01741047469,-0.005897902476,0.01329726566,0.01980000631,0.06280250258,0.04239235466,-0.0497485725,0.05929965538,0.0153920295,0.004213674531,-0.09897511918,-0.06751638293,-0.08473318527,-0.06835668319,-0.09917538396,-0.05211116709,-0.08070434484,-0.04867820698,-0.0824891725,-0.06308338693,-0.04400098554,-0.05095008971,-0.01235672413,-0.05589458916,0.003131952027,-0.03792681212,0.002738310388,0.01707495765,0.1128139178,-0.01574643922,-0.01004926103,0.21808664,-0.01939582051,0.01193546064,0.1149285476,0.09427800831,-0.033664275,-0.07247906723,0.004360530197,-0.1423163452,-0.0442049215
0.08389668326,0.09641868985,0.1768554502,0.1397996976,-0.05007465358,0.06564579868,-0.07083988103,0.009921685735,-0.0004485267428,-0.04095064253,-0.04353246996,-0.05391429987,-0.008719224002,0.001188665266,-0.02318998498,-0.064931102,0.04455914121,-0.004417425711,-0.04956960286,0.1045025387,0.1073947913,0.09255009129,0.01911161142,0.04195933394,0.06393643713,0.0326895246,0.04441392168,-0.02589059482,0.06409772277,0.07002107344,-0.1076119558,0.005390942399,-0.01890774173,0.01544064066,0.005338282942,0.02910745595,0.04210790396,0.001784643618,0.007066113483,0.06362418364,0.007921747349,0.07611150127,0.01668762952,-0.00583820466,0.008292628302,0.01595937674,0.06264724661,0.04050741975,-0.05053612432,0.05727050393,0.0120380419,0.004774904809,-0.09939079257,-0.06950243902,-0.08631174778,-0.07199560556,-0.09735700333,-0.05175909189,-0.08371195327,-0.04988805138,-0.08421592748,-0.06214611401,-0.04767659541,-0.05078984129,-0.01616565376,-0.05571016812,0.003397841598,-0.04127917342,0.003944499611,0.017200658,0.1093048613,-0.01787292494,-0.01197208164,0.2127932804,-0.0170662652,0.01235347562,0.107955063,0.08506266692,-0.03738030716,-0.07100718205,0.004802327832,-0.1418960691,-0.04808853885
0.08092005178,0.09155969557,0.1679426074,0.1339811388,-0.05547330859,0.05811347902,-0.07808201185,0.01053307961,-0.00497676561,-0.03665060211,-0.04437934987,-0.0517730081,-0.0125443945,-0.0001538149365,-0.02309117394,-0.06372324134,0.04489225966,-0.002668933192,-0.0447348861,0.09334355202,0.09542403831,0.08347198468,0.01540385094,0.03880904059,0.06185016502,0.03364098708,0.03867704506,-0.01867310041,0.05933963882,0.0660394905,-0.1001805028,0.006926599666,-0.01629364111,0.01488158025,0.004462875936,0.03088283561,0.04260340131,0.003436727023,0.004565106649,0.05990874754,0.006540880705,0.0734051312,0.01624863678,-0.002616607122,0.005738375102,0.01245140012,0.06094782867,0.0388519458,-0.05071308824,0.05491238959,0.008622541192,0.004655950098,-0.09855880564,-0.06993595669,-0.08883462713,-0.07597818452,-0.09568786691,-0.0513128482,-0.08251149956,-0.05063418456,-0.08557440036,-0.06461830459,-0.05022263594,-0.0518079932,-0.01976430088,-0.05180200442,0.004124632306,-0.0386673905,0.005169015453,0.01714103263,0.1060300879,-0.01841346997,-0.01386004696,0.2034101056,-0.01778235448,0.01710540619,0.1002183326,0.08150958394,-0.03925140407,-0.07247885019,0.002493582288,-0.1413556929,-0.04626413654
0.0793198633,0.08680089633,0.1593860848,0.1284119394,-0.06524933276,0.05326219067,-0.08544290411,0.009212323142,-0.008622060517,-0.0349446204,-0.04471011404,-0.05215835256,-0.01372350281,-0.0001523055991,-0.01832520192,-0.06390981403,0.04127314284,-0.004213257753,-0.04121924953,0.08469557478,0.08541575506,0.07557475135,0.01326651742,0.03636784839,0.05750942177,0.03332751252,0.03537930662,-0.01363585843,0.05568722709,0.05962327385,-0.09411269288,0.00729194551,-0.01546736169,0.01403977086,0.00645045671,0.03062678614,0.04376770613,0.002403866201,0.001186894528,0.0555972983,0.004193112154,0.06470166244,0.01461282248,-0.002425316868,0.005022087162,0.009755674047,0.05627826977,0.03811315881,-0.05094099947,0.0572256407,0.006180194737,0.006670431363,-0.09961095223,-0.07087353227,-0.08989808013,-0.07887777662,-0.09277882953,-0.04985121849,-0.083623629,-0.04958767085,-0.08561389863,-0.06518365855,-0.05250161982,-0.0504596548,-0.0223218386,-0.05239715568,0.002100843911,-0.03959312949,0.009918403465,0.01893453001,0.1017036624,-0.01744590892,-0.01615537793,0.192511929,-0.0170914253,0.01721030859,0.09189516098,0.0781407054,-0.0439951777,-0.07492166132,0.003270099515,-0.1420852818,-0.04563054292
0.07645232815,0.08397201492,0.1507055624,0.123058878,-0.07335924358,0.04312782541,-0.09112884145,0.007960443624,-0.01336470636,-0.03337118635,-0.04752184726,-0.05255111196,-0.01672453042,-0.0003206721926,-0.01756602414,-0.06603767455,0.04096745881,-0.006015320947,-0.0356345193,0.07385651009,0.07375806314,0.06588453646,0.012068047,0.03217848211,0.05409033199,0.03443098137,0.03042971521,-0.009641208819,0.05307967621,0.053429707,-0.08775743051,0.007936031723,-0.01395443613,0.01451915204,0.00763470682,0.02988803505,0.04481678124,0.001770619294,-0.003502126707,0.05269220479,0.0007745763865,0.05951347179,0.01325798571,-0.001288796404,0.005014584582,0.006359269046,0.05070994674,0.03696162078,-0.05194362171,0.05396180166,0.005293073786,0.007074626065,-0.1021999487,-0.0719290668,-0.09351548707,-0.08032216577,-0.09024497199,-0.04666421133,-0.08407646333,-0.05042802578,-0.0844385488,-0.06739911535,-0.05558712818,-0.05163136465,-0.02124736661,-0.04965495409,-0.0001747826648,-0.0377920567,0.01342387865,0.01813165348,0.09419985856,-0.0204978155,-0.020191179,0.1831591548,-0.01593645709,0.01322937078,0.08324666502,0.07199622114,-0.04513088084,-0.07525585118,0.002486471774,-0.1452876773,-0.04607297551
0.07320234339,0.08186993533,0.143040624,0.1162370141,-0.07930876891,0.03289433664,-0.09745277625,0.008189815558,-0.015921734,-0.03185364309,-0.04748412715,-0.05265414854,-0.0198701424,-0.001587182409,-0.01698061281,-0.06579326635,0.03930712752,-0.007835272251,-0.03081242097,0.06443437676,0.0623905218,0.0600022693,0.01067982073,0.02578331493,0.05068391779,0.03180936866,0.02407598811,-0.004341708011,0.05234969129,0.04897177363,-0.08271302297,0.006059898602,-0.0139078804,0.01323924437,0.006383764584,0.02824057964,0.04340201476,0.002637182002,-0.006857384272,0.04725260463,-0.0006690624387,0.05322124971,0.01322992952,-0.002780886997,0.003946967516,0.002049626298,0.04398273416,0.03656782717,-0.0549629256,0.0516837746,0.003394459197,0.007720011215,-0.1003235504,-0.07075409284,-0.09305918648,-0.07903831976,-0.08646677925,-0.04817470608,-0.08360169254,-0.04952284472,-0.08494801249,-0.06692355628,-0.05472070001,-0.05214745407,-0.02079716775,-0.05120673995,0.0002080206868,-0.03734795305,0.01811964433,0.01607610682,0.08895572596,-0.0234865811,-0.02424626079,0.1753282,-0.01656006803,0.01166460515,0.07284417774,0.06491525715,-0.04605630509,-0.07579162276,0.0002734904996,-0.1478414594,-0.0450934601
0.0695216894,0.07827656264,0.1363798852,0.110669123,-0.08638906855,0.02682574323,-0.1027149856,0.006768708864,-0.01998498546,-0.02703846552,-0.04651077392,-0.05263445264,-0.02246965371,-0.00252666951,-0.01392329909,-0.0637781395,0.03796671388,-0.008771213759,-0.02458728448,0.05534600114,0.04958211983,0.05266531705,0.01068562201,0.02184141906,0.04469084307,0.03118519638,0.01981702135,-0.001023100273,0.04709753068,0.04390311476,-0.0762105219,0.004295240947,-0.01339271792,0.01011079246,0.006430529558,0.02571375981,0.0421647322,0.004477223058,-0.00791859925,0.04319504915,0.0005982723034,0.0490552029,0.01141258129,-0.002680828844,0.00260275535,-0.002582451553,0.03980147372,0.03262415914,-0.05515371808,0.04499556304,0.001195684775,0.005578372671,-0.098718204,-0.06993134109,-0.09673806782,-0.07831407333,-0.0841885457,-0.050380471,-0.08313439705,-0.04592538389,-0.0848497031,-0.06614512743,-0.05654923493,-0.05362900213,-0.01831528463,-0.04732518088,-0.004589636407,-0.03497340116,0.02084174788,0.01502720428,0.08411310696,-0.02463088146,-0.0280003076,0.1657504388,-0.01950013007,0.01441906193,0.06597100349,0.05865594191,-0.04847393003,-0.07716888086,-0.00313787518,-0.1493696762,-0.04273979888
0.06658633651,0.07386782565,0.130412563,0.1042134885,-0.09247592667,0.02182850921,-0.1083275992,0.007820074724,-0.02153947638,-0.02521807751,-0.04531205096,-0.05082760496,-0.02494057877,-0.004057515027,-0.01231783439,-0.06177982647,0.03794163559,-0.009775055161,-0.01906238873,0.04695756113,0.03744025518,0.04457223507,0.01178762927,0.01732682516,0.04216132169,0.03297361949,0.01572124306,0.005835538035,0.0436537512,0.03885557281,-0.07186787365,0.003001380997,-0.01136828928,0.00725544464,0.006599771582,0.02237937505,0.04007560387,0.005615345602,-0.0140439465,0.03944298961,0.0004813429379,0.0413067108,0.01062375213,-0.001290570485,-0.0004231600164,-0.004911251339,0.03568698564,0.02694111548,-0.0565261762,0.03407195416,-0.002136759072,0.005209326852,-0.09571262721,-0.06888063987,-0.09569418406,-0.07559504374,-0.08166178297,-0.05081455779,-0.08235304981,-0.04481530943,-0.08357330983,-0.06421276784,-0.05738875665,-0.05566609035,-0.01781651374,-0.04631760124,-0.008728896579,-0.03516073937,0.02257003693,0.01479337208,0.07686836314,-0.02668050291,-0.02899994842,0.1554189582,-0.01520187214,0.0137599195,0.05927866905,0.05202139174,-0.05238165017,-0.07671935882,-0.004168899789,-0.1499295778,-0.03665422783
0.06641473026,0.07179242338,0.1247860864,0.09788641877,-0.09546317732,0.01112630071,-0.1131705353,0.009002610324,-0.02407661668,-0.02582940242,-0.04768596144,-0.04903411959,-0.02554044749,-0.006637475856,-0.01235822628,-0.06041658985,0.03587740504,-0.01012804096,-0.01417740441,0.03868244514,0.02811807328,0.03828445003,0.01158117788,0.01436717319,0.04102032123,0.03290738667,0.01394548226,0.01065056921,0.04037159643,0.03513946839,-0.06852771547,0.002728638381,-0.007255561876,0.005395239463,0.00727735026,0.02115350126,0.04164586142,0.005595294672,-0.01680638466,0.03403573884,0.003043758373,0.03573885951,0.009585188262,-0.001527676373,-0.002107614163,-0.006745974429,0.02998819025,0.02488506427,-0.05486560584,0.02891063087,-0.002994788863,0.00363247885,-0.09123186868,-0.06800811807,-0.09576966058,-0.07381337536,-0.07811708519,-0.05090668429,-0.0823853983,-0.04481380071,-0.08296251185,-0.06370367944,-0.05766672314,-0.0560255765,-0.01861858992,-0.04366517612,-0.01391859523,-0.0372849946,0.02488433402,0.01440871289,0.07277793329,-0.02717183817,-0.03096287466,0.1476144549,-0.01260236997,0.01227363134,0.05035950788,0.04656606653,-0.05258391034,-0.07522129927,-0.003622195794,-0.1407762658,-0.02574240137
0.06307614555,0.07052307937,0.1181076918,0.09168735886,-0.1002214823,0.005227064061,-0.117958679,0.006582624345,-0.02822678117,-0.024327453,-0.05144339175,-0.0489511651,-0.02612738542,-0.007796068445,-0.01309720812,-0.05315808164,0.03570059826,-0.01053422281,-0.008964753103,0.02932134145,0.01881446249,0.03097065753,0.01162451884,0.009955302233,0.03897876026,0.03183723992,0.01179845702,0.01617705507,0.03554673192,0.0330116548,-0.06531355885,0.004548594278,-0.004355045282,0.00459420897,0.007857013907,0.01807843872,0.0390252445,0.006720299149,-0.01862446013,0.03011197262,0.002424206654,0.03202081814,0.01137285235,0.003023683371,-0.00382382923,-0.008126713292,0.02360958672,0.0210598998,-0.05620806744,0.02643833318,-0.003380485922,0.00274796262,-0.08959200729,-0.06897020856,-0.09618648529,-0.07331971213,-0.07618354074,-0.04937220816,-0.08276094333,-0.04100288087,-0.08303720372,-0.06545941292,-0.05674450756,-0.05630496152,-0.01892557491,-0.03954677923,-0.02023201697,-0.03613348905,0.02691621319,0.01602420756,0.06759223769,-0.0278366552,-0.03190935014,0.1374049494,-0.01431752473,0.01760258206,0.04524659435,0.04468900155,-0.05511872522,-0.07386600507,-0.005308928937,-0.1112452319,-0.0144634713
0.05639370913,0.06749706499,0.108233596,0.08406520579,-0.1046115144,-0.0008733371036,-0.1227620576,0.004401629725,-0.03051984474,-0.02221788415,-0.04979598963,-0.05040395004,-0.02811944996,-0.008065082691,-0.01422890396,-0.05153666165,0.03439129848,-0.009318112287,-0.003501135121,0.0245301917,0.01478938606,0.02655799074,0.009803186488,0.005662270909,0.03470812882,0.02876619026,0.009112913082,0.02069163349,0.03273850774,0.03182036233,-0.06092283266,0.004833073876,-0.0004870234502,0.003551826946,0.008780268282,0.01677470798,0.03650386832,0.006198499167,-0.02092911354,0.02798083354,0.00398663536,0.03037116387,0.01066645989,0.002394727403,-0.005709894362,-0.01081799483,0.02064026505,0.01850638079,-0.05593139236,0.02223513484,-0.003561304671,0.002171269626,-0.0869712698,-0.06644221184,-0.09659649452,-0.07079366704,-0.07067045797,-0.04922974449,-0.08126579355,-0.03961257453,-0.08196964519,-0.06380183455,-0.05641142299,-0.05730091951,-0.02006544741,-0.041332233,-0.02353913982,-0.03477222874,0.02758774546,0.01451634088,0.06433710383,-0.02438691191,-0.03671999748,0.1291014438,-0.01285921262,0.01419536127,0.0405246537,0.04254732819,-0.05800676743,-0.0733811932,-0.004903664635,-0.08177417419,-0.01106736943
0.05280185923,0.06719989207,0.09937508402,0.07855305384,-0.109283348,-0.006561731704,-0.1252073136,0.005803264087,-0.03811906451,-0.0219930858,-0.05275567127,-0.05143076289,-0.02881139799,-0.007297131792,-0.01343281323,-0.04931824957,0.03436302489,-0.008973227651,-0.0004589785755,0.01893885591,0.01050464507,0.02176183691,0.01154461632,0.002132646285,0.03349563015,0.02790554078,0.006017086365,0.02123334767,0.02822292304,0.03035883259,-0.05796603922,0.004897575566,0.003343828344,0.001095699985,0.008719432185,0.01414089225,0.03420874562,0.007119709157,-0.02393026842,0.02371349712,0.00165722929,0.02615817995,0.009238884848,0.002923935683,-0.006954864072,-0.01135340114,0.01813077143,0.0152314809,-0.05595712595,0.02180101251,-0.006312811148,0.002109802711,-0.08545015699,-0.06622728183,-0.09591551886,-0.06748703293,-0.06598501753,-0.05040796649,-0.0812094618,-0.03538116088,-0.07797357211,-0.06151056079,-0.05617415084,-0.05698586734,-0.01960263945,-0.03782517657,-0.02824363852,-0.03386672868,0.02815908176,0.0130703502,0.06009517657,-0.02058334346,-0.03855854771,0.120376204,-0.01601246154,0.01633247712,0.03694576195,0.04308292584,-0.05971520506,-0.07464259824,-0.005022266616,-0.05573252312,-0.008344028447
0.05346088766,0.06610162412,0.09372372573,0.07419632017,-0.1105886042,-0.01046028155,-0.1272877323,0.00195325243,-0.03786235662,-0.02039409945,-0.05314618537,-0.05195691372,-0.0304725544,-0.007924915552,-0.01352904894,-0.04981932183,0.03367122556,-0.006280083707,0.001988049627,0.01119131513,0.001247884953,0.01596495634,0.01061961558,-0.001140995343,0.02982203845,0.02820845648,0.001462432706,0.02129508835,0.02213295861,0.02513753695,-0.05939672345,0.004927538475,0.004254985567,-9.98E-06,0.00881992831,0.01392181909,0.03133558012,0.008854669742,-0.02642327715,0.02028508839,0.00278700721,0.02524904687,0.008035170479,0.001415213083,-0.007919945886,-0.01253770981,0.01337518679,0.01363566628,-0.05419590867,0.0152153455,-0.009044616424,7.96E-05,-0.08476620569,-0.06527346458,-0.09690241566,-0.06720432173,-0.0614383058,-0.05238569457,-0.08208207004,-0.03095429547,-0.0765205128,-0.05736672545,-0.05595287533,-0.05731503872,-0.02158055105,-0.0350184446,-0.03017380273,-0.03386967486,0.0315851677,0.01470122989,0.05485190019,-0.02046385383,-0.0393899125,0.113446203,-0.01721932245,0.0108950931,0.03414568127,0.04238587725,-0.06243131493,-0.07334924571,-0.003386462971,-0.03132091592,-0.004533831817
0.04849814757,0.06342691279,0.08797004556,0.06884052333,-0.1170554187,-0.01409483411,-0.1310676957,-2.85E-07,-0.04224627793,-0.01915693656,-0.05169879494,-0.05087634265,-0.03136249399,-0.008862993938,-0.01227568044,-0.05003030495,0.03641102071,-0.004920868306,0.00558681942,0.00405618136,-0.00410500739,0.0119412159,0.008926585972,-0.002148743331,0.02468738783,0.02720012017,-0.0009911652203,0.02324770679,0.01797992065,0.0220046168,-0.05895452008,0.004919834465,0.004531778671,-0.001670415354,0.008839494664,0.01288240581,0.02584969587,0.008365495003,-0.02983641432,0.01595760169,0.003284776045,0.02550177543,0.007453991745,0.0006901906434,-0.00788334997,-0.01598502079,0.007229876862,0.009291420984,-0.05606458318,0.01236096683,-0.009899386305,0.0005076489097,-0.08494752934,-0.06255627197,-0.09879162292,-0.06555990524,-0.05684839179,-0.05113438872,-0.08136697713,-0.02857568268,-0.07421448865,-0.05667309307,-0.05436542764,-0.05501273084,-0.01991757259,-0.02897704233,-0.02777637156,-0.0323906957,0.03205878813,0.01864214737,0.05029702458,-0.01567879312,-0.04059211107,0.1050501542,-0.01673993277,0.009258797924,0.03142479683,0.03964549,-0.06595050741,-0.07165268632,-0.0035519313,-0.008103677077,0.0003997161353
0.0485482045,0.06387934149,0.08588209288,0.06661123405,-0.1197748599,-0.01938495569,-0.1351693752,-0.001442311411,-0.04478820195,-0.01854020784,-0.04851620012,-0.05199437455,-0.03132436318,-0.008300539334,-0.01266970469,-0.05064877012,0.03620697316,-0.003945825825,0.009259485415,0.001026390608,-0.004249383972,0.01119692261,0.007820025381,-0.005270840873,0.02564464186,0.02456520604,-0.002813059472,0.02397033228,0.0148434727,0.02129026961,-0.05794935,0.004567130435,0.005103289171,-0.005638477349,0.008925891913,0.01041817011,0.01893751895,0.0060973156,-0.03048996598,0.01048467185,0.003699347472,0.02456223418,0.007248731289,-0.0005617337713,-0.01033540136,-0.01600646453,0.001375415853,0.005497229929,-0.05949406489,0.008046610202,-0.01266067251,0.0008189276967,-0.0838346748,-0.0612283302,-0.1003401568,-0.06204969466,-0.05586728215,-0.05458229433,-0.08197465705,-0.02706871851,-0.07282634843,-0.05642480797,-0.05206532688,-0.05476550624,-0.01742847726,-0.02956970294,-0.02688406945,-0.03156499852,0.02933686733,0.01881386842,0.0469421411,-0.01165627586,-0.03955382059,0.09772356665,-0.01374356004,0.006806405376,0.02941498508,0.03281154991,-0.06771552413,-0.07005396613,-0.001094950793,0.02819237422,-0.0005830910414
0.04358244303,0.06311748693,0.07936341859,0.06292622477,-0.1267430826,-0.02689123142,-0.1377544186,-0.003485645513,-0.04559385405,-0.018675303,-0.04935491791,-0.05185874319,-0.03034156242,-0.0096741622,-0.0162011939,-0.04906087649,0.03409032672,-0.003023979398,0.009546987827,0.002064480872,-0.003558501941,0.01386128527,0.007616103614,-0.004614901271,0.02604288291,0.02478409658,-0.001018215751,0.02122662665,0.01215840497,0.02076746192,-0.05930255728,0.003691898086,0.007137950585,-0.007207067563,0.01003795467,0.006432881708,0.01543195461,0.003064527374,-0.0355744401,0.004792981665,0.005088626883,0.02342178023,0.005801447646,-0.002400612794,-0.01290736899,-0.01696845473,-0.003838563066,0.001664992578,-0.06192419954,0.004354647692,-0.01351434395,0.001025213594,-0.08051547586,-0.0587808016,-0.09816000897,-0.05884127191,-0.05500471482,-0.05321184137,-0.08224870703,-0.02460469291,-0.07104723934,-0.05511818167,-0.05038889377,-0.05396989338,-0.01392937825,-0.0305158089,-0.02569730919,-0.03229353602,0.02803755695,0.01522133103,0.04411918422,-0.008950501082,-0.03988829898,0.09118609135,-0.01325323769,0.00772729125,0.02977111594,0.02906229217,-0.06900972041,-0.06670095534,-0.002298554246,0.05965908068,0.00166661713
0.03826905947,0.06099074632,0.07307290642,0.05801947315,-0.1323782046,-0.02968092146,-0.1428195535,-0.004978477633,-0.04639101372,-0.02108462873,-0.04699329023,-0.05018304701,-0.02957960765,-0.01064559694,-0.01594641776,-0.04489580831,0.03382940922,-0.0007985018293,0.006402316795,0.006006257401,0.002735559499,0.01936803616,0.007588513801,-0.003343196055,0.02888310459,0.02781393929,0.001659524515,0.02037194471,0.01242084304,0.02361051498,-0.06174864441,0.002575876663,0.003765337245,-0.01020619538,0.008010852631,0.005110117349,0.01264746686,0.0004491383528,-0.03853952353,6.60E-05,0.005077463789,0.0239662675,0.002180952478,-0.002697726963,-0.00946010042,-0.01667758958,-0.01094818053,-0.001141519823,-0.06486890201,0.004712784514,-0.013380475,0.001248986671,-0.07732766854,-0.05591438591,-0.09544805031,-0.05237351843,-0.05359289163,-0.05255959522,-0.08079845357,-0.02200332546,-0.06765678701,-0.05404258923,-0.04967982154,-0.05296835231,-0.01268529668,-0.02345867578,-0.02441296552,-0.03273008209,0.02694602658,0.01515549119,0.0416150622,-0.00663480034,-0.04073457654,0.08098183885,-0.01165886638,0.005711137774,0.03463919851,0.02743089081,-0.06911042491,-0.06140505091,-0.001916302791,0.09251349434,0.007740261481
0.03502483166,0.0584511277,0.06952149858,0.05356600863,-0.137276431,-0.0338897215,-0.1468953068,-0.006322068568,-0.05043373284,-0.02480430033,-0.0475298509,-0.0492685394,-0.02805305182,-0.009011386966,-0.01829366553,-0.04608310748,0.03362926703,-0.002974576372,0.0005121049442,0.0119193912,0.008107684892,0.02620125542,0.00777307548,-0.003378827757,0.03180131082,0.02669881456,0.006183061866,0.01526656549,0.01544429049,0.0241495024,-0.06378168354,0.00210856903,0.003190540059,-0.01332793481,0.01017661212,0.00255102937,0.009723958598,-0.00201624252,-0.0392722031,-0.00425045898,0.006850171213,0.02455693483,-8.30E-05,-0.006085866329,-0.008858476904,-0.01489743807,-0.01666663895,-0.003931493787,-0.06979545481,0.00262256779,-0.01382821666,0.001474016312,-0.07371986679,-0.05400413881,-0.0933319074,-0.0497005722,-0.05037451247,-0.05287235045,-0.08253272408,-0.02058342882,-0.06496404048,-0.05110058999,-0.0468600312,-0.05187591306,-0.01158653867,-0.0199895451,-0.02322178023,-0.03384264692,0.02484272058,0.01662395475,0.03605391419,-0.004114567173,-0.04034419732,0.07288659238,-0.01062146171,0.001355808887,0.03744907964,0.02371653002,-0.06901590244,-0.05974356431,-0.0009323196645,0.1223388101,0.007923980253
0.02984941088,0.05726584826,0.06437568266,0.04832414804,-0.144391711,-0.04045435942,-0.1488249796,-0.004010090993,-0.05375115546,-0.0250452329,-0.04683813061,-0.04785499178,-0.02750015497,-0.009865244322,-0.02093178913,-0.04779811768,0.03506389371,-0.002568815969,-0.001318640478,0.01541168233,0.01651863212,0.03018538141,0.009118095696,-0.003349891719,0.03679167766,0.0286583391,0.01071843587,0.01400894684,0.01529858368,0.02762184008,-0.06670185004,0.0001793868236,0.002068526736,-0.01601941101,0.01135306344,0.0007795540355,0.005323301211,-0.00248244365,-0.04120113228,-0.00593866619,0.007247472201,0.02490278056,-0.001122888778,-0.008368975164,-0.009014572239,-0.01598355455,-0.02009681278,-0.007680670844,-0.0720050084,-0.0001652081987,-0.01493991713,-0.001738982524,-0.06998222045,-0.05230154998,-0.09151692827,-0.04680497289,-0.04627836284,-0.05305598612,-0.08185941278,-0.01912036343,-0.06604113909,-0.04871425749,-0.046466976,-0.05278923214,-0.009526839641,-0.01384953588,-0.02160602559,-0.03278849318,0.02042864184,0.01646335257,0.03174568341,-0.006043382112,-0.03825393897,0.06847879998,-0.01189938491,-1.00E-04,0.04038575402,1.68E-02,-6.95E-02,-5.77E-02,-8.15E-04,1.63E-01,8.17E-03
0.025739925,0.0538136172,0.0605733442,0.0457721583,-0.1487338199,-0.04545586294,-0.1513037347,-0.004809483938,-0.05485210762,-0.02749277125,-0.04203816713,-0.0461275456,-0.02536531037,-0.01178487001,-0.02121480345,-0.04569233797,0.03491548962,-0.002054322081,-0.004683721778,0.02284522235,0.02170453158,0.03565234681,0.009131654503,-0.0004428966074,0.03823639696,0.0298788124,0.01458748153,0.01083690368,0.01611470764,0.02858637832,-0.06824789697,-0.001037639851,0.00218935477,-0.01937553748,0.009556594602,0.0002954169977,0.002221088986,-0.001388750344,-0.04063803916,-0.01089333908,0.01176601764,0.02730237709,-0.000796051509,-0.008302713249,-0.009418794551,-0.01703507696,-0.0240490809,-0.01014337305,-0.07249451847,-0.000511757487,-0.01501748174,-0.005069958744,-0.06564421628,-0.04992469226,-0.08709532697,-0.04542274914,-0.04455255247,-0.05511396873,-0.08121867244,-0.01711781032,-0.06674198614,-0.04617306198,-0.04524778539,-0.0494600978,-0.01087866279,-0.01341774838,-0.01733774105,-0.03301131358,0.01690711128,0.01799658103,0.02811472255,-0.006907464035,-0.0356926048,0.06542107842,-0.01345826252,-0.0004889242747,0.04431983981,0.01340872375,-0.07322784159,-0.05163354598,-0.0005168974845,0.2018829322,0.006684749186
0.02364933378,0.04968561245,0.0557263818,0.04429661641,-0.1516883989,-0.04902679997,-0.155446308,-0.002855433048,-0.05624959608,-0.03011315422,-0.04001364314,-0.04481718904,-0.02327749777,-0.01168676308,-0.02204283721,-0.04631981778,0.03349855008,-1.85E-05,-0.006283376621,0.02730261439,0.02606774929,0.03789401848,0.01034523523,0.001319207157,0.04001984148,0.03285870624,0.02041810054,0.007908346843,0.01711098574,0.02874758082,-0.0680670362,-0.001068947084,0.003220357409,-0.02130848031,0.009120029,-0.0003188548355,3.99E-05,-0.002965750377,-0.04103522496,-0.01142465342,0.01205739057,0.02662607898,-0.001957681596,-0.007901771006,-0.01090322159,-0.01733881751,-0.02489254276,-0.01173661094,-0.07621148857,-0.002358328373,-0.01678084547,-0.006112976541,-0.06131362722,-0.04814947311,-0.08285376262,-0.04344476893,-0.04305875899,-0.05242335247,-0.07995988466,-0.0154813399,-0.06478039388,-0.04486033139,-0.04517402689,-0.04602705347,-0.008563592668,-0.008393661918,-0.01717859546,-0.03219765728,0.01380328146,0.02054619521,0.02275360891,-0.004627527012,-0.03313047645,0.06081825262,-0.01231594924,0.000589599948,0.0488468525,0.01006034809,-0.07545543604,-0.0483087497,-0.0003752476282,0.2402119886,0.007093596208
0.02361177067,0.04691318769,0.04993077761,0.03933761427,-0.1565548631,-0.05089783634,-0.1577564985,-0.002065192566,-0.05476573208,-0.0323533408,-0.03698707962,-0.04178046765,-0.02023725676,-0.01040767505,-0.0240931097,-0.04397347882,0.03399295066,0.001176214406,-0.009477861611,0.02991762632,0.02937164153,0.0398679334,0.009666890117,0.001327887968,0.04288972205,0.03369155303,0.02304931389,0.005952622833,0.0177684696,0.02968374505,-0.06722526615,7.51E-05,0.005785496584,-0.0227324887,0.00908433775,-0.0009643038997,-0.002062251784,-0.004730504153,-0.04345355807,-0.01499159599,0.009296304418,0.02455470573,-0.001553707129,-0.01058129818,-0.009909463252,-0.01824376185,-0.02484399966,-0.01194856062,-0.07838823834,-0.002491943915,-0.01794300368,-0.00605782735,-0.05832101355,-0.04780112625,-0.07515876804,-0.04372581647,-0.03960612471,-0.04756206483,-0.07859835594,-0.01687529636,-0.06085843096,-0.04100737843,-0.04338250508,-0.0434803356,-0.01014247775,-0.007283399718,-0.01722804704,-0.03327473993,0.009134300846,0.02300171889,0.01927484112,-0.001980110855,-0.02893354689,0.05651622906,-0.008869764913,-0.00140365952,0.05136095477,0.007615509047,-0.07453995681,-0.04412445303,0.002011853684,0.2708387321,0.008074924475
0.02157838154,0.04569130449,0.04724341366,0.03579227007,-0.160030859,-0.05570671434,-0.1611203068,-0.0009526546307,-0.05276189487,-0.0309038855,-0.03366842297,-0.04211074084,-0.01932506417,-0.0105483453,-0.02446282653,-0.04509980255,0.03180465196,0.004240466393,-0.0100504747,0.02869632986,0.03158848033,0.04060377698,0.01021426795,0.00270483961,0.04296864735,0.03342919292,0.02428635927,0.004963613205,0.01765725157,0.02887208151,-0.06844049299,0.0007001830331,0.004460793048,-0.02439493911,0.007202415287,-0.002872603068,-0.004188655598,-0.006546869252,-0.04156301978,-0.01762201371,0.009819149769,0.0251859173,-0.002571488638,-0.0118796148,-0.007323199046,-0.02127974699,-0.02562294223,-0.01237850741,-0.08221957994,-0.002900635197,-0.01732549861,-0.007476173785,-0.05523275019,-0.04463143107,-0.0715886984,-0.04293291637,-0.03843569368,-0.0446309699,-0.07709203771,-0.01564705535,-0.06291373708,-0.03815013143,-0.0409313734,-0.03904547335,-0.01058634753,-0.005850485609,-0.01157302223,-0.03038537622,0.005868377033,0.02252387618,0.01549661043,0.002244097134,-0.02555289286,0.0510977277,-0.01174580349,-0.002962160622,0.05031428892,0.005165204214,-0.07402030722,-0.03979578495,0.002913908271,0.3016969812,0.00444959158
0.01650972982,0.04201929575,0.0433335043,0.03299940466,-0.1642459894,-0.05776034291,-0.1650065586,-0.002267107111,-0.05088969033,-0.02930057612,-0.03198956102,-0.04157972396,-0.01968321719,-0.009136284641,-0.02432945196,-0.04546150238,0.03136021431,0.006018319762,-0.009058690352,0.02694171284,0.03039551642,0.04228513336,0.008845435497,-0.0005771463643,0.04155858785,0.03434836177,0.02591244046,0.00201521777,0.01478266135,0.02773938109,-0.06978001592,0.001506699754,0.00160784868,-0.02698128364,0.006165148739,-0.001254946889,-0.006944632904,-0.006179132917,-0.04253180335,-0.01945008795,0.008967478496,0.02743906669,-0.004379380888,-0.01138850491,-0.005607317427,-0.02301811069,-0.0222714205,-0.01368998711,-0.08554165641,-0.006605672137,-0.01657589629,-0.006236468842,-0.05125152522,-0.04275162078,-0.06714982218,-0.0416375911,-0.03886167736,-0.04414540624,-0.07565362015,-0.0148001302,-0.06277110121,-0.03374252912,-0.03807955634,-0.03521224631,-0.0110253601,-0.008180258813,-0.01056621293,-0.02908598556,0.004676311317,0.02132837922,0.01138723672,0.00602077348,-0.02083706072,0.04600696443,-0.01335215581,-0.007213953917,0.05091038654,0.003254924069,-0.07367845842,-0.03718251486,0.002457224091,0.3144700914,0.0006591455526
0.01027090556,0.03872076947,0.03968461458,0.0292765752,-0.1672947355,-0.06360101628,-0.1682370833,-0.001001965861,-0.04634210162,-0.02770498645,-0.02901933994,-0.04037232674,-0.01896847488,-0.009339843953,-0.02380575799,-0.04899898946,0.03012324458,0.006204271818,-0.009121617586,0.02836696909,0.03014493515,0.04341134006,0.01055283339,0.001940558099,0.0401525885,0.03634477374,0.02841049963,0.00105605874,0.0128046551,0.02676371928,-0.06933188402,0.002150501591,-0.001826229061,-0.02761379189,0.004613967044,-0.002470370855,-0.01024686771,-0.00493133065,-0.04483866956,-0.02113962834,0.01043825658,0.02878081186,-0.005814299026,-0.01541220869,-0.003742676329,-0.02361633617,-0.01891416373,-0.01363461359,-0.08630066734,-0.009518091019,-0.01657153793,-0.004084044792,-0.04828974564,-0.03933002728,-0.0625704186,-0.03757765197,-0.03477042652,-0.04198133568,-0.07469500142,-0.0155086428,-0.0589134175,-0.02748006508,-0.03718334365,-0.03252345967,-0.009752282509,-0.004632672772,-0.005947109416,-0.0277970346,0.001523453876,0.021010702,0.008279693755,0.009338690041,-0.01911931274,0.04261189281,-0.01157357665,-0.01398192406,0.05068018419,0.001249202877,-0.07359074515,-0.03466912409,0.003682684495,0.3062396334,-0.008061127299
0.007075142323,0.03411474441,0.03770007449,0.02898888021,-0.1726004127,-0.06741673787,-0.1732729065,0.0003182769535,-0.0454054081,-0.0310071754,-0.02707168256,-0.03827096744,-0.01629667138,-0.008494791065,-0.02185538088,-0.04812163189,0.03028310658,0.005951496901,-0.00970392131,0.02696100079,0.02660145722,0.04187301306,0.01044581325,0.00307350492,0.04197886263,0.03823158617,0.0306251348,-0.0003194326929,0.01259996086,0.02206166226,-0.06937923105,0.002162497096,-0.008246920993,-0.02699562499,0.004074490746,-0.003822762196,-0.01179840726,-0.003374902645,-0.04678807388,-0.02477405371,0.00795272898,0.02879284054,-0.006813341773,-0.01559644698,-0.002486577792,-0.02248059667,-0.01623364274,-0.01044966282,-0.08740461235,-0.01158585049,-0.01560203336,-0.00252430002,-0.04420951018,-0.03818771083,-0.05565414463,-0.03611091433,-0.03452831643,-0.03838673998,-0.07283867877,-0.01278740542,-0.05827045083,-0.02366015487,-0.03598225801,-0.02893505788,-0.009860465648,0.0007197261577,-0.003521575464,-0.02544406663,-0.001360926412,0.02398659555,0.004006942587,0.01034686648,-0.01363428176,0.03889333024,-0.009905971481,-0.01676553938,0.04896053045,-0.0007495438718,-0.07157248885,-0.030764585,0.004038175195,0.2964486864,-0.008371984615
0.00451166422,0.03023893337,0.03397599422,0.02603581424,-0.1766646379,-0.07262104254,-0.1782968803,0.002488671527,-0.04063620998,-0.03102701509,-0.01982561737,-0.03498229302,-0.01528235556,-0.008582634505,-0.0220285148,-0.04912610603,0.0281769175,0.007293994879,-0.01016416434,0.02611186207,0.02596728143,0.04244256488,0.009462462424,0.004165571176,0.04035064447,0.0384403978,0.03247129256,-0.0009183914222,0.01092891306,0.0201700609,-0.06831700901,0.002169839172,-0.01416651203,-0.02597053963,0.001355294852,-0.004165568195,-0.01425573126,-0.003845023336,-0.04915146003,-0.02687268655,0.007794504255,0.02688217221,-0.005144379608,-0.01823188824,0.0009016704853,-0.0242020528,-0.01415980803,-0.008588339218,-0.08639439999,-0.0171236148,-0.01322796787,-0.002739870528,-0.03941080844,-0.0331887592,-0.05251837707,-0.03363283808,-0.03354792472,-0.03630871747,-0.07057214883,-0.01473637477,-0.05754819676,-0.01891248205,-0.03500991074,-0.02576040431,-0.01087979123,0.002667751209,0.0003643715183,-0.02507284876,-0.00461327495,0.02674444502,-8.44E-05,0.008673387852,-0.01056053074,0.03693420377,-0.00587384147,-0.01963537742,0.0486367915,-0.004343410032,-0.07335614128,-0.02597727943,0.004342911533,0.2867941966,-0.0141865812
0.0003581233426,0.02758965856,0.03121575745,0.0243683964,-0.1821018413,-0.07813225297,-0.1805893412,0.004425117934,-0.03299350682,-0.03139964615,-0.01592404235,-0.0328727464,-0.01334544237,-0.009026706741,-0.02279248178,-0.0449581005,0.0277846698,0.007554543163,-0.0104238732,0.02990930143,0.02825391818,0.043726511,0.01089858299,0.008591338162,0.04089505083,0.03789058317,0.03663897608,0.0002417956228,0.01060765337,0.01875689192,-0.06657418361,0.001856818546,-0.01691943274,-0.02722002349,0.0006614525089,-0.004515666106,-0.0157844432,-0.004264710838,-0.05089339356,-0.02751100878,0.01053848175,0.02848488938,-0.004382740703,-0.01926506851,0.001218487746,-0.02579961175,-0.01058646279,-0.009153038783,-0.08948404236,-0.01659289551,-0.01181518629,-0.001224070586,-0.03392666172,-0.03080706816,-0.04940565396,-0.02924809717,-0.03372913777,-0.03141822478,-0.06631714355,-0.01534618813,-0.05657888945,-0.0169173545,-0.03295471232,-0.02225210366,-0.007997949397,0.007983922556,0.005126162632,-0.02503230685,-0.008717785223,0.02598983984,-0.004478410305,0.01068793868,-0.00796791505,0.03259056564,-0.006641823444,-0.01737126246,0.04692156959,-0.006510260642,-0.07268655486,-0.02228743096,0.003188521247,0.2779619863,-0.01657974363
0.0001385016381,0.0242050514,0.02744784441,0.02093865349,-0.1852516805,-0.08289224522,-0.1847614935,0.006777254276,-0.023825875,-0.03318683935,-0.01190027319,-0.03180816377,-0.01161812839,-0.009001953607,-0.02102567542,-0.04296049648,0.02415106115,0.008740309455,-0.01207659971,0.03295679723,0.02724364985,0.04367246019,0.01141034365,0.0108899699,0.04203387267,0.03772592675,0.03932153626,-0.001430486767,0.01032303801,0.01897341484,-0.06560336651,0.001220358785,-0.02193213586,-0.02747113447,-0.0003315191444,-0.005336838771,-0.01800061637,-0.004587949966,-0.05031539731,-0.02682924033,0.01112600025,0.0286726378,-0.005646273635,-0.02000898491,0.003978936841,-0.02614775185,-0.00730007484,-0.007373276766,-0.08792890175,-0.01746190925,-0.01015422629,-0.001917938158,-0.03060100788,-0.02841340271,-0.04383834139,-0.0271818321,-0.03307996346,-0.0320184242,-0.06238887134,-0.01566316454,-0.0534590497,-0.01299141554,-0.03244760586,-0.01996345358,-0.007299836976,0.00840925702,0.005916999733,-0.02332493518,-0.01085215771,0.02784272744,-0.007748742069,0.008470310926,-0.003636505845,0.02961201237,-0.006423245111,-0.01810125103,0.04567957943,-0.007251777483,-0.07203627611,-0.02080191601,0.00337395506,0.2688678401,-0.019686981
-0.004401163511,0.01936916712,0.02312319399,0.01619456034,-0.1885828578,-0.08645279314,-0.1867725976,0.005522946554,-0.01798652321,-0.03369286723,-0.01100663936,-0.02808973256,-0.01308460112,-0.008375905585,-0.02077415232,-0.03929964049,0.02247404328,0.01103289085,-0.01279007744,0.03209223987,0.02671722327,0.04209390297,0.01300896753,0.01233354172,0.04122392277,0.03757296049,0.04160450271,-0.003011780456,0.009213179067,0.01526010619,-0.06387869216,0.000191976933,-0.02412086488,-0.02734875194,-0.001966100689,-0.004630384536,-0.01615051984,-0.004400128254,-0.05247784444,-0.02409193236,0.009953066451,0.02797976871,-0.005974981316,-0.01996339103,0.005766843223,-0.02638276246,-0.006238681112,-0.006737269979,-0.08773135096,-0.01936723816,-0.009149394211,-0.001297474857,-0.02726052381,-0.02570753137,-0.03978170632,-0.02413971984,-0.03185501227,-0.02676198985,-0.05894039796,-0.01387110168,-0.04993567609,-0.007223221527,-0.02995959493,-0.01606202984,-0.008635273198,0.01373505132,0.006231875092,-0.02385627119,-0.009922747449,0.03095675028,-0.01187673857,0.005504348164,-0.002269605012,0.02454978694,-0.008416059493,-0.01648306604,0.04619302183,-0.008583203593,-0.07306119534,-0.01890585843,0.002187269728,0.2441797083,-0.01485409433
-0.005756375189,0.01450676062,0.01818249901,0.01171849886,-0.1892370601,-0.08783205449,-0.1910209247,0.005195372425,-0.01016924149,-0.03398065852,-0.005507348176,-0.02314644816,-0.01391602133,-0.008843925975,-0.018662795,-0.03693041041,0.02161002033,0.01238531626,-0.01194447726,0.02844230348,0.02374444839,0.03964759084,0.01376596722,0.01521536921,0.04035133767,0.03673767968,0.04220322113,-0.0002476800143,0.008645399206,0.01446706124,-0.0615210051,0.001446773936,-0.02971571787,-0.02771841956,-0.003227173023,-0.003381429257,-0.01600405066,-0.004443877798,-0.04984377583,-0.02085601236,0.007141220578,0.02704132097,-0.00467206581,-0.02024436107,0.008509577894,-0.02605249214,-0.002599997285,-0.004500242509,-0.08950665673,-0.01925310608,-0.007717017738,-0.005207203439,-0.02495276833,-0.02256374449,-0.03750526438,-0.02169425132,-0.02909260078,-0.02420927841,-0.05447296946,-0.01110119603,-0.04640805598,-0.005570287723,-0.02795754011,-0.01108842283,-0.009611619897,0.01403992907,0.009874756308,-0.0218593419,-0.008296925615,0.03291417542,-0.01582043374,0.003627515373,0.0004883747517,0.01858478221,-0.00668450575,-0.01565455351,0.04406881151,-0.01108282417,-0.07224135851,-0.01816451167,0.003183407281,0.2216952266,-0.00849420936
-0.008414455168,0.01058628059,0.01600681265,0.007998484116,-0.1913446252,-0.09100948611,-0.1909585594,0.00348012611,-0.006427304885,-0.0349390622,-0.002014909581,-0.02114318216,-0.01352172222,-0.009332523666,-0.01953469959,-0.03636157641,0.01968018618,0.01405424883,-0.007608807276,0.02138531814,0.01759697,0.03096224202,0.01581459511,0.01449664514,0.03730226596,0.03460592239,0.03975093475,0.002786651769,0.005678742177,0.007460403225,-0.05764025431,0.001675955291,-0.03106922225,-0.02765983998,-0.002965788736,-0.003721565383,-0.01532230434,-0.004285735995,-0.04852632829,-0.01649421569,0.006888837582,0.02446899084,-0.001550347314,-0.02212022967,0.008918343435,-0.02673154404,0.003328404893,-0.001551799286,-0.08777969891,-0.02048661441,-0.007161344677,-0.006226416332,-0.02292961468,-0.02070500919,-0.03496571744,-0.0212026954,-0.02540870977,-0.02233896793,-0.05002418472,-0.009571844464,-0.04217196838,-0.002126587163,-0.02392521884,-0.007461862265,-0.007759848366,0.008669642771,0.01297467937,-0.01663340633,-0.005640792679,0.03638833546,-0.02046408865,0.002662172225,0.006669011374,0.01468601398,-0.006460985255,-0.01581982319,0.03830117785,-0.009399831722,-0.071675926,-0.01860352924,0.002094027414,0.1991948298,-0.01004429774
-0.01170686175,0.008919568624,0.01051953749,0.005806420351,-0.1959675563,-0.09642534442,-0.1917883748,0.005113046952,-0.001871868742,-0.03574083269,0.001699095049,-0.01711278336,-0.0135187752,-0.01123685474,-0.01872162077,-0.03215092858,0.01592489779,0.0149106304,-0.004959636672,0.01521710269,0.01189589694,0.02464503692,0.01713786052,0.01623886379,0.03306104583,0.03362689718,0.03703650412,0.00624542753,0.001664778571,0.005168888779,-0.05592731519,0.0009025296169,-0.03490559703,-0.02481995607,-0.00651976023,-0.003072814862,-0.01534773257,-0.003770823564,-0.04944499041,-0.01134415244,0.006971590083,0.0211253528,-0.00106414397,-0.02130903126,0.01305684966,-0.02777775133,0.008003289197,-0.001083806197,-0.08533994666,-0.0201441669,-0.005442698426,-0.00729735777,-0.01749604012,-0.01821324054,-0.03149541716,-0.0176453478,-0.02190894574,-0.01827694894,-0.04632150651,-0.007066937519,-0.03783396477,0.001914138862,-0.02482052796,-0.0054029954,-0.005744992592,0.003014743525,0.01417991605,-0.01492308849,-0.004335477848,0.03675052176,-0.0204171571,0.001380638996,0.00916037025,0.01105313945,-0.007695102935,-0.01173819731,0.03235634349,-0.01109026852,-0.07199636165,-0.01383189356,0.001176385739,0.1783858531,-0.005243756267
-0.01291974191,0.002414025463,0.001672682459,0.005851257478,-0.1990678634,-0.1002512416,-0.1925878985,0.004863175368,0.004492938713,-0.03866243927,0.00662458092,-0.01428313924,-0.01191349186,-0.01136658229,-0.01806016967,-0.02992643921,0.01331691697,0.01691311535,-0.001240249473,0.01116698535,0.003228558089,0.02022563089,0.01752290368,0.01913680798,0.02688234315,0.03046685146,0.03275419193,0.00498192219,2.89E-06,0.0001221201303,-0.05360877267,0.001235559985,-0.03762873428,-0.02063363531,-0.00821667657,-0.003248969088,-0.01458719726,-0.004763582525,-0.04835460902,-0.007170256757,0.008752467598,0.01982045075,-0.0003214516506,-0.0205825452,0.01240583417,-0.02820644293,0.01341246461,0.0008005239704,-0.08712648163,-0.02247910618,-0.003215293484,-0.007092328436,-0.01417470733,-0.01794436031,-0.02883983814,-0.01398030598,-0.02053863558,-0.01611620253,-0.04205195108,-0.005862641296,-0.03367134744,0.00572599849,-0.02059882403,-0.002669497925,-0.00479435472,0.0001481228285,0.01532110633,-0.0132608061,-0.001960875214,0.03822543494,-0.02196108205,0.003399972183,0.008197923112,0.00754264978,-0.006563123264,-0.01086788327,0.02601055566,-0.01254701202,-0.07021696497,-0.0102204814,0.001655767522,0.1438003053,-0.002408542903
-0.01733646953,-0.002538029229,-0.007621021304,-0.002958385697,-0.2037571872,-0.1045999389,-0.199510986,0.004749329933,0.008458903472,-0.03952040935,0.006028825035,-0.01119327754,-0.01416278906,-0.00979385266,-0.01688546144,-0.02693732593,0.009506114218,0.02006919609,-0.0003390209569,0.007478238558,-0.0009058488536,0.01636154558,0.01811598346,0.02098265802,0.02597123616,0.02698558344,0.02819084932,0.007844566685,-0.001274187945,-0.0007618168597,-0.05190005662,0.001525287616,-0.043844703,-0.01650238898,-0.007179132485,-0.005144981097,-0.01492617614,-0.006835919843,-0.04936103699,-0.002529431836,0.00632825612,0.01553987907,-0.003008922707,-0.0221517196,0.01216049982,-0.0281678167,0.0146926095,-0.001048257759,-0.08826447815,-0.02395328656,-0.0009065679388,-0.005058161005,-0.009303561489,-0.01561148138,-0.02618179611,-0.009270818739,-0.01899817689,-0.01311705746,-0.03644654105,-0.002556752042,-0.02870044079,0.008776017,-0.01759426931,-0.001143331312,-0.004354655267,0.00253438842,0.0148131602,-0.01172155848,-0.001696287898,0.03775646045,-0.02401766865,0.004861155716,0.01023038345,-0.005532785151,-0.005900124784,-0.01034906631,0.02188835177,-0.01591527226,-0.06884356693,-0.0102989177,-0.0003482416838,0.1118964497,0.003714668782
-0.02330406364,-0.01030748788,-0.01634258145,-0.01254754473,-0.2052719756,-0.1094582008,-0.2050694308,0.002077044165,0.01457006677,-0.03821832357,0.008712183079,-0.007930941552,-0.01294176091,-0.008471974914,-0.01405685438,-0.02120350757,0.007127356077,0.02225716482,-0.001337898026,0.005372393283,-0.0009332826108,0.01568984458,0.0182737648,0.02345258437,0.02495991285,0.02646957086,0.02722034184,0.008762657967,-0.001694727238,5.57E-05,-0.04900977641,0.001182148967,-0.04861818965,-0.01342981333,-0.008715271677,-0.008218321137,-0.009888400273,-0.00895381922,-0.04829254374,-0.0008506745708,0.005252837614,0.01289617594,-0.003281275552,-0.02398829232,0.01432024238,-0.02813601765,0.01399293351,-0.002002885831,-0.08715278708,-0.02665912945,0.002075718964,-0.004120240812,-0.007676023067,-0.01236279855,-0.02482601922,-0.005429761743,-0.01552763668,-0.01349980984,-0.03176602189,-0.003067768827,-0.02517927768,0.0134947166,-0.01534995595,0.002342729273,-0.005588433681,0.001357784459,0.0139470977,-0.008312899644,-0.004027684611,0.03917554413,-0.02442613904,0.003898099782,0.01129788178,-0.01706982185,-0.00795853513,-0.01100251371,0.02014167475,-0.01871256799,-0.0681023047,-0.006871594271,0.0002062733695,0.07887691702,0.009435378446
-0.03034706509,-0.01875147941,-0.02504075958,-0.02125994169,-0.2052136284,-0.1169988459,-0.2122182809,0.001775900108,0.01790130302,-0.03571165214,0.009782927096,-0.006228366272,-0.01412183152,-0.008512550936,-0.01136098936,-0.02202596699,0.004398760628,0.02152534444,0.0002376745725,0.005389336192,-0.001955465872,0.01522353664,0.01899592308,0.02815008094,0.023539802,0.0264540754,0.02633337952,0.0081802005,-0.0008758259344,-0.001047044172,-0.04839369657,0.001566444606,-0.0575070466,-0.009395130523,-0.0100322677,-0.008057784235,-0.008854190404,-0.01062128633,-0.04642112092,0.00134990788,0.003949708169,0.009966391971,-0.004683911756,-0.02177521532,0.01496758995,-0.02755392079,0.01269046289,-0.003444543285,-0.08853439492,-0.02798995255,0.005374004615,-0.005437713094,-0.005047870458,-0.00988687969,-0.02364697277,-0.001959478989,-0.01199962014,-0.01166663488,-0.02616185774,0.0003103928009,-0.0255151584,0.01572583221,-0.01247792558,0.004042709818,-0.00574847604,0.0002014453019,0.01797472307,-0.00830297232,-0.00314730197,0.03746014758,-0.02787740076,0.004332878471,0.01264294291,-0.03010040096,-0.009070821036,-0.01012115133,0.0183524811,-0.02290762125,-0.06987887915,-0.005354435674,0.0009035941755,0.05039465784,0.01001119916
-0.03827488192,-0.02706875368,-0.03606459619,-0.02864276519,-0.200253277,-0.1203698282,-0.2169600069,0.0009649731914,0.02007305384,-0.03645297719,0.01095153737,-0.003155806065,-0.01270178937,-0.007927380804,-0.01060940199,-0.0165206546,0.003232829921,0.02143346886,0.0008901631934,0.004153559116,-0.004718479154,0.0139154045,0.0184947194,0.03042973602,0.02078093181,0.02484429576,0.02656385004,0.006230919398,-0.002492653393,-0.002394364013,-0.04498475119,0.0011417934,-0.06185800785,-0.007345326366,-0.0104774092,-0.008306513083,-0.01029117448,-0.01251375434,-0.04591233492,0.00483007564,0.002494704019,0.004337724326,-0.0057152018,-0.02167617727,0.01290508915,-0.0264319731,0.01026924806,-0.00528953879,-0.08962269182,-0.02943193394,0.007545353266,-0.007216204688,-0.002864731634,-0.008170095727,-0.02073031316,0.001707281949,-0.006613230246,-0.008735160051,-0.0228321438,0.00203748353,-0.02043436628,0.01886595525,-0.009130313486,0.005812871141,-0.003942970586,-0.002697553797,0.01703242595,-0.00646270261,-0.001438044412,0.03552828577,-0.02864698188,0.005811666625,0.01366402634,-0.04011811433,-0.008006683766,-0.006943667933,0.01582519146,-0.02702452117,-0.07212985784,-0.003901649537,0.001595520798,0.02317226938,0.01464548255
-0.04301938851,-0.03364672886,-0.04672427324,-0.03797998793,-0.1980812781,-0.1243622358,-0.2199920317,0.001769409331,0.01846174964,-0.03917618687,0.01564840449,-0.002785754884,-0.01029317271,-0.007696527639,-0.01082640675,-0.01058658965,0.001830253107,0.02068717878,0.0002467054142,0.007382443703,-0.005859480739,0.01348012446,0.01876501861,0.0347520735,0.01950386689,0.02449784192,0.02431645913,0.008699851197,-0.002730427014,-0.003768094891,-0.0409235863,0.001249597828,-0.06468747106,-0.006041592823,-0.01072461135,-0.01284928827,-0.01319590052,-0.0148481358,-0.04646687006,0.008753998707,-0.0008361852814,-0.00304877164,-0.0054209582,-0.02146874288,0.01191533219,-0.02626166029,0.006033914303,-0.008809044538,-0.09148569975,-0.02912317232,0.006425573895,-0.008498912038,-0.002541240434,-0.006054236891,-0.01813995369,0.004057533689,-0.002818102887,-0.005520467452,-0.0182895173,0.003431099305,-0.01663299233,0.0230745933,-0.005213649839,0.006823917302,-0.001603810708,0.001425824388,0.01455014301,-0.005316769167,-0.0003348967425,0.03505578415,-0.0288075231,0.004469972723,0.01409137864,-0.05229229744,-0.004426087618,-0.005397012487,0.01389082872,-0.02997401804,-0.07534536888,-0.001883748735,0.0006952876237,0.0007750996232,0.01969977633
-0.04709127045,-0.04152274168,-0.05709484495,-0.04863080768,-0.1965593536,-0.1280895076,-0.224377028,0.002021895904,0.01748216398,-0.03962601516,0.01632720802,0.002924433742,-0.008888587379,-0.008191640637,-0.009575026215,-0.006571630444,-0.00199455734,0.02282850731,-0.0002181973673,0.006366748564,-0.004791182288,0.01238894815,0.01778089203,0.03567880058,0.01718794889,0.02171376684,0.02115931788,0.008369547846,-0.002187933399,-0.005859206664,-0.03663648757,0.001059505273,-0.06600624501,-0.00576908438,-0.01199664639,-0.0137166239,-0.01522027035,-0.01855014933,-0.04569569297,0.01268137238,-0.005694315275,-0.009920431466,-0.007166468729,-0.01965736211,0.01324970764,-0.02741265784,0.002715369109,-0.01214928309,-0.09709728589,-0.02628709785,0.006989928241,-0.01075426961,-5.89E-05,-0.003567301561,-0.0131785114,0.004454538296,-0.002109509627,-0.002893959837,-0.01391081354,0.003721308171,-0.01482450676,0.02543478355,-0.001073468471,0.01148851664,-0.0009844438367,-0.0002934008363,0.01139347096,-0.004535648874,-0.0007561218383,0.03370969535,-0.03174012964,0.004653781599,0.01572657694,-0.06343800062,-0.003769678687,-0.005439383488,0.01086854458,-0.03806518805,-0.07529398629,0.00125700222,0.0024424076,-0.01941937784,0.02606490905
-0.05163118057,-0.04857098214,-0.06624307576,-0.05937522642,-0.1910843016,-0.1319681331,-0.2266034707,0.00174171846,0.01896237301,-0.03612488894,0.01872837842,0.00541306848,-0.01056062972,-0.007703445436,-0.008157876277,-0.003564994323,-0.004605507527,0.02640505229,0.002240170933,0.004940437047,-0.003990969748,0.01202879189,0.01775063768,0.0356004714,0.01381931386,0.02141825604,0.02050817061,0.01026413375,-0.004719749898,-0.004947787918,-0.03031009632,0.002731301176,-0.06376791076,-0.006728877674,-0.01540885202,-0.01557629119,-0.01674288207,-0.02103700848,-0.04520828856,0.01588674671,-0.008791831196,-0.01503468355,-0.009704826342,-0.0177791872,0.01304347006,-0.02802889056,-0.004130231277,-0.01710305789,-0.1001998211,-0.02544577113,0.008646777921,-0.01310941929,0.003765610987,0.001189549004,-0.009276574514,0.007254754468,-0.0007399596273,-0.001747982117,-0.008056849654,0.00357827214,-0.01097758473,0.02773954866,0.001235166055,0.0121667924,0.002899011957,-0.0008893445726,0.01089856702,-0.003842337364,-0.002655537661,0.03015431044,-0.03391241295,0.005559379932,0.01533077089,-0.07586045549,-0.006293251282,-0.003810833553,0.009772011754,-0.0442651958,-0.07695973202,0.001867043045,0.003160569569,-0.03511386437,0.02616480703
-0.05639324383,-0.05616145459,-0.0754250503,-0.06920466647,-0.1834504731,-0.1350964655,-0.2300585998,0.0003639458769,0.02172778768,-0.03370089574,0.0192849878,0.007923021132,-0.01123459492,-0.007851435974,-0.008154397333,0.002889185041,-0.006714149565,0.02718187391,0.004749466583,0.003576386323,-0.006932927617,0.008625130505,0.0178130689,0.03454188346,0.0112675607,0.02079624352,0.01810054219,0.01174516837,-0.004843320881,-0.006687287878,-0.02496824712,0.002343075975,-0.06337418621,-0.007606769523,-0.01571999868,-0.01690356275,-0.01782197662,-0.02262433985,-0.04301571524,0.01866275632,-0.01156679032,-0.01996825301,-0.01166747791,-0.01605371628,0.01284365136,-0.02773678828,-0.008579605258,-0.01928689417,-0.1040915196,-0.02328561903,0.008712259608,-0.01233261851,0.00382914628,0.003030649253,-0.005582881291,0.008226387057,0.001568975823,0.000500142004,-0.002453219455,0.00541501247,-0.008407055969,0.03042777779,0.004784241942,0.0145317139,0.002210025188,-0.00379479671,0.01023628849,-0.001416035293,-0.002650942953,0.02542277743,-0.03544943463,0.008010511497,0.01426931709,-0.08754796782,-0.005101741027,-0.004787302891,0.006976507014,-0.04864111466,-0.07608430165,0.003656927307,0.003847242117,-0.04965266504,0.03454927192
-0.06115134663,-0.06420016803,-0.08548095325,-0.0786332285,-0.1736073567,-0.1370346042,-0.2333778615,0.0003980808289,0.01838564027,-0.03289572857,0.01638925602,0.009868512497,-0.01048809697,-0.007670692813,-0.00607538967,0.006103765643,-0.00891293789,0.02709397867,0.005817250211,-0.00315469718,-0.009106188669,0.005764645518,0.01541096762,0.03361498815,0.006489856462,0.01962421068,0.01542781857,0.01340405507,-0.004367234753,-0.008100159438,-0.02068914784,0.003618890963,-0.06731587045,-0.007238293205,-0.01637623477,-0.0186050185,-0.01973574005,-0.02601983468,-0.04347904536,0.0194396516,-0.01649485144,-0.02656388396,-0.01491115423,-0.01260534688,0.01198885747,-0.02826921629,-0.01316231913,-0.01999920389,-0.1048346225,-0.0210846542,0.007424098756,-0.01237356155,0.006424597684,0.007266024566,0.0003837449101,0.008434788134,0.005453759508,0.002347420859,0.00242010025,0.005587298129,-0.004326227399,0.03366278263,0.008542110621,0.01698656462,0.001880814818,-0.006820026292,0.007854927145,0.001283812594,-0.004546651681,0.0213753069,-0.0347117477,0.006940510957,0.01585011467,-0.09983764349,-0.002650878113,-0.003482913895,0.004300517254,-0.05365944897,-0.0776830753,0.006084806449,0.004369952504,-0.06415410946,0.03865243583
-0.06739409052,-0.07099016585,-0.09475952346,-0.08676298067,-0.1618426305,-0.138434288,-0.2363052906,-0.001197529717,0.01436409847,-0.02943914515,0.01386533677,0.01202023151,-0.01173949746,-0.007850027259,-0.006185947787,0.01059244932,-0.01079600442,0.02857855132,0.008601800967,-0.003036155444,-0.008019319109,0.006175944788,0.01553674074,0.0358182992,0.005369948961,0.01883689039,0.01285159157,0.01353249608,-0.003526985225,-0.01029435754,-0.01623791816,0.004918645256,-0.06554353395,-0.006923287648,-0.01908654948,-0.01913658168,-0.01906885898,-0.02801568393,-0.04519925071,0.017258518,-0.02070083024,-0.03282834753,-0.01722163325,-0.01062006184,0.009252708396,-0.02911157055,-0.01732657924,-0.02155457954,-0.1087520027,-0.02488069942,0.006793554047,-0.01265031973,0.008465942378,0.007629524516,0.004406201292,0.01019804536,0.008141844508,0.005979769436,0.008643691219,0.005497894526,-0.001151008636,0.03368596122,0.01220811583,0.01872202775,0.0008714980196,-0.003885365666,0.007505117389,0.002922077268,-0.005410639568,0.01640950499,-0.03384172129,0.008533729147,0.01477123322,-0.1116049202,-0.003168981398,-0.002096630411,0.00271904258,-0.05726152617,-0.07900840575,0.01071701911,0.005473903672,-0.07611908684,0.04415584116
-0.07144220971,-0.07576633636,-0.1038528781,-0.09252782214,-0.1497634311,-0.1411375918,-0.2379360553,-0.0008434321236,0.01289415561,-0.02302698837,0.01298652156,0.01397862176,-0.01249411475,-0.007715922626,-0.002125071794,0.0135458079,-0.01203216725,0.02674295963,0.00758882094,0.002127386551,-0.00383298661,0.006820483549,0.01329886293,0.0380362465,0.008090841921,0.01912979575,0.01400066534,0.01494594968,-0.001692322972,-0.01070521573,-0.01285142811,0.006193813934,-0.06669129862,-0.005094949579,-0.02074372253,-0.02052158567,-0.01977105704,-0.02920170214,-0.04532292804,0.01507620806,-0.02111265134,-0.03550615998,-0.01760153482,-0.009849445528,0.00928963776,-0.02396768367,-0.01614393019,-0.02145916143,-0.1099181242,-0.02435485099,0.007444862971,-0.0132828251,0.009012633969,0.01155848522,0.008314683747,0.009632401135,0.00982373468,0.01059924875,0.01300197138,0.004772932047,0.001719567362,0.03234430164,0.0139439841,0.01891697436,0.003002926645,-0.002316598122,0.006392573315,0.005020393359,-0.007394378728,0.01144995114,-0.03464603283,0.01355867015,0.01591206002,-0.1210309018,-0.0003437871767,-0.006363686378,0.00113944152,-0.05658648913,-0.07806506255,0.01471905013,0.006169017766,-0.0872053451,0.04580172473
-0.07634105169,-0.07931659106,-0.1121685592,-0.09789380743,-0.1362189755,-0.1399829061,-0.2363605285,-0.0006494092433,0.00772511453,-0.02086917124,0.01211103459,0.01425088859,-0.01078628717,-0.007257436217,-0.001315968909,0.01766894281,-0.01296674508,0.02458055872,0.004356686825,0.006103048897,0.003964709497,0.009686099942,0.0134848412,0.03878027278,0.0108616945,0.02087337801,0.0155348731,0.01282354438,-0.001039233119,-0.01072633267,-0.008106492553,0.006089318612,-0.06682235943,-0.00380649667,-0.02159440099,-0.02160219538,-0.0218239052,-0.0322903611,-0.04860844215,0.01273677807,-0.02220614921,-0.04118588645,-0.01904518155,-0.008989859066,0.007185622693,-0.02107593978,-0.01924065188,-0.02331551561,-0.11358004,-0.0286254211,0.006821582193,-0.01253230744,0.01254521761,0.01275510023,0.01160720764,0.01096793151,0.01366062846,0.01367090783,0.01548719846,0.005248274994,0.005602032016,0.03499488768,0.01697414012,0.0182297472,0.0001518961584,-0.00189047118,0.001707482609,0.006278665684,-0.01143398875,0.00695554232,-0.03442930217,0.01628295057,0.01628915893,-0.1296341666,0.001169113352,-0.009371571865,0.004202873119,-0.05616648916,-0.07917442483,0.01864919929,0.004446451833,-0.09547625388,0.04223712256
-0.08128325455,-0.083600472,-0.1195336897,-0.1021951587,-0.1217144495,-0.1392473427,-0.2358118917,8.16E-05,0.006932147326,-0.0150813857,0.01019341067,0.0157239101,-0.009039186063,-0.006544349735,0.001082559394,0.01955158482,-0.01320277795,0.02466686183,0.002429571188,0.01375930902,0.009480365659,0.01640375994,0.01227723039,0.04096262203,0.01416789238,0.02312460805,0.02078438112,0.01104011024,0.0008620024308,-0.004945824936,-0.007306303424,0.005325535876,-0.06756227019,-0.001683038485,-0.02129374523,-0.02231832432,-0.02221515323,-0.03451214015,-0.04847204783,0.008487557308,-0.02377258207,-0.04487873488,-0.02257724777,-0.006920926126,0.007727684064,-0.02056917096,-0.02420167417,-0.02538463455,-0.1150307906,-0.0322377065,0.006443078199,-0.01233478259,0.01663404181,0.01493257292,0.01548917041,0.01099931921,0.01679188514,0.01780292397,0.01786479006,0.006074856811,0.008062035429,0.03559244395,0.01841182859,0.01756905123,-0.001812670401,0.003855789501,0.0003984519627,0.004894988838,-0.01672633552,-0.0003333981654,-0.0333592414,0.0178996647,0.0126880783,-0.1374966769,-0.003534701363,-0.01047515421,0.00794700324,-0.06127222659,-0.08330922289,0.02076906294,0.004300738826,-0.1032514372,0.04234856557
-0.08394341683,-0.08929669978,-0.126126532,-0.1071080155,-0.1025507529,-0.1371999049,-0.2344450216,-9.68E-05,0.004501968639,-0.01104126838,0.008802362674,0.01708215473,-0.007855506867,-0.006009993963,0.004425507933,0.02061480606,-0.01438190945,0.02489603568,0.0007739581163,0.02058360784,0.01661137734,0.02000005429,0.01261910122,0.0410420279,0.01764342811,0.02507292239,0.0246462133,0.006777129711,0.002835407415,-0.002079454024,-0.005031615784,0.006906900152,-0.06868530001,0.0001311415159,-0.02054944667,-0.02271914982,-0.02434987259,-0.0361717908,-0.04632306417,0.001462366148,-0.02773879702,-0.04661776312,-0.02331668418,-0.00506922937,0.004046751823,-0.02090709321,-0.02741534989,-0.02581150504,-0.1172432035,-0.036883282,0.005951611207,-0.01273569626,0.01745274554,0.01579172691,0.01802706409,0.01171081092,0.01700548933,0.02100902126,0.0219537813,0.007041797905,0.008889928464,0.03460974278,0.02031231487,0.01925768104,-0.0008979954505,0.01005172505,-0.0001930261829,0.006612031633,-0.01788067763,-0.00397578572,-0.03435844998,0.02025112916,0.01133189877,-0.1449012406,-0.002238207612,-0.01431781676,0.01333713964,-0.0626968184,-0.08787855552,0.01982248829,0.003429122845,-0.1095124767,0.04161283176
-0.08856727235,-0.09208990803,-0.1282163935,-0.1153613374,-0.08452034909,-0.1339150243,-0.2342124879,-0.001433345733,0.001110317888,-0.005382556614,0.006290013037,0.01851547549,-0.009242831089,-0.00642750186,0.005586932925,0.0220306112,-0.01726588056,0.02184929718,-0.0006612446872,0.02578824664,0.02317253178,0.02252354277,0.01089234324,0.0398893642,0.02247307253,0.02934497318,0.02758272059,0.00657271801,0.005304837355,0.002203416991,-0.001594773834,0.006621360607,-0.06838156964,0.0001991598067,-0.02348015347,-0.02162372662,-0.02527703987,-0.03653152942,-0.04567287171,-0.002290830524,-0.02826018632,-0.05057200413,-0.02418334329,-0.00257944013,0.003857936905,-0.01993914642,-0.03279646453,-0.02668225773,-0.1180278961,-0.03870288367,0.00676003366,-0.01397020043,0.01966058365,0.01971790084,0.02164281777,0.01073086003,0.01793013618,0.02478843982,0.02500713148,0.006682626107,0.01283702136,0.03467401469,0.02280056006,0.0218965429,-0.000343145962,0.0086042067,0.002240270969,0.00731334905,-0.01957244397,-0.008635465973,-0.03541063716,0.02028280361,0.01152011733,-0.1558303766,-0.001832650828,-0.01568952097,0.01663387226,-0.06318146799,-0.09016676083,0.01762518669,0.0009488142459,-0.1122418405,0.04120097921
-0.08946552063,-0.09450637671,-0.1318076121,-0.1178238907,-0.06420454012,-0.129087147,-0.2271123719,-0.002200191398,-0.0006199340777,-0.001226411845,0.005765418204,0.02100735426,-0.006389034136,-0.006138514048,0.007908111209,0.02491083977,-0.01754516299,0.01940635264,0.0009887189542,0.02897023045,0.0283541654,0.02545692792,0.01077176429,0.03837745622,0.0224489097,0.03162949103,0.03024452563,0.0040200284,0.006184342744,0.001509056527,-0.0007378169993,0.007757443477,-0.06986162835,-0.0004554790136,-0.02544136823,-0.02123131265,-0.02655130895,-0.03739435382,-0.04574914695,-0.005721670355,-0.0287933454,-0.053751152,-0.0254423041,-0.000406457356,0.003419952985,-0.0207248672,-0.03225061075,-0.02679768498,-0.1218963044,-0.04224661804,0.005792513385,-0.01332603694,0.02145893652,0.02004639193,0.02148359842,0.01102238863,0.02333890848,0.02787667218,0.02436990632,0.005776130998,0.0147719712,0.03446943273,0.02605801543,0.0228183981,0.001411432463,0.005355951061,0.002756446082,0.008869697288,-0.02092819617,-0.0105041417,-0.03423242512,0.02155068286,0.009154193363,-0.157358753,-0.002132175779,-0.01734039541,0.0183729107,-0.06166855797,-0.0931068576,0.01796823156,-0.0008329826238,-0.1163824894,0.03647280891
-0.0907697363,-0.09370264496,-0.1334862772,-0.1178040688,-0.04713448646,-0.1248586361,-0.2184950853,-0.001196735881,-0.00644848221,0.002282356907,0.006761672924,0.02083101803,-0.005155977336,-0.006596497344,0.008584969055,0.02681323296,-0.0181376497,0.01861524863,0.001404467565,0.02999970269,0.02954679834,0.02513929391,0.01124520952,0.0371434015,0.02230180363,0.03296055805,0.02960023117,0.00267054036,0.004503512065,0.0007424226157,0.000923308388,0.009681791288,-0.07315034651,-5.84E-05,-0.02535660845,-0.018945413,-0.03268667263,-0.03857058446,-0.04837703036,-0.0104737772,-0.02948157441,-0.05418149293,-0.02621745154,0.003122056148,0.0022655144,-0.02196539697,-0.03539608035,-0.02958197961,-0.1227558063,-0.04213320377,0.00361758592,-0.0143833307,0.02539945835,0.0205192728,0.02334405914,0.01220164592,0.0235780624,0.03171136665,0.02806399683,0.007830369807,0.01565588313,0.03213719834,0.02772802312,0.0227480789,0.002868347801,0.002825680828,0.006220307925,0.0085838544,-0.01953626065,-0.01573955103,-0.03264740161,0.02362587953,0.009014904576,-0.1579029093,-0.001579552244,-0.01735429128,0.01746431581,-0.06474005814,-0.09545352348,0.01882226267,-0.001509006913,-0.117268945,0.0371872655
-0.08957298378,-0.09204632474,-0.133268545,-0.1158702051,-0.02744055788,-0.1182935712,-0.2073152959,-0.003414573835,-0.009219863081,0.003222078856,0.00626045505,0.02053326239,-0.003276260372,-0.006956876818,0.008031907384,0.02997372572,-0.01908626751,0.01965261853,0.001698774036,0.03286088512,0.0324233712,0.02484146713,0.01158202109,0.03482232751,0.023438942,0.03238780876,0.03030826652,0.00314189242,0.003901823762,0.002296569435,0.002985990169,0.008987189523,-0.07227652874,0.001078540773,-0.02513746529,-0.01853445346,-0.0367244319,-0.0385984292,-0.05045259144,-0.01467414057,-0.0288114652,-0.05297870852,-0.02791121399,0.004552896603,0.0004417623602,-0.02211751926,-0.03868984194,-0.03198870354,-0.1232294084,-0.04442625361,0.002771745361,-0.01076079676,0.0281148853,0.02245020299,0.02588998296,0.01395736122,0.02375779736,0.03110869786,0.03149751961,0.007947854999,0.02054197613,0.03326392521,0.02958634256,0.02412460957,0.004197945568,0.003247732167,0.007980147547,0.01211766156,-0.01798241387,-0.01773369196,-0.03107425816,0.02415644399,0.007030535709,-0.1548676157,0.0001574678291,-0.01585410726,0.01657697924,-0.06487447692,-0.09789188961,0.01971158361,-0.003718240281,-0.1149630257,0.03784662077
-0.08726856865,-0.0897765813,-0.1334932305,-0.1151117797,-0.01201548946,-0.1128061277,-0.1940160648,-0.003503156603,-0.01314540817,0.004986498872,0.006240881799,0.02222293878,-0.001548344956,-0.005600309466,0.01049689706,0.03076043043,-0.02101868372,0.01831424137,0.0003054677402,0.03767859245,0.03511574072,0.02485491141,0.01121667531,0.03393738945,0.02442105206,0.03395737561,0.02865047882,0.003074033298,0.004246006882,0.002977902833,0.00353031856,0.009531795775,-0.06971016976,0.001459159123,-0.02472512866,-0.02070566339,-0.03754407501,-0.03857994156,-0.0530630923,-0.01927410723,-0.03044342057,-0.05089568512,-0.03033855916,0.006725391506,-0.001180503739,-0.02037251166,-0.03953432792,-0.02982369321,-0.1234562798,-0.04799885427,0.001152916163,-0.007343292159,0.03065549684,0.02312264306,0.02769899009,0.01351765602,0.02365910361,0.02909473651,0.03566611393,0.007063503951,0.02390584421,0.03041074773,0.03120437794,0.02471770867,0.002496845429,0.005019487386,0.006498308088,0.01326410738,-0.0180563208,-0.01639469102,-0.03046891072,0.02140568732,0.00550228578,-0.153027372,0.001955216586,-0.01984130959,0.01653586782,-0.06421853304,-0.09936733607,0.02054052552,-0.004809511615,-0.1157498647,0.03308114377
-0.08465732007,-0.08956828108,-0.1324126132,-0.1103104013,0.007178360253,-0.1054901293,-0.1761550763,-0.00460388039,-0.0129968444,0.01200118008,0.004716149293,0.02625797191,-0.0002408909632,-0.005378562638,0.01281762354,0.02769281887,-0.02198379445,0.01653699676,0.0007702468115,0.03619699663,0.03925132444,0.02386937364,0.0121951018,0.03189867735,0.02619231614,0.03359594054,0.02876605837,0.001020599567,0.004896485204,0.005080435595,0.003727097029,0.008216530054,-0.07112408817,0.00423400298,-0.02311047427,-0.01909753837,-0.03947032781,-0.03860896443,-0.05241524595,-0.02545891986,-0.03051209787,-0.05032150466,-0.02924128512,0.005382988974,-0.001886704877,-0.0186326359,-0.03775871575,-0.02660774273,-0.1234592951,-0.04898615314,2.68E-05,-0.005412581817,0.03058054546,0.02546544988,0.02933497819,0.01622786821,0.02594523434,0.02998190524,0.03852653008,0.007657354124,0.02471535513,0.02650011371,0.03194929199,0.02489447564,0.001944988762,0.006071559031,0.009323103374,0.01643015522,-0.02093135503,-0.01783913648,-0.03006702252,0.02039861984,0.004964852545,-0.1505553841,0.001655167466,-0.02009690241,0.0168778745,-0.06491375145,-0.1002059878,0.02217978778,-0.003783215672,-0.1166076584,0.02880690339
-0.08262090956,-0.08781378212,-0.1333234211,-0.1050150216,0.02376036828,-0.09769352766,-0.1579157974,-0.006532902095,-0.01684746261,0.01657341795,0.005037958903,0.02639816037,0.001021756313,-0.002121412403,0.01517336535,0.03029511287,-0.01937416757,0.01552088655,0.0007083092581,0.03914107619,0.04247607801,0.02453228283,0.01289978878,0.03070025433,0.02892826135,0.03246528607,0.03039954977,0.0007447132991,0.005588830918,0.005805311515,0.002115308382,0.007067857074,-0.07042703985,0.0064723981,-0.02185128918,-0.01989916067,-0.04188331294,-0.03959012331,-0.0535599078,-0.03079774675,-0.02795538532,-0.05146233713,-0.02887014678,0.00877090658,-0.004086836324,-0.01657962649,-0.03867529949,-0.02432202021,-0.1207854971,-0.05043223631,-0.001848540434,-0.005090377906,0.03432619373,0.02718667527,0.0293397018,0.01876833169,0.02936176115,0.02874494073,0.04180071319,0.009932206178,0.02842237534,0.02320641044,0.03298619468,0.02225506009,-0.0001462575548,0.006751618686,0.01274224919,0.01604644813,-0.02076184685,-0.0182749559,-0.02906834908,0.0187025463,0.004881243976,-0.1482663214,0.0005592805512,-0.01719528613,0.01885421341,-0.06319190492,-0.1016491354,0.02060824031,-0.005537446163,-0.1177947324,0.02319091008
-0.07902166953,-0.08307948879,-0.1321225535,-0.09955270186,0.04177230243,-0.08869413731,-0.1391306435,-0.006799350845,-0.01959712866,0.02020423553,0.004925828738,0.02741346464,0.002447993213,-0.002506972656,0.01633004633,0.02997139609,-0.02139456759,0.01155604783,-0.0008983145905,0.04753367865,0.04788990566,0.02704667161,0.01345566616,0.02994630231,0.03484770877,0.03091450575,0.02999739854,-0.001987265304,0.009396317814,0.008120203298,-0.001047765422,0.006067240678,-0.0705303163,0.01030068927,-0.01879605157,-0.01917459149,-0.04140868471,-0.04079487838,-0.05511324606,-0.03512374341,-0.02775651237,-0.05245705893,-0.02694885211,0.008993154543,-0.005865739611,-0.01615263023,-0.03758686911,-0.02220112991,-0.1190150782,-0.05363808641,-0.004595972022,-0.0030456693,0.0342463345,0.02635107823,0.03196008993,0.02052071967,0.03406194019,0.0296472106,0.04141836029,0.009865481986,0.02956439305,0.02333216753,0.03377782691,0.02202476932,-0.00174854552,0.00785463537,0.01333908394,0.01821066885,-0.01878888959,-0.02054965516,-0.02927550077,0.01581206162,0.006501088306,-0.1450517162,0.002805717685,-0.0152311852,0.02197464613,-0.06031341381,-0.1037381267,0.02060954252,-0.006592849679,-0.1239006735,0.02320994509
-0.0765338076,-0.07941213308,-0.1290486705,-0.09507370674,0.05803752854,-0.0792661605,-0.1203147525,-0.007868321188,-0.02302081415,0.02167893432,0.005096203193,0.02777447888,0.006003240828,-0.001366743674,0.01844881335,0.02823430508,-0.0197757107,0.01152429877,-0.004183025524,0.05197858336,0.05531581184,0.02950495702,0.01374785509,0.03194335997,0.03818282282,0.02947119948,0.03332976166,-0.004929774053,0.01100120685,0.01029364137,-0.006151458259,0.005497324946,-0.07243489953,0.01219003532,-0.01756137299,-0.01943046871,-0.04522407538,-0.04210580143,-0.05929262817,-0.04124793524,-0.02726760121,-0.04874919568,-0.02819600161,0.01127422319,-0.01019489472,-0.01289240216,-0.0388723394,-0.02341987341,-0.1231226789,-0.05665156294,-0.007314631354,-0.00292479484,0.0399672849,0.02759371857,0.03453401799,0.02433687723,0.03972532295,0.03077894196,0.04355932293,0.009948169369,0.03550553776,0.02082746501,0.03346616042,0.02208295338,-0.001853686775,0.008494278628,0.01589271068,0.01841959098,-0.01821436832,-0.02044175845,-0.02794332969,0.01438920626,0.009567074097,-0.1414515894,0.003431575071,-0.01598053686,0.02359229597,-0.06044011619,-0.1082987239,0.02219389503,-0.007272761984,-0.1257071833,0.02267472283
-0.07271037297,-0.07716146703,-0.1290638041,-0.08904674052,0.07171742805,-0.07115290447,-0.09953319497,-0.00980308653,-0.02496606434,0.02454858716,0.007774251894,0.02795606734,0.006448421124,-0.0009632223042,0.01964087112,0.0261963884,-0.02019668385,0.009874003551,-0.005865153807,0.05974435682,0.06068657658,0.0320824963,0.0162941789,0.03103180749,0.04175426715,0.02943115811,0.03683626462,-0.007109702008,0.009362036297,0.01521275667,-0.008619960102,0.00260320263,-0.0716747604,0.01243993209,-0.01602631619,-0.02055023657,-0.04712583103,-0.04289909328,-0.05951886785,-0.04543081033,-0.02803207092,-0.04940560019,-0.02767990631,0.0117943393,-0.01294167245,-0.01161370437,-0.04218473989,-0.02466572523,-0.126189499,-0.06350671701,-0.006885208969,-0.003498032283,0.03967526794,0.02754455812,0.03687753518,0.02766208887,0.04328399917,0.0302020116,0.04418008463,0.01057603866,0.04062094176,0.02005708674,0.03280025899,0.02075560923,-0.005052326125,0.01186072676,0.01732843674,0.01785469422,-0.01753278512,-0.01865581922,-0.02574782142,0.01450529972,0.008745989416,-0.1372922178,0.00348840993,-0.01545272175,0.02631451356,-0.06092019035,-0.1112911888,0.02192928646,-0.006936045845,-0.1261856674,0.0220403659
-0.06690381028,-0.07395476035,-0.1251444192,-0.0850797846,0.08477124953,-0.06505392647,-0.07609095376,-0.01112430997,-0.02343753446,0.02718749746,0.004622165989,0.02697335785,0.009524026363,0.001086759832,0.02218036441,0.02904693955,-0.0198919681,0.004966433331,-0.007687528174,0.06369264083,0.06654956764,0.03458521968,0.01759680255,0.02871181019,0.04430290093,0.02987730399,0.04053376072,-0.006735549798,0.01255229007,0.01668314957,-0.01010570658,0.001135795648,-0.07447911605,0.01416749129,-0.01440250308,-0.02162275054,-0.04937606905,-0.04488862139,-0.06003898449,-0.04632137944,-0.02738238693,-0.04960874197,-0.0258136849,0.01256721757,-0.01563101376,-0.009818661367,-0.04543118733,-0.02739814333,-0.1267397299,-0.06515491548,-0.007125273055,-0.004165197874,0.04520198491,0.02917482143,0.04039780449,0.03003663004,0.04669756981,0.0303286618,0.04481090239,0.01230259404,0.04327628419,0.0197984509,0.03342549953,0.01856837753,-0.003484185763,0.01311408791,0.01563163429,0.01797933017,-0.01669438141,-0.01829366651,-0.02538034256,0.01405360951,0.008635070185,-0.1325557932,0.005553334944,-0.01699527678,0.02826206367,-0.06462955526,-0.1156751946,0.02597112162,-0.007228102349,-0.1277916176,0.01833450398
-0.06244947871,-0.07252829935,-0.1244244849,-0.08117506943,0.09822895395,-0.05461521716,-0.05236842487,-0.009549385854,-0.02334513897,0.02459575467,0.008599656695,0.02877116859,0.01265514382,0.001914354716,0.02081819985,0.0329491651,-0.02144649934,0.002480782099,-0.007984762452,0.06308551016,0.06926069214,0.03505806161,0.01780025212,0.02735834384,0.04205422293,0.02991223735,0.04111415036,-0.008866576542,0.01366397294,0.01911754535,-0.01132860802,0.0003723231409,-0.07404595127,0.01454419212,-0.01339734756,-0.02223983578,-0.05362508813,-0.04711570205,-0.06264047416,-0.04933704906,-0.02863536335,-0.04880849793,-0.02677899094,0.01240670762,-0.01948212952,-0.01356316065,-0.04848960708,-0.03014568003,-0.1262987758,-0.06854339741,-0.008655375984,-0.00521097313,0.050738891,0.02857279097,0.04461737031,0.03126962353,0.05341621977,0.02688322555,0.04448283444,0.0142234818,0.0462408649,0.0191454695,0.03472935849,0.01733262368,-0.005297394052,0.007252125384,0.01672577959,0.01842234502,-0.01533014467,-0.01777333023,-0.02399497882,0.01162638973,0.007669887569,-0.1282042941,0.007303534115,-0.01101413157,0.02848913132,-0.06769967043,-0.1174340741,0.02461873568,-0.008007001423,-0.1287485123,0.01462644754
-0.05601871513,-0.06991113038,-0.1195567309,-0.0771880934,0.1126344156,-0.04628898433,-0.02923916858,-0.0119337893,-0.0200531399,0.02784714784,0.007241494935,0.02712173362,0.01437548118,0.004393491802,0.02230899496,0.03414861884,-0.02393431738,0.0009479771063,-0.005347220603,0.06251847966,0.06617538737,0.0321387365,0.01785603886,0.02396512235,0.03932738829,0.02738939106,0.04012010072,-0.008349475196,0.01628325498,0.02096875686,-0.01288756778,-0.002138123993,-0.07435171464,0.01468909468,-0.01416254465,-0.02231114724,-0.05720180016,-0.04697097284,-0.06492339938,-0.05310691058,-0.02905333224,-0.04917427932,-0.02934963049,0.01317754569,-0.0199043997,-0.01533634753,-0.05349302777,-0.03181869156,-0.1225412558,-0.06806959034,-0.01038458151,-0.002983120345,0.05131150884,0.02993199688,0.04783151604,0.0335002027,0.05522087533,0.02456624399,0.04641916063,0.01373470641,0.04858272254,0.01960408698,0.03343704522,0.01543663528,-0.003946061533,0.008436767341,0.0175564419,0.01718405543,-0.01373270038,-0.01558274472,-0.02510512139,0.007623972243,0.007966995803,-0.1228201425,0.008477597042,-0.008689649326,0.0251675733,-0.07111558937,-0.1207153477,0.02293971269,-0.008812310979,-0.1302043743,0.01724325931
-0.05164212287,-0.06660174705,-0.1203684209,-0.07373725999,0.1285446612,-0.03716698822,-0.003245026655,-0.0124915292,-0.02033758255,0.02540038146,0.007140775897,0.02687117089,0.01438221723,0.00552001097,0.02095613771,0.03819021683,-0.02608833918,-0.002925782103,-0.005452827843,0.05989854315,0.06484775534,0.02936411704,0.01844942219,0.02301595302,0.03639462495,0.0256323017,0.03878780469,-0.009052818313,0.01787463038,0.02042733058,-0.01454349555,-0.002754186225,-0.07517470738,0.01494178641,-0.01399779872,-0.0227101067,-0.06060106037,-0.04763281215,-0.06885518688,-0.05504116926,-0.03010177327,-0.04838379282,-0.02985443405,0.01389019392,-0.02418658033,-0.01371161734,-0.05729987143,-0.03512135709,-0.1245140604,-0.06988247534,-0.0107551129,-0.003580441928,0.05346818796,0.03160136213,0.05033938106,0.03486190798,0.05719268104,0.02356785863,0.04860475261,0.01320397898,0.05263085887,0.01985285865,0.03542373926,0.01501762697,-0.002366293323,0.004623927467,0.01600667445,0.01898435966,-0.01124766811,-0.01286026737,-0.02592286487,0.006974403318,0.009380752731,-0.116629741,0.01086668293,-0.005421273302,0.02294211574,-0.07298718856,-0.1244656051,0.01926214838,-0.01016211782,-0.1314519404,0.01710161791
-0.05006108341,-0.06342869722,-0.1152185148,-0.06989347733,0.1410880497,-0.02664715844,0.02278261437,-0.01266094316,-0.01492037977,0.02721304974,0.007692075935,0.02671290855,0.0154765837,0.006466290089,0.02074500649,0.04323932759,-0.02747668237,-0.005153460565,-0.003336641845,0.05737551539,0.06460228573,0.02923894495,0.02018201519,0.02327445951,0.0342384886,0.02459064328,0.03594687594,-0.007407049188,0.01856341115,0.01855494265,-0.0151787416,-0.005421453901,-0.07665720569,0.01380020627,-0.01397073887,-0.02600719936,-0.06183596706,-0.04804858009,-0.07274845018,-0.05335590291,-0.03157574659,-0.04914008589,-0.03189747872,0.01375234784,-0.02670056968,-0.01426017398,-0.05894644499,-0.03584828585,-0.1250957435,-0.06873315609,-0.01281686476,-0.002207541219,0.05261342221,0.03326580697,0.05380887158,0.03623592434,0.06102467603,0.023929099,0.05007080209,0.01303933424,0.05933369775,0.02230726718,0.03771122343,0.01467687414,-0.00282772753,0.001584206851,0.01878108657,0.01730440022,-0.01003001822,-0.01431626839,-0.02675907059,0.004162862191,0.007844296368,-0.1134050768,0.01318740226,-0.004048999584,0.01928038863,-0.07534994188,-0.1258526663,0.02167956646,-0.008241578348,-0.1335800675,0.01523804834
-0.04731305611,-0.05978770862,-0.1090498209,-0.06492837005,0.1535008915,-0.0169475704,0.0495492847,-0.01336764407,-0.01652260029,0.02887132356,0.00994664506,0.02770087028,0.01826211807,0.006467598182,0.02119595891,0.05029141064,-0.02726737386,-0.004944141581,-0.001041612193,0.05653077361,0.06428069296,0.02816069978,0.02223391473,0.0236901627,0.03116119391,0.02213783511,0.0341798041,-0.006545924341,0.01881291593,0.01436688964,-0.01752867285,-0.006298987111,-0.07859468965,0.01326806452,-0.01120930185,-0.02859436407,-0.06476223646,-0.04784566921,-0.07601778146,-0.05404602338,-0.03473769298,-0.04953291078,-0.03397516065,0.01047282657,-0.030543641,-0.01190809765,-0.06057827128,-0.03757906359,-0.1255652385,-0.06836230374,-0.01420420486,0.0004937918029,0.05401061186,0.03458081637,0.05483072308,0.03813288433,0.06248113734,0.0247014895,0.05172747183,0.01461341194,0.06340655686,0.02068392588,0.03780927807,0.01254824177,-0.003627890259,0.004103948443,0.01515132516,0.02010621133,-0.007950886653,-0.01300175584,-0.0266446047,0.002236334466,0.006135372512,-0.1087097079,0.01337542904,-0.002566925745,0.01842598443,-0.07754365151,-0.1281436939,0.02535739121,-0.007408212032,-0.1377635251,0.01690220361
-0.04390734776,-0.05462130478,-0.1047485525,-0.0611253412,0.1620575012,-0.006598307071,0.08180927256,-0.01292090113,-0.0135844883,0.0299900659,0.01299848739,0.02647493575,0.0186371112,0.006878691394,0.01800481882,0.05373905517,-0.02826614824,-0.007513333097,-0.001404825223,0.05261924809,0.06198055997,0.02555086686,0.02239689024,0.0235812488,0.02926079733,0.01923771547,0.03523513549,-0.006501519259,0.02016112884,0.01777278333,-0.01624246607,-0.0085722128,-0.07583705915,0.01274236034,-0.009089058424,-0.02844895645,-0.06857788398,-0.04865296272,-0.08010633177,-0.05419647749,-0.03718512045,-0.0501364059,-0.03245004707,0.007283783413,-0.03222459395,-0.007500491813,-0.06462660147,-0.04035460257,-0.1252570073,-0.06892629874,-0.01548368443,0.001184099111,0.05365756688,0.03716764017,0.05949403819,0.03717128916,0.06353813601,0.02546970107,0.05512495296,0.01548033975,0.06469981978,0.02071617242,0.03755390096,0.01126034836,-0.003786068237,0.003448908462,0.01213734071,0.02092441499,-0.005824998708,-0.01282355158,-0.02796848115,-2.79E-05,0.006264204714,-0.1038064896,0.0140876245,-0.002297437065,0.0153121454,-0.08069783098,-0.1301607854,0.0284136723,-0.005826420276,-0.1369503083,0.02256437707
-0.04036396244,-0.05142002663,-0.1022073432,-0.05796553286,0.1721463895,0.005010458192,0.1146962103,-0.01377053923,-0.01070915579,0.02889911457,0.01388498926,0.02852608982,0.01663788961,0.00714345434,0.01691482512,0.05328893083,-0.03057670764,-0.01141706191,0.002253943998,0.05051604099,0.0605577556,0.02118787208,0.02193666654,0.0246982808,0.02761990359,0.01636574135,0.03465310642,-0.005455265085,0.02038853924,0.01820392568,-0.01560246908,-0.01106854453,-0.07487301001,0.01129232676,-0.006295510384,-0.02862401976,-0.07010258261,-0.04704820858,-0.08210129862,-0.05498513618,-0.03848926105,-0.05225282363,-0.03223294067,0.007612875388,-0.03435599343,-0.003749852654,-0.06424194353,-0.04103522896,-0.1251222568,-0.06944199525,-0.0140006376,0.001717684984,0.05210807391,0.03852218694,0.06059551623,0.03449057919,0.06591658362,0.02720899247,0.0540355609,0.01610480226,0.07054876308,0.02164459855,0.03896247423,0.009759328705,-0.004695150046,0.006795997475,0.01068709747,0.02123530035,-0.006153990257,-0.0122355951,-0.02972415998,-0.0005368091802,0.004244936439,-0.09970050539,0.01644555979,-0.0007834710738,0.01253184576,-0.07979320615,-0.130517731,0.0285705449,-0.00471367729,-0.1125987511,0.01732894067
-0.03639427666,-0.04844488528,-0.09861898766,-0.05559451703,0.1818281766,0.01387849032,0.1437837623,-0.0129300069,-0.007962499712,0.02965742301,0.01625414511,0.0308186152,0.01598617742,0.009195247681,0.01742053702,0.05665503844,-0.03146522791,-0.01398405254,0.003590013726,0.04443693703,0.05598974084,0.01798194086,0.02248374081,0.02389167192,0.02056118871,0.01543008287,0.03171915664,-0.005959851428,0.02211500952,0.01516963054,-0.01380206384,-0.01210525085,-0.07370034108,0.007944333155,-0.005676436493,-0.02825922319,-0.07025380354,-0.0456614998,-0.08531570959,-0.0539445443,-0.03944815465,-0.05796035067,-0.03158996904,0.00500138421,-0.03719246866,-0.001797188971,-0.0637415605,-0.04009145999,-0.1261079833,-0.07199848202,-0.01586994843,0.001348674069,0.05312597225,0.04010516216,0.06161554577,0.03738179753,0.06578275371,0.02825600543,0.05308334957,0.01629110438,0.07166256774,0.02090102605,0.03890210203,0.009624411812,-0.003203890853,0.009121695077,0.007287747812,0.02181038063,-0.005800850383,-0.01174616323,-0.0318381133,0.00020508004,0.003708959184,-0.09784338493,0.01715176475,-0.003042004901,0.008567241667,-0.07814496226,-0.1307073135,0.0289256569,-0.004227885535,-0.08708922391,0.01365404044
-0.03136555615,-0.0462319087,-0.09515749492,-0.052887639,0.1877162065,0.02290734022,0.1730660723,-0.01314784486,-0.003338210387,0.02974087322,0.01619970453,0.03300648198,0.01216894583,0.009332798634,0.0162171388,0.05797026449,-0.03325333906,-0.01566984302,0.007774674837,0.03686117038,0.05068774437,0.01379512435,0.02399490702,0.02385856371,0.01479439293,0.01109258775,0.03062602009,-0.003561559862,0.02250918479,0.01549203555,-0.01055306696,-0.0134962899,-0.0765906249,0.005637507373,-0.004449806492,-0.02543131054,-0.07182463901,-0.04475270553,-0.08767416357,-0.05523346192,-0.03985366617,-0.06213914115,-0.03064908227,0.005141758347,-0.03826683805,-0.002237564667,-0.06320000801,-0.04323878516,-0.1255989261,-0.06874289782,-0.01739806706,0.0002924972565,0.0534272181,0.04152006003,0.06311060163,0.0392028392,0.06928644522,0.03060447146,0.0525621696,0.01829380349,0.07189187876,0.02186054863,0.03844700134,0.01008305542,-0.002868596716,0.01061359222,0.007767668786,0.02400425522,-0.005511905892,-0.01237973732,-0.03483862878,-0.001843640388,0.003940901267,-0.09610693558,0.01798362042,-0.0008244752685,0.004077340954,-0.0787608402,-0.1307242917,0.0275609434,-0.003664053256,-0.06424768428,0.01401332013
-0.02916978823,-0.04319643318,-0.09263271437,-0.05206994617,0.1915666319,0.03444017957,0.1988244733,-0.01100803633,-0.004165577307,0.02999091507,0.01736593749,0.03548283574,0.01100054302,0.01046389613,0.01484977841,0.0599245172,-0.03448133612,-0.01659904136,0.01134853765,0.03163044301,0.04418767233,0.008390864732,0.02268847206,0.02463441964,0.009200747596,0.009931799399,0.02677087677,0.0005908251253,0.02194281433,0.01398517876,-0.008785796518,-0.01606255233,-0.07641954786,0.002663900738,-0.003957372705,-0.02559621111,-0.07335588734,-0.04360864701,-0.09053879083,-0.05399732283,-0.03962005012,-0.06679146649,-0.03133015489,0.006270960728,-0.03886150084,-0.003534315532,-0.06616892003,-0.04578136618,-0.1257991282,-0.06925336456,-0.01704535888,0.0005115233149,0.05475164356,0.04130756844,0.06483812651,0.0379786631,0.07091601124,0.03308338671,0.05307271506,0.01835429815,0.07624582128,0.02285143308,0.03837364442,0.01033415588,-0.005264718329,0.008683341326,0.007782729392,0.0235361979,-0.002910622285,-0.01247607847,-0.03747744489,-0.003287704467,0.001511973064,-0.09382416914,0.01797598253,-0.0002646541095,-0.003432826164,-0.07745990873,-0.1306530638,0.02739829768,-0.004688317623,-0.04324360043,0.01103985255
-0.02713823642,-0.04075065046,-0.08721013173,-0.05114739552,0.1998086984,0.04484750808,0.2242234717,-0.009439836473,-3.11E-05,0.02889648986,0.02126458048,0.03744176666,0.007212240329,0.009956431716,0.0151847058,0.06287939509,-0.03802470166,-0.01804811876,0.01334117844,0.02414249808,0.03821899143,0.005053706367,0.02331922644,0.02195171247,0.005250620237,0.009577597828,0.02473779165,0.003827621831,0.02284640383,0.01417535013,-0.006036014348,-0.01715747821,-0.07671368924,0.0009876817159,-0.003330944084,-0.02243706191,-0.07428517365,-0.0412211589,-0.09347710728,-0.05470230442,-0.04009189307,-0.06807235324,-0.03043450439,0.003608819546,-0.03997446683,-0.003266635289,-0.06930865458,-0.04667194396,-0.1265339132,-0.07347604636,-0.01728035593,0.003631990186,0.05378613116,0.04041767284,0.06535205513,0.03613610478,0.07283751987,0.03438346263,0.0528747085,0.01972357979,0.07612063678,0.02559393726,0.03795866916,0.01200308339,-0.004336060523,0.008413332623,0.005210703871,0.02706968483,-0.00202441794,-0.01360328339,-0.03929530668,-0.006676108821,0.001775020183,-0.09272512698,0.02194086919,-0.001800147303,-0.0081460473,-0.07938947989,-0.1322375023,0.02983663789,-0.004452935072,-0.02770148613,0.01077374418
-0.02511754526,-0.04084495168,-0.08561572364,-0.0511468405,0.2024461457,0.05405304403,0.2509841727,-0.007815087473,0.004475362608,0.02810351986,0.02263748161,0.0396088562,0.008232931332,0.0105550098,0.01456215562,0.06893085295,-0.0381110394,-0.01765523592,0.01534672631,0.01062463639,0.03101409983,0.0002966880534,0.02180569925,0.02138782984,-0.002689839843,0.008536282234,0.0217091814,0.006078468131,0.02003817965,0.008508754874,-0.002464399855,-0.01951363833,-0.07757547842,-0.003354079962,-0.002926267476,-0.02412554151,-0.07786689426,-0.03993638136,-0.09649180562,-0.05598890857,-0.03962781575,-0.07015201198,-0.0300848758,0.005430534337,-0.03988214342,-0.002679040042,-0.0709539992,-0.04810931562,-0.128722464,-0.0749090551,-0.02015024678,0.004392385833,0.05859038089,0.0407381955,0.06364325598,0.03547269283,0.07237787811,0.03413514847,0.05321817201,0.020562134,0.08001473568,0.02637736454,0.04009324834,0.01410380033,-0.005320551622,0.007598212011,0.006190264344,0.0267555971,-0.001478822447,-0.01423460683,-0.0400641386,-0.007967691932,0.002891271791,-0.09064957656,0.02323683878,-0.003023894715,-0.01591207088,-0.08016438502,-0.1329304282,0.03218321587,-0.004968850189,-0.006644646711,0.00721248148
-0.02237253934,-0.03880367156,-0.08371550878,-0.04915188567,0.2062103796,0.06171138504,0.2818775578,-0.00760159226,0.005929019358,0.03029345104,0.02096004605,0.03953795096,0.007084014932,0.0114944969,0.01605376399,0.07026431086,-0.04043902772,-0.02063074977,0.02023855594,0.0004747787426,0.01982546631,-0.007106938259,0.01907086754,0.01697491584,-0.0114829804,0.004387646624,0.01584708541,0.008296914482,0.01541618545,0.003768627894,0.0002933411625,-0.02045955109,-0.07523142811,-0.005784708655,-0.002979443553,-0.02662411236,-0.07667144629,-0.03705258174,-0.09669090506,-0.05598596772,-0.03855514757,-0.07756252326,-0.02756872068,0.002880559409,-0.03852513519,-0.006025409639,-0.06966689033,-0.04762149744,-0.1262356635,-0.07343000386,-0.02102659585,0.004043340321,0.05890432313,0.041378936,0.06234983073,0.03511838882,0.07080722429,0.03313828271,0.05243945003,0.02086728402,0.07622930065,0.02705352452,0.04102804704,0.01511849165,-0.004411911378,0.009071542517,0.001230511651,0.02635504558,0.0009801035242,-0.01531310371,-0.0412261895,-0.01061198916,0.001257529467,-0.09055528246,0.02207318434,0.001132108225,-0.02365741263,-0.07933017239,-0.1299332595,0.0315822905,-0.006272281063,0.00894432868,0.005572942902
-0.02074768986,-0.03629833018,-0.07855012832,-0.05130672391,0.2114868833,0.07150255382,0.307841497,-0.006670282435,0.009988024599,0.03022505429,0.02212818086,0.0444809264,0.007407345015,0.01089217063,0.01571472512,0.07438815478,-0.04104026117,-0.01995132938,0.02501084031,-0.01083980129,0.01020180728,-0.01290812921,0.01517888266,0.01479404704,-0.01720318351,-0.0002486503637,0.009492046767,0.009557360599,0.01518322036,-0.003823950667,0.003630535081,-0.0196219081,-0.07431901721,-0.006398362389,-0.003913216578,-0.02813973918,-0.07814666903,-0.03381303104,-0.09686382405,-0.05568047177,-0.03726277676,-0.07834850952,-0.02559422316,0.002841973153,-0.03652774012,-0.006675365861,-0.06776531191,-0.04820063198,-0.1245364148,-0.0711684352,-0.0224716222,0.006019217152,0.062223202,0.04154387824,0.06066178171,0.03353092495,0.07007113867,0.03153096016,0.05230160186,0.02098272515,0.07536836635,0.02636599641,0.04137649239,0.01439324413,-0.003237891269,0.009109581479,0.000338675329,0.02955337324,0.0008014320301,-0.01941465696,-0.0470614884,-0.01142776234,0.0003469681745,-0.08907030886,0.02218745311,0.001197373235,-0.03097182308,-0.07801390704,-0.1276509675,0.03535843192,-0.006792084195,0.02193081889,0.004635934225
-0.01617042077,-0.03628669763,-0.07728456818,-0.05059868581,0.2160459403,0.08148770012,0.3355887287,-0.003705538111,0.01188495394,0.03327743298,0.02845390702,0.04755758027,0.009029709036,0.01056200306,0.01249945833,0.07170442514,-0.04181746224,-0.01988427238,0.02979429983,-0.02564796222,-0.005535129884,-0.0236909572,0.01139452504,0.01129897743,-0.02792306209,-0.007595384712,-0.000327459948,0.01153292321,0.007889920782,-0.007148945683,0.005474267315,-0.01753993833,-0.07108295378,-0.009077856927,-0.003388088939,-0.02877895854,-0.07913390731,-0.0312057077,-0.09842246772,-0.05804754579,-0.03673677662,-0.08169101197,-0.02465939791,0.002424665015,-0.03569174435,-0.00918950741,-0.06496804171,-0.04698425487,-0.1227535709,-0.07147832482,-0.02320492496,0.008161658501,0.06558001,0.04211860702,0.05781570631,0.03244294711,0.06938070472,0.03222969695,0.05256586276,0.02039943599,0.07525691026,0.02899468666,0.0403323611,0.01729511088,-0.004030351162,0.007797916561,0.002356641324,0.03176678224,0.002536795885,-0.0233695822,-0.05055529355,-0.0139181231,-0.0003213709307,-0.08613277408,0.02292368544,0.002386380982,-0.04145754207,-0.07722277767,-0.1253971666,0.0329200483,-0.007802793049,0.03712044348,0.00557814294
-0.01458848306,-0.03507908369,-0.07498263256,-0.04975395592,0.2196673844,0.08822375839,0.3598204261,-0.004148451954,0.01389846607,0.036683761,0.02957956708,0.04803252176,0.009042278974,0.01122477829,0.01142663345,0.06595541357,-0.04250632447,-0.02008150987,0.03354086203,-0.04250539434,-0.02636294127,-0.03719647484,0.007808928745,0.006122118385,-0.03854490296,-0.01650986897,-0.009280759476,0.01534128469,-0.0004765934133,-0.01397602053,0.006791862811,-0.01858639099,-0.07232338942,-0.01288495681,-0.003699818427,-0.02836814254,-0.07681765862,-0.02774709208,-0.09752206794,-0.05705843846,-0.03668286211,-0.08554237829,-0.02405778319,0.001910846885,-0.03504222937,-0.01047837724,-0.06435254805,-0.04684710941,-0.1235729388,-0.0678993664,-0.02388628176,0.009837076955,0.06790814372,0.04184842049,0.05572959205,0.0319666414,0.06574292992,0.03221122416,0.0549516416,0.01865935084,0.07309422004,0.03111526166,0.03865566027,0.02008134775,-0.001562941522,0.01196250362,0.0009349666582,0.03264397341,0.005410603122,-0.02549741831,-0.05357758912,-0.01684367841,0.001903367057,-0.08646677113,0.02020714389,0.00056055531,-0.05446406511,-0.07763031268,-0.1261344418,0.03422538114,-0.01001643984,0.04716013738,0.004654539865
-0.01527960346,-0.03607234848,-0.07445241297,-0.04999439551,0.2207025225,0.09517400315,0.381785856,-0.003635306965,0.01624049548,0.04059272022,0.03605229073,0.05294290242,0.01318332179,0.01097080711,0.0113579582,0.06555785775,-0.04209829391,-0.02065533422,0.03786036721,-0.05861446581,-0.04392801105,-0.05090499088,0.002033348933,0.002543437083,-0.05038785794,-0.0280820306,-0.020870289,0.0161192543,-0.00972916255,-0.02558099491,0.006418933908,-0.01864714409,-0.07295145123,-0.01595524151,-0.004762673881,-0.028851648,-0.07366876376,-0.0252601423,-0.09719017332,-0.05642058677,-0.03599317704,-0.08354309303,-0.02286134265,0.002946821324,-0.03419727219,-0.01238819926,-0.06095739899,-0.04710107566,-0.1229768033,-0.065987731,-0.02451448784,0.01010947207,0.07099635374,0.04348199309,0.05722937152,0.03022889362,0.0668168632,0.0359719325,0.05515013761,0.01944130385,0.07010328775,0.02989577622,0.03823228511,0.0236460791,0.001666803547,0.01187284035,0.0004293494955,0.03546531894,0.006875897339,-0.02889794523,-0.05509283071,-0.01586170097,0.002966673925,-0.08693362189,0.01814985677,-0.0002381152835,-0.0687904414,-0.07746750148,-0.1231537586,0.0367299169,-0.009423009605,0.05651982971,0.004393631538
-0.01384550925,-0.03581736295,-0.06908252507,-0.05042195379,0.2211077347,0.1027041881,0.4014433228,-0.003649269141,0.02084242499,0.0450249995,0.04110813287,0.05507847852,0.01620636183,0.01198493095,0.01437402158,0.06159161812,-0.04311227019,-0.02175400134,0.04095815209,-0.07755687237,-0.0639200122,-0.06683092415,-0.005880846076,-0.006089798036,-0.06488134649,-0.03974898194,-0.03508273638,0.01858623932,-0.02089573472,-0.03776695263,0.0103908866,-0.02108926338,-0.07313171066,-0.01779672963,-0.004723707695,-0.02799085786,-0.07260617187,-0.02208532098,-0.09611818756,-0.05746525664,-0.03409051664,-0.0863407297,-0.02200999321,0.002926419396,-0.0334203384,-0.01343802632,-0.05688305625,-0.04702051322,-0.1209795128,-0.06353301969,-0.02467968028,0.01263066271,0.07384002489,0.04319029614,0.05549607709,0.03160923189,0.0644620227,0.03781921135,0.05702701734,0.01971705824,0.06832540026,0.02865280255,0.03498269419,0.0255995133,0.003483102783,0.0140351742,0.0009014296377,0.0368625738,0.008365392092,-0.03212896815,-0.05832795043,-0.01804765427,0.001620156817,-0.08707131883,0.02175778457,0.003879730975,-0.08537200087,-0.07533416282,-0.1182835668,0.04291279829,-0.007896175472,0.06492763771,0.001796236425
-0.01034732215,-0.03528862472,-0.06633810355,-0.04983748538,0.2220813773,0.1095714622,0.4209486181,-0.002772173651,0.01867793036,0.04656184207,0.04515726009,0.05597274956,0.01907080414,0.01232717322,0.01422284567,0.05852785551,-0.04283957202,-0.02105097988,0.04380802181,-0.0952934011,-0.08661651845,-0.08474384032,-0.0156597144,-0.01570349379,-0.08103989161,-0.05260191889,-0.04743659916,0.01792058027,-0.03349939473,-0.04635517974,0.01282605062,-0.02157606371,-0.07087111506,-0.01999975249,-0.004791648737,-0.02539120503,-0.07018541701,-0.02007445053,-0.09568890271,-0.06007085354,-0.03216193036,-0.08853941354,-0.02014086227,0.004038723657,-0.03320059618,-0.0141004914,-0.05519162641,-0.04848099663,-0.1190176255,-0.0605592279,-0.02359320869,0.0118207375,0.07749317088,0.04326623576,0.05595980049,0.03272360646,0.06379295762,0.03708666319,0.0582163026,0.0203612314,0.06430059059,0.02861763657,0.03322617755,0.02720130536,0.002461225947,0.0145235673,-0.004155828837,0.04073480665,0.007704981106,-0.03315721176,-0.05935873212,-0.01782946787,0.002841636097,-0.08374815065,0.02258911607,0.00144066479,-0.1012848241,-0.07669002421,-0.1138686507,0.04285003189,-0.008748841756,0.07486322042,-0.003103773668
-0.005313089663,-0.03469877681,-0.06787190926,-0.04942086879,0.2249741111,0.1167672031,0.4394859143,-0.001108713467,0.02242287694,0.04990942299,0.04663571414,0.05646653733,0.02164090541,0.0131692829,0.01478349776,0.05825751756,-0.04335020733,-0.02093096096,0.04613814391,-0.1177280988,-0.1084910417,-0.1027478561,-0.02492159417,-0.0263265862,-0.09701974073,-0.06841579175,-0.06265749033,0.01637451399,-0.04918789389,-0.0552477881,0.01824513313,-0.02131280891,-0.07036266148,-0.02290735687,-0.00413391395,-0.02417078581,-0.06658533155,-0.01825058616,-0.09436822927,-0.06027196877,-0.03275640557,-0.09155857148,-0.01838821647,0.00504972791,-0.02928074846,-0.01860592286,-0.05450690252,-0.04721274298,-0.1154325986,-0.06354799119,-0.02421656034,0.01061153914,0.07717954873,0.0434475503,0.05626511431,0.03301430323,0.06595851896,0.03604895785,0.06028598287,0.02026048809,0.06037740607,0.02872123246,0.03038711094,0.0300475258,0.004650106934,0.01236610154,-0.004456652805,0.0403361125,0.007184813146,-0.03589258835,-0.06281143872,-0.01631692597,0.005303345918,-0.08206888874,0.02412822503,0.001555248735,-0.1191740944,-0.07677045289,-0.1108948216,0.04467546642,-0.008639346837,0.0831391395,-0.005948289852
-0.002713844946,-0.03477105373,-0.0629672076,-0.04815579578,0.2287561849,0.1246740289,0.4496515542,0.001757781967,0.02428540657,0.05467696987,0.04892467513,0.05823530628,0.02268805944,0.01332084553,0.01942214948,0.05778835105,-0.04557478401,-0.02109780739,0.04831705096,-0.135768017,-0.131361675,-0.1220596618,-0.03539978667,-0.03527404651,-0.1132091331,-0.08279890554,-0.08198438982,0.01556502512,-0.06448901604,-0.07246017084,0.02008313987,-0.02131691944,-0.07182821811,-0.02530270494,-0.006211361185,-0.02582777238,-0.06198551845,-0.01490509404,-0.09198682074,-0.06219481694,-0.03161675883,-0.09523716213,-0.0188654834,0.007772054781,-0.02598594898,-0.02103694699,-0.05220694301,-0.04295484463,-0.1106526492,-0.06406748186,-0.0246465851,0.007408662619,0.07924121831,0.04452925439,0.05951505825,0.03686561946,0.06384942041,0.03508509618,0.06183817633,0.0210990423,0.05999498836,0.0277839153,0.02841878959,0.03167700258,0.005475536927,0.01526747807,-0.000391220658,0.04192153819,0.006265636549,-0.03852409923,-0.06304550782,-0.01377888025,0.004496556317,-0.07936625094,0.02542194818,0.006845359361,-0.1376217377,-0.07603774067,-0.1082234643,0.04577635267,-0.007226736289,0.08842280113,-0.01078007926
0.002042665504,-0.03251309795,-0.0583477938,-0.04689254639,0.2320057881,0.1327727687,0.4593907042,0.003344006568,0.028230839,0.06053006427,0.04931423831,0.05959548188,0.02735559622,0.01417145781,0.02219879829,0.05589507379,-0.04628165613,-0.0203368603,0.04819202123,-0.1558342836,-0.1555408913,-0.1399676176,-0.04602658639,-0.0475311839,-0.1301005843,-0.09922920295,-0.1007812956,0.01436098921,-0.07811407459,-0.08699879289,0.01798379053,-0.02455035426,-0.0675813804,-0.02490992165,-0.007779639155,-0.02340005366,-0.05202227473,-0.009641804034,-0.07737508621,-0.06144913392,-0.03039435958,-0.09096824061,-0.0171883122,0.006454090211,-0.01913417655,-0.01682508405,-0.04639365146,-0.03490522679,-0.09634071836,-0.05584335811,-0.02556013967,0.006618842436,0.08270775939,0.04751846235,0.06233687454,0.04040178312,0.06160602741,0.03408557111,0.06443878117,0.02303219447,0.0556358686,0.02908333147,0.02666729281,0.03307775739,0.005460818133,0.01644317634,-0.002191351284,0.04502706138,0.005725523378,-0.04029089116,-0.06468420561,-0.01257414198,0.007286876493,-0.07557604573,0.02361334164,0.00720938549,-0.1549592646,-0.06638511159,-0.08755229621,0.05015420079,-0.006620100814,0.06733641565,-0.01217178117
0.00398124861,-0.03225826752,-0.05384576726,-0.04425881115,0.2323196316,0.140340454,0.4673876338,0.006451501301,0.02886314878,0.06450379197,0.05205679157,0.05968531062,0.03074996065,0.01201599815,0.02650988714,0.05214741389,-0.04806295708,-0.01954772305,0.04826270097,-0.177488904,-0.1769293663,-0.1591315705,-0.05961359085,-0.05876280792,-0.1460512697,-0.1162860038,-0.1183168598,0.01179546014,-0.09518664338,-0.1005442647,0.03242942548,-0.02483793614,-0.05677425135,-0.02315544379,-0.007816967873,-0.02097546414,-0.0417102918,-0.003404537241,-0.05642736106,-0.0563033055,-0.02444248905,-0.07815697584,-0.01115522734,0.008160401051,-0.01203857028,-0.01058930738,-0.04009062768,-0.02689804621,-0.07737464682,-0.04510089417,-0.02152302358,0.005580466944,0.08221035966,0.04847615496,0.06584131976,0.04133637156,0.06352753604,0.03454577624,0.06610457255,0.02588464149,0.05454376181,0.03092386141,0.02524272291,0.03522766086,0.006356603963,0.01439077057,-0.006163702673,0.0456570942,0.005171312808,-0.04266723907,-0.0655685737,-0.01328096058,0.004005140886,-0.07266458992,0.02248188614,0.008681777784,-0.1737988176,-0.05683823684,-0.05996132186,0.05144959344,-0.005894688221,0.06286420243,-0.01210694767
0.004779383037,-0.03112804882,-0.04837301213,-0.04119585259,0.2353078617,0.1477558606,0.4698630925,0.008146761624,0.0327180132,0.06994480753,0.05701532216,0.06043823463,0.03511100746,0.01247234633,0.03126149157,0.05539926851,-0.04726655192,-0.01960246441,0.04841226655,-0.1926144073,-0.1945426474,-0.1726073602,-0.07031745992,-0.08494073665,-0.1576466547,-0.1269333743,-0.1335703755,0.01119149541,-0.1072255081,-0.1111833327,0.04723779712,-0.02365040703,-0.03924205621,-0.01933759936,-0.007764735422,-0.01932941544,-0.02950291027,0.003519037793,-0.0312765261,-0.05040085409,-0.01635644525,-0.06676366593,-0.006823386581,0.008083805116,-0.007597001518,-0.00299382321,-0.0345235336,-0.01580330497,-0.05547177485,-0.03531911879,-0.01715796754,0.004278457378,0.08532108176,0.0504431826,0.06684137518,0.04398064739,0.05999538086,0.03309008251,0.06911587415,0.02582492553,0.05597291274,0.03235036168,0.02264574752,0.03510741687,0.00986291518,0.01562398013,-0.006202518669,0.04728254942,0.004954865502,-0.04384960165,-0.06608722888,-0.008847853666,0.00492011424,-0.06884443115,0.02018685108,0.005649517581,-0.1903049641,-0.04784214523,-0.02214010452,0.05393320706,-0.005251519413,0.06748333548,-0.0118859222
0.008492128985,-0.02847877401,-0.04096909335,-0.04008657968,0.2391485626,0.1540681,0.4703252196,0.009369549384,0.04257831555,0.07310904502,0.06204493456,0.06016349615,0.03817271961,0.01249586683,0.03390544353,0.05989088954,-0.04890296684,-0.01898162524,0.04750406903,-0.2065006747,-0.2117963477,-0.1859017034,-0.07855757223,-0.1120851627,-0.1706894328,-0.1382818802,-0.1459185003,0.007188502464,-0.1145710383,-0.1238651517,0.05927271309,-0.01913125577,-0.0174352729,-0.01605260687,-0.007141970289,-0.01569485653,-0.01556579893,0.009923984742,-0.007711981587,-0.04180242352,-0.009329358442,-0.05591900707,-0.00444910571,0.007835832983,-0.003279350362,0.005140503763,-0.02565858146,-0.008492789644,-0.02599657315,-0.02426302235,-0.01304059386,0.001552726075,0.08942100197,0.05183974871,0.06917541141,0.04582969398,0.05742051706,0.03131759708,0.07076440114,0.02723372581,0.05748140924,0.0322028415,0.02255244502,0.03689054387,0.01421850084,0.01590214003,-0.004554313851,0.05184937472,0.003327451184,-0.04673224449,-0.06657987639,-0.003050943109,0.006238041188,-0.06347916813,0.01789009375,0.007251073088,-0.2025584743,-0.03939470979,0.01705473485,0.05508691954,-0.005811288541,0.07190920338,-0.009284424305
0.0132103414,-0.02612744762,-0.03637394776,-0.03795303015,0.2437432995,0.1623201147,0.4715417893,0.01069651646,0.04659985735,0.07879354066,0.06548634006,0.06264440701,0.04268695126,0.01275776204,0.03687524148,0.05883607521,-0.04902877788,-0.01958757326,0.04694951762,-0.2219771718,-0.2310637814,-0.2013333455,-0.09139550316,-0.1363075872,-0.1852054007,-0.1507832553,-0.1603872884,0.002971085818,-0.1219560316,-0.1350373777,0.07401753577,-0.01627971232,0.005018784091,-0.01509162228,-0.005364373961,-0.01426271349,-0.001558535199,0.01690685162,0.02160303908,-0.03305844026,-0.003353907895,-0.04426321107,-0.001923667798,0.007791968837,0.0005061178202,0.01127401027,-0.01754123394,-0.001641406592,0.008522048233,-0.009694211274,-0.008250828137,-0.001182429456,0.09059003002,0.05438760119,0.07279072647,0.04948846936,0.0549546936,0.03176008922,0.07314608636,0.02667063398,0.05830069293,0.03071206931,0.02149295295,0.03717518899,0.0178145967,0.01792375236,-0.003997770102,0.05293901063,0.002838845737,-0.04676227552,-0.06756490382,0.003034641645,0.006329414985,-0.05873968854,0.01887560572,0.01123759202,-0.2181112393,-0.02660823101,0.05960660019,0.05605524106,-0.006063764348,0.07774458803,-0.01006524102
0.01803466959,-0.02401869869,-0.03073929091,-0.0359313554,0.2492828553,0.1684487657,0.4682853384,0.01207643707,0.05261620643,0.08635778899,0.07083245273,0.06446693417,0.04473994091,0.01411108432,0.04217313042,0.05904320939,-0.05031287026,-0.02133943736,0.04795585853,-0.2351596343,-0.2490684533,-0.2171826497,-0.1034430096,-0.1611660326,-0.1988949305,-0.1637795939,-0.1746928879,-0.0006083438336,-0.1283742613,-0.1445115048,0.08831049076,-0.01346216476,0.03356835448,-0.01132440783,-0.002696050587,-0.007402201135,0.01238201152,0.02534355825,0.05196693099,-0.02471523663,0.005551369488,-0.03308658573,0.002123454611,0.00556354604,0.002484673085,0.01686807831,-0.004952596352,0.00582308185,0.05872178343,0.009551246305,-0.003089928652,-0.002735367841,0.08782557794,0.05689134426,0.07534758206,0.05025020357,0.05440885846,0.03227846701,0.07556314579,0.0282261204,0.05942584099,0.0302356698,0.01994944578,0.03915630792,0.02147138306,0.02527840451,-0.006901206596,0.05353970982,0.000171408774,-0.04613851023,-0.06923287363,0.008339107984,0.006108414815,-0.05611912497,0.0201229025,0.0136969325,-0.2321255868,-0.01689337605,0.1078057127,0.05906238552,-0.008128510659,0.07749436749,-0.01250310469
0.02073958097,-0.02316316331,-0.02737248511,-0.03366813103,0.2563119438,0.1764343638,0.4610775085,0.01433686199,0.05895322537,0.09130667217,0.0792170155,0.06855232701,0.04803506899,0.01297085533,0.0456251461,0.06469782045,-0.05209426805,-0.02075947861,0.04625364797,-0.2484758226,-0.2654143757,-0.229833891,-0.1146737496,-0.1851019568,-0.2112552572,-0.1756493918,-0.1869624514,-0.0043214986,-0.130912047,-0.1533037631,0.1035926981,-0.01079551754,0.06298503374,-0.00825975886,4.28E-05,-0.0001611600568,0.02835678472,0.0349036834,0.08319509792,-0.01421881791,0.01278974616,-0.01843602563,0.006513451345,0.008367303215,0.006603214117,0.0258802242,0.00245340026,0.01310819792,0.1199788522,0.02256543082,0.002702436822,-0.001838006736,0.08493533558,0.05719505918,0.07788422736,0.05071813553,0.05379553824,0.03476232101,0.07940055745,0.03138615087,0.05981960208,0.02869995593,0.01999328591,0.04073812083,0.02405531649,0.02845160112,-0.004912818389,0.05627030038,-0.004104567654,-0.04590004236,-0.07221048523,0.01466817712,0.005820395428,-0.05053587905,0.02222504349,0.01421848308,-0.24673859,-0.004677095084,0.1586573228,0.06226221329,-0.008640397652,0.07967112409,-0.01752686614
0.02231188292,-0.02194872494,-0.02031759234,-0.02759188759,0.2623075032,0.1833120271,0.4564269249,0.01636884891,0.06307081763,0.09767853199,0.08659240679,0.06678572075,0.04928743177,0.01392686968,0.04870202323,0.06512961164,-0.05403681886,-0.02215559409,0.04445815994,-0.2612745193,-0.2806672872,-0.2425508142,-0.1253152212,-0.2096760551,-0.2257699873,-0.1861055716,-0.1985160447,-0.007992797637,-0.1321148018,-0.1617633256,0.123415591,-0.007927868063,0.09672018011,-0.003940104845,0.004383750155,0.006610270392,0.04469291493,0.04471731122,0.113548619,-0.005841461153,0.02178287224,-0.008668733209,0.01343945036,0.009580685726,0.01077973342,0.03537961961,0.0128866835,0.02029063895,0.18994344,0.03942580483,0.007237256258,-0.002262341364,0.08256713888,0.05905266236,0.08189723653,0.05262812752,0.05259639016,0.04067123895,0.08371665554,0.03336062239,0.05967237068,0.02861692883,0.0206811074,0.04418569965,0.02805529607,0.03292819824,-0.007999155856,0.05809167615,-0.00452508788,-0.04441753745,-0.07299440803,0.01901028062,0.007108276236,-0.04617592293,0.02466766947,0.01610820696,-0.2613059059,0.007080950145,0.2129359323,0.06243189094,-0.008920614974,0.08139990045,-0.0188865091
0.02247520079,-0.01846454314,-0.01514021411,-0.02529068446,0.2662661578,0.1926325548,0.4494756839,0.01668825119,0.06247656253,0.1003795861,0.09044191854,0.06813716836,0.04769778567,0.01335427736,0.05199070928,0.06439162651,-0.05509178539,-0.02045449101,0.04176581449,-0.2705004315,-0.2920247891,-0.2530046506,-0.1354449321,-0.2348319361,-0.2340998254,-0.192723985,-0.207220381,-0.01275086237,-0.1286692399,-0.1710765476,0.1456559436,-0.006128128727,0.1345423703,0.0007990449338,0.008330658444,0.01288303739,0.05925892553,0.05542260506,0.1476485581,0.005552741569,0.03289160687,0.003073408567,0.01901040478,0.01248219475,0.0169832413,0.0443823724,0.02374599896,0.02751827803,0.2635116141,0.05606837424,0.0110023824,-0.00260904827,0.07848476956,0.0591690973,0.08663052852,0.05710997069,0.05142055357,0.0434579707,0.08592102478,0.03647373664,0.06166921471,0.02994624714,0.02165198217,0.04846954173,0.03040888037,0.03980091032,-0.009850213069,0.05974300647,-0.007826829532,-0.04308676649,-0.07379144169,0.02385536339,0.009847990065,-0.04398774863,0.02635826317,0.01552970611,-0.2727091915,0.02157228452,0.2720491198,0.0643504333,-0.006940984675,0.07616766813,-0.02372278295
0.02613580751,-0.01690516084,-0.009290619952,-0.0256052183,0.2662667874,0.2011722626,0.4426115761,0.02157403217,0.06558979058,0.1031254917,0.09378300122,0.07107996735,0.04928280074,0.01356799954,0.05460425437,0.06988407531,-0.05624464441,-0.01966713321,0.04136103485,-0.2784240847,-0.298633493,-0.259858806,-0.1446770634,-0.2565390451,-0.2431757404,-0.1971501334,-0.2150772323,-0.01938529674,-0.1207033261,-0.1780387113,0.1742667453,-0.002098363031,0.1695718268,0.008177712181,0.01370174753,0.01903893284,0.0727762784,0.06689620072,0.1821468028,0.01411717587,0.04365994803,0.01311483725,0.027186255,0.01321147498,0.02306099761,0.05045287645,0.03549076503,0.03617689952,0.3379101773,0.07214428249,0.01581929043,-0.0009321289201,0.078018524,0.06108099905,0.09098630297,0.062184853,0.05416138504,0.04929133541,0.08889882099,0.04029074002,0.06588232467,0.03132094947,0.02260358068,0.0519590629,0.03086398549,0.04298531485,-0.01055565498,0.06273529411,-0.01148505266,-0.04411521166,-0.07397964952,0.02861172996,0.01191323202,-0.03807020761,0.02785701115,0.01713331183,-0.2817372385,0.03593189591,0.3276766232,0.06845737885,-0.0030896778,0.07686719516,-0.02543497894
0.02854984976,-0.01432599154,-0.003512058045,-0.02444202984,0.2676718075,0.2079014896,0.4329624995,0.02612719582,0.06484213425,0.105860281,0.09414435356,0.07181898837,0.04218860433,0.0149822739,0.05682616981,0.06781486061,-0.05832055879,-0.020465355,0.03905627333,-0.2833314898,-0.3047807875,-0.2633368044,-0.1515337052,-0.2769650278,-0.247286095,-0.19886653,-0.2190329708,-0.02020961821,-0.1048013447,-0.1802204772,0.2010803902,0.001560601968,0.2060066293,0.01501951832,0.01811075481,0.02509730615,0.08591390943,0.07927267732,0.2180079243,0.02583240224,0.05400740818,0.02423628204,0.03446811731,0.01562843821,0.0280243291,0.05701424981,0.04670114743,0.04431344276,0.414057533,0.08575727587,0.0212105097,0.000394244023,0.06643040136,0.0616755836,0.09555912724,0.06659765431,0.05296738913,0.05166383031,0.09477841449,0.04282436124,0.07013865586,0.03471824863,0.0246614229,0.05268864769,0.03055955176,0.04652882528,-0.01207382621,0.06466683115,-0.01321441207,-0.04343561687,-0.07500384902,0.03341141498,0.01405917059,-0.03232352108,0.02869051421,0.02126573735,-0.2875366516,0.05163433488,0.3860348853,0.074060257,-0.0004709068165,0.07413061063,-0.02996860103
0.03237352938,-0.01213069644,-0.0005574710522,-0.0212592281,0.2723756831,0.2129715186,0.42517191,0.02859299081,0.06434269338,0.1098876608,0.09237000266,0.07169378424,0.040030785,0.01574516851,0.05838383293,0.06774861819,-0.05747890296,-0.01975957072,0.04052656858,-0.2841720691,-0.3065909374,-0.2638454635,-0.1540546315,-0.2919845811,-0.2486177243,-0.1995132598,-0.2210597278,-0.0230560859,-0.07753294691,-0.1816497664,0.229713363,0.006528653969,0.242379188,0.01963136004,0.02348470253,0.03066341795,0.09962261617,0.0907060805,0.255887687,0.03692467726,0.06158302355,0.035568355,0.04156948482,0.01838983921,0.0336695617,0.06476992058,0.05950587347,0.05347734113,0.4942796856,0.1021535845,0.02700769417,0.0004050644339,0.06648316072,0.06357934274,0.1006152104,0.07027400901,0.05394533145,0.05270528719,0.09712485899,0.04419739034,0.07174325125,0.03791822019,0.02828713534,0.05677435942,0.03152628218,0.05161042303,-0.01177975623,0.06460944482,-0.01177963611,-0.0440253873,-0.07417952334,0.03956651719,0.01955452579,-0.0295868316,0.0267157462,0.01598667508,-0.2892873641,0.06632458928,0.444976678,0.0779140534,0.003221832081,0.07101235873,-0.03130066948
0.03403230814,-0.009901124081,0.002397456786,-0.0189569546,0.2798634337,0.2207324699,0.4131301425,0.02828708374,0.06407335435,0.1180007815,0.0927972067,0.07189182457,0.03747096823,0.01668649198,0.06365348369,0.07035091219,-0.05876686844,-0.02034074698,0.04318658444,-0.2850225563,-0.3057015468,-0.2604632172,-0.1535051963,-0.3047843701,-0.2463230974,-0.1960257525,-0.222762862,-0.02009767847,-0.03397917017,-0.1801565911,0.2667219275,0.01030666918,0.2777125782,0.02548995938,0.02895012641,0.03677378202,0.1152361929,0.1054444888,0.295948799,0.04779242785,0.07129531983,0.04501007381,0.05060780304,0.018106075,0.03938715252,0.07305334572,0.07517300348,0.06281025234,0.5784350744,0.1170786866,0.03255227099,0.00409632543,0.07203116282,0.06464641626,0.1034689111,0.07449232852,0.05466570715,0.05536327927,0.09940598358,0.04609112121,0.07590674114,0.04017264709,0.03144395922,0.05911482608,0.03493216216,0.05657631894,-0.01039014357,0.06498674718,-0.005041209364,-0.03487217162,-0.07133954909,0.04421524606,0.02357563469,-0.02639316411,0.02602601512,0.01919673403,-0.2903256707,0.08300508259,0.5086823135,0.08365661502,0.003594626201,0.0665850909,-0.03407248054
0.03604842641,-0.008202771572,0.008309221199,-0.01692013592,0.2836185727,0.2295345383,0.4013569022,0.03072756936,0.067325525,0.1376940278,0.1075714455,0.07437852834,0.0341834182,0.01862176447,0.07438548255,0.06648292202,-0.05842255029,-0.02221164662,0.04760006811,-0.2785317807,-0.3031089464,-0.2536566813,-0.1505112632,-0.3162773606,-0.2421127244,-0.1874756858,-0.2154986304,-0.01627337194,0.03251080716,-0.1759195825,0.3156443603,0.01400461957,0.3139930759,0.03048755117,0.0322748524,0.0437662665,0.1280204935,0.1218371328,0.3358134243,0.05729334779,0.08285846519,0.05914281163,0.05825387623,0.01925470356,0.04339582244,0.08257074838,0.09133498629,0.06906117704,0.6626168206,0.1390460866,0.03773921432,0.006418071458,0.09053305631,0.06611217277,0.1070535901,0.07715917466,0.05735083598,0.05942301885,0.1015299488,0.04951941115,0.08086723515,0.04275860735,0.03605972231,0.06105188016,0.04261139879,0.09235105691,-0.006940876543,0.06511855643,0.005860806207,-0.01363062708,-0.04412304886,0.05047611462,0.02698805557,-0.02246269132,0.02876112721,0.02200882448,-0.2874781372,0.1009728553,0.5744368468,0.08755828924,0.005165244291,0.06545946688,-0.02566898065
0.03833001787,-0.004775821922,0.01025742713,-0.01405353305,0.2875538604,0.2350853839,0.3905238641,0.03167765108,0.06867953007,0.1657756802,0.1358043153,0.08134979516,0.0416787099,0.02100017843,0.08454734128,0.06769534064,-0.05580159461,-0.02001534259,0.05371877263,-0.2721047901,-0.2922873957,-0.2419340876,-0.1423595529,-0.3252600825,-0.2337269355,-0.1766028426,-0.2054996065,-0.01182609642,0.1122111486,-0.1660868244,0.3746483803,0.01870285028,0.3521794105,0.03624193522,0.03943311283,0.05248845571,0.1411910656,0.1388818286,0.3775282241,0.0687133516,0.09233378839,0.07324926299,0.0695503712,0.01968136998,0.04678969765,0.08998533532,0.1090063111,0.07646321907,0.7596656217,0.1565696162,0.04312479962,0.00957152313,0.1113331563,0.0676633178,0.109807319,0.07724879045,0.06709318037,0.06221146016,0.1049179968,0.05155539936,0.08624534046,0.04579318822,0.03744272775,0.06172637234,0.05282462308,0.150465647,-0.000183011656,0.06831451433,0.02322854215,0.01484026617,-0.0008229936572,0.06113217778,0.03865226719,-0.01788519936,0.03333711965,0.03065205314,-0.2793572798,0.1165664979,0.6435790027,0.0927244938,0.008181783764,0.06354604603,-0.005131215996
0.03766592658,-0.004483767331,0.01356772071,-0.01385364906,0.2943611035,0.2381037055,0.379975301,0.03341816006,0.07309908734,0.204508544,0.1749779986,0.09397834201,0.06199575948,0.02456588755,0.0996536825,0.07685553303,-0.05203781769,-0.01894884598,0.06215192929,-0.2636624142,-0.2823533601,-0.2280551405,-0.1337121705,-0.3305760364,-0.2238403774,-0.1619818803,-0.1924712511,-0.006853607984,0.1963485216,-0.1562619183,0.4373700353,0.025542201,0.3901189726,0.04073904619,0.0461787591,0.05842656988,0.1476190145,0.1547561617,0.4045019334,0.07937281129,0.1035600995,0.07930192077,0.07983088579,0.02241230114,0.04641344329,0.08991637627,0.1237593153,0.07683608328,0.858319315,0.1665939094,0.0474785877,0.0122064677,0.138799661,0.067897015,0.1131379017,0.08017472383,0.08099599214,0.06645179617,0.1087195003,0.05283615343,0.08812700544,0.04806292006,0.03893386102,0.06393039945,0.06671730067,0.2263123935,0.01792123463,0.07642635507,0.05828632239,0.0553317001,0.05364425559,0.07733057759,0.05499688209,-0.01711274038,0.04236929456,0.04519726612,-0.2723577087,0.1239230018,0.6936237672,0.09792125684,0.01015363803,0.09056470663,0.02823857263
0.04058098723,-0.001542127726,0.01356799339,-0.0127791834,0.3006779224,0.2463347997,0.3668357253,0.03519285069,0.08531593148,0.2507150266,0.224959445,0.1167363737,0.1966926301,0.03073641126,0.1202386822,0.08938406136,-0.04989828772,-0.01682198715,0.07165385927,-0.2513141995,-0.2717917313,-0.2130247401,-0.1258868835,-0.3360560846,-0.2107543241,-0.1489088873,-0.1780909592,0.0009499593332,0.2839160775,-0.1441106994,0.4871183205,0.03003343169,0.4142016668,0.04352495533,0.04986902898,0.06096071033,0.162018361,0.1710532636,0.4256053283,0.0843623039,0.1082471834,0.081399959,0.0835221449,0.0229235912,0.04631728523,0.08880056845,0.1369601694,0.07749062679,0.9513070436,0.1793172776,0.04795715679,0.01452863258,0.176249582,0.07014707446,0.116374687,0.08225856823,0.09340944468,0.07223957251,0.1135608275,0.05424977186,0.09274766308,0.05009785815,0.04219566694,0.06666541958,0.08094149457,0.2934815019,0.04510943317,0.1142937808,0.09749602193,0.1048775228,0.1167295183,0.1078673866,0.08163311622,-0.01346093997,0.05696731699,0.0614454061,-0.2629788634,0.1297987722,0.7364135066,0.1090917667,0.01292470713,0.1309577877,0.06917059997
0.0437855288,-0.0007425836918,0.01494875938,-0.01372452923,0.3039699217,0.2531882692,0.3625795579,0.039909171,0.1060179493,0.3054463999,0.284505,0.164023755,0.3634526462,0.0390532883,0.145216684,0.09785346887,-0.04824208773,-0.01517688978,0.0808127822,-0.2441255988,-0.2615726936,-0.1993194056,-0.117871672,-0.3258045511,-0.2006120758,-0.1367191698,-0.1651650351,0.005701859272,0.3705693076,-0.1343452776,0.5506177499,0.03370160014,0.4314505293,0.0452751262,0.05319919469,0.06419820452,0.181440875,0.1891354874,0.4435618162,0.09012100635,0.1100645432,0.07969659623,0.08918294839,0.02630844852,0.0483421064,0.0867827946,0.1496690382,0.07561823374,1.037205558,0.1868479439,0.04819768151,0.0183673304,0.2214646255,0.0727044194,0.1188691909,0.08839946808,0.1085961198,0.07955057036,0.1167554075,0.05910895747,0.0944324766,0.0538381915,0.04626734392,0.07003903404,0.09643454669,0.3728337199,0.07407587011,0.2614148674,0.1369200542,0.1575647456,0.1838669485,0.1352337005,0.1079063259,-0.01018259035,0.0681234982,0.08094050879,-0.2513049126,0.1350994725,0.7687718628,0.1180294248,0.01722359112,0.1852342773,0.1127268813
0.04452642031,0.0001616533057,0.01504221928,-0.01304150636,0.3091094424,0.2583007796,0.3560861676,0.04284234867,0.1368732584,0.3651618583,0.3555591513,0.2850369791,0.5289461058,0.05119067579,0.1798829565,0.1119630032,-0.04432222507,-0.01381711245,0.09209642714,-0.2354440289,-0.2485281259,-0.1836289696,-0.1100759985,-0.3148466418,-0.1891781559,-0.1261263762,-0.1497951857,0.01075532441,0.4516180277,-0.1217946215,0.6264901433,0.03485841662,0.448060318,0.0463857327,0.05611702377,0.06903572798,0.1981949658,0.2088540938,0.4630189349,0.09137788827,0.1151432252,0.08138641621,0.09456596099,0.02941561785,0.04779950318,0.0858485713,0.1577093722,0.07464885517,1.109618632,0.1913243209,0.04747911921,0.02426414017,0.2812074325,0.0761433867,0.1224925361,0.09825443226,0.1270616066,0.08528554016,0.1241034533,0.0639647363,0.09497405081,0.05867910947,0.05043951854,0.07116114209,0.1121339072,0.4555725376,0.1099010935,0.4171209118,0.1775303304,0.219997138,0.2577894395,0.1621278778,0.134844698,-0.009346498689,0.08041607708,0.0976381003,-0.241760865,0.1398225554,0.7950009968,0.1304660276,0.02331358921,0.257175998,0.1601027098
0.04635223243,0.001194313671,0.01642734809,-0.01342997587,0.3105404179,0.2627111712,0.3481697783,0.04790917097,0.1897719054,0.4338617626,0.4426415767,0.4651601442,0.6934723416,0.06608096901,0.2322337384,0.1273724692,-0.04136911922,-0.01121186375,0.1042750326,-0.2238873822,-0.2379623049,-0.1678752121,-0.1014292231,-0.3042136236,-0.1773911518,-0.1126664079,-0.1382104761,0.01548794198,0.5339992087,-0.1137200415,0.7057214144,0.03908603059,0.4637403474,0.05041248882,0.05865928987,0.07504948856,0.2093169599,0.2280406594,0.4790089825,0.09340692088,0.1218802334,0.08187231622,0.1006462564,0.03293180149,0.05067419988,0.08470201829,0.1668022925,0.07480800806,1.179307377,0.1959672815,0.04923086064,0.02996028368,0.3752524162,0.07913699254,0.1257064794,0.1074529164,0.1450900453,0.09365214628,0.1312203431,0.06764916732,0.09653914793,0.0633438879,0.05408440686,0.07354050579,0.1278430312,0.5444158162,0.1523012809,0.5740359122,0.2175010024,0.2864856676,0.3347827631,0.1925054829,0.1640536053,-0.008525123014,0.09516768093,0.1135980719,-0.2308359275,0.1450704527,0.8184842307,0.1408423646,0.02935602041,0.3429929487,0.2148693189
0.04567891369,0.003507950599,0.01852770755,-0.0132554639,0.3160229558,0.2699054889,0.3398990648,0.05387788446,0.2537181825,0.5060473536,0.532585342,0.6661695355,0.8550149914,0.0821715377,0.3268505677,0.1392117319,-0.03590059952,-0.007648243163,0.1143972866,-0.2100355283,-0.2246520049,-0.1491551942,-0.08953271863,-0.2910677798,-0.1645543519,-0.09905775869,-0.1226348131,0.02266130941,0.6161587827,-0.09981486801,0.7873359952,0.04179391235,0.4711810299,0.05403842042,0.06039464507,0.0782964852,0.2201734987,0.2465129135,0.4940731964,0.09528087245,0.1265447888,0.08449347608,0.1060279528,0.03368427783,0.05392256673,0.08578089521,0.1693750765,0.0732359888,1.232925572,0.1960885404,0.05023849199,0.03686276338,0.4989803848,0.08263631094,0.1293431857,0.120991999,0.1647085639,0.1025033663,0.1407929147,0.07040695457,0.09725500316,0.07003223629,0.0565853021,0.07524703839,0.1423122931,0.6367469054,0.2044539872,0.7304657546,0.2601216462,0.356019928,0.4159064377,0.2198932134,0.1923680995,-0.004688348218,0.1117120165,0.1331993299,-0.2170311727,0.1519074349,0.8400155084,0.1515735096,0.03695943723,0.4384894408,0.273298186
0.04502311078,0.004751392796,0.02308147447,-0.01128512786,0.3166814256,0.2742198167,0.3284728432,0.06141573173,0.3262619699,0.583378758,0.6331859898,0.8700239414,1.015777884,0.09992927023,0.4322363088,0.1530311772,-0.03185612003,-0.002753175889,0.1291482386,-0.1938617923,-0.2072396227,-0.1269533124,-0.07779635649,-0.2754246549,-0.1483393608,-0.0829084708,-0.1053097185,0.02970957318,0.697566609,-0.08723060328,0.8691630692,0.04509970798,0.478225921,0.05938547365,0.06346134497,0.08341624012,0.2284338856,0.2632200513,0.508719456,0.09823756815,0.1319323164,0.08416643043,0.1108111518,0.03417441198,0.05589820433,0.08448519821,0.1755744597,0.07038546154,1.27876427,0.1992034335,0.04942386862,0.04281063851,0.6304123944,0.0893611471,0.13335579,0.1364050277,0.1822267681,0.1126762692,0.1497681294,0.07634638099,0.1013848119,0.07582161837,0.05819871921,0.07559840369,0.1580053245,0.7318636692,0.2511175682,0.8863868696,0.302255982,0.4256816691,0.4967391047,0.2445138301,0.2235802593,-0.003257209052,0.1311609204,0.1515595276,-0.19898823,0.1542812682,0.8533741316,0.1631134992,0.04406455759,0.5429144442,0.3316200944
0.04590543557,0.006624853979,0.02214189917,-0.01345166102,0.316899423,0.2790519634,0.3190650313,0.06792336653,0.4135971514,0.6676347544,0.7380262673,1.077271603,1.173998943,0.1182740093,0.5395535414,0.1771119178,-0.02660778578,0.000210443772,0.1446784822,-0.1778623515,-0.190489843,-0.1060327083,-0.06553892466,-0.2601650335,-0.1297814666,-0.06754238936,-0.08532872075,0.0357185819,0.7744080709,-0.07136357741,0.944354575,0.04803971827,0.484192847,0.06278652564,0.06155219613,0.08621966457,0.235256839,0.2795910584,0.5220509875,0.09765739641,0.1369855174,0.08401998329,0.1131077759,0.03189205713,0.05829890473,0.08169567866,0.1799429286,0.0711864846,1.320320638,0.2005406144,0.05063648459,0.04707925569,0.7651925699,0.094405558,0.1352433777,0.155086149,0.2024703472,0.1200650997,0.1571326832,0.08313696671,0.1038059569,0.07957999916,0.05886498876,0.07808107756,0.1731614635,0.8312275511,0.3103497688,1.040467971,0.3430758134,0.4952063558,0.5798517781,0.2720805872,0.2575109109,-0.002150156927,0.1475254661,0.1719102512,-0.1805512158,0.1601201383,0.8679057293,0.1746059148,0.05043256629,0.6416769185,0.3848977752
0.0435239344,0.00944815176,0.02521271455,-0.01147022472,0.3213415758,0.2811459388,0.3050509153,0.07430296024,0.5079722885,0.7581201817,0.8545745188,1.281298483,1.329584464,0.1358855876,0.6473962299,0.2041010451,-0.02125826692,0.005165403435,0.16287002,-0.1622574048,-0.1730245424,-0.08599833217,-0.05264001282,-0.2428781061,-0.1125652036,-0.0523132645,-0.06679595928,0.04050876847,0.8499296321,-0.05699531845,1.018433547,0.05053318039,0.4824450082,0.0657454702,0.06255268903,0.09141572619,0.2460619434,0.2962608358,0.5327594345,0.09691661482,0.1385254177,0.0863993077,0.1184703526,0.02963391848,0.0609571937,0.08263879103,0.1817021549,0.07048721632,1.353275957,0.2047744735,0.05208023531,0.0519916175,0.900166072,0.1030530511,0.1367762562,0.1709055542,0.2253268824,0.1318238132,0.1658413677,0.09035120967,0.1059080909,0.08121718568,0.0615111588,0.07577235605,0.187668847,0.9347997195,0.3692628242,1.196752618,0.3843615118,0.5660284569,0.6639787509,0.2999147404,0.2898958408,0.00265116707,0.1701866253,0.1974914015,-0.1625852715,0.162866758,0.8773758952,0.1870129576,0.05396761289,0.7501920994,0.4428566828
0.04358599519,0.01269332341,0.02721204735,-0.008207382164,0.3279276033,0.2866730887,0.2962517891,0.07880578535,0.6089779709,0.8506532657,0.9837029823,1.477797591,1.476079455,0.1534900469,0.7551118692,0.2308463719,-0.01461958838,0.008613172756,0.1827280162,-0.144103635,-0.1550537398,-0.06076286589,-0.03965128231,-0.2243044672,-0.09250698587,-0.03725393835,-0.04807092591,0.04778067996,0.924390539,-0.03991409864,1.085052886,0.05277623635,0.4902827019,0.0661380473,0.06164270093,0.09216682186,0.2584734571,0.3109134895,0.5416970747,0.09815749849,0.1394158363,0.08626076753,0.1235614769,0.0307671569,0.06207491133,0.08362199586,0.1838845459,0.06990300718,1.386003572,0.204136749,0.05289496498,0.05619000672,1.032511421,0.1109062698,0.1370891615,0.1913428345,0.2479081563,0.1411489623,0.1733666405,0.09719985662,0.1086911192,0.08591637811,0.06258875584,0.07513297732,0.201093565,1.028857279,0.4361111889,1.350561327,0.4238074211,0.6366107465,0.7475757237,0.3290783197,0.3202327799,0.005377350453,0.1999133535,0.2160676685,-0.1438027556,0.1673212754,0.8888961235,0.1962264666,0.05633877684,0.8659962429,0.4997511093
0.04471166361,0.0147960234,0.03160895707,-0.005689287865,0.3346509636,0.2898732909,0.2878865476,0.08559574562,0.7150379391,0.9469414549,1.125259906,1.665287408,1.621024253,0.1697448567,0.8622738144,0.2586442847,-0.006936400669,0.01497000768,0.2080968463,-0.1264939729,-0.1374699518,-0.03806929273,-0.0280011299,-0.208022798,-0.07671464624,-0.02165727622,-0.03032623658,0.0498542304,0.9900506714,-0.02696876409,1.155249321,0.05658754943,0.4995684007,0.06793273132,0.06232261091,0.09652330878,0.2708475991,0.3253482111,0.5495718737,0.09573356795,0.1424640081,0.08203911959,0.1282174532,0.02981962038,0.06106852365,0.08685124963,0.1843873868,0.06859752233,1.412179364,0.2090772426,0.05448633298,0.06189916963,1.176019405,0.1187587048,0.1365653808,0.2162633998,0.2730014543,0.1538089484,0.1800751918,0.1032327748,0.1092566018,0.08979202308,0.06385583594,0.07698144028,0.2160062551,1.13610383,0.507752941,1.504848469,0.4628400416,0.7070150669,0.8335356492,0.357138214,0.3514409688,0.005698829598,0.2330857419,0.2358848819,-0.1254692586,0.1687455704,0.8926284171,0.2022780855,0.0595719243,0.9814724324,0.5529653878
0.04627726953,0.01527574982,0.03625079852,-0.00597547639,0.3365226913,0.296452374,0.2801427321,0.09397118336,0.8215852545,1.041490159,1.280896891,1.848266711,1.758169435,0.1876417501,0.9679465005,0.2863461764,0.0006012877776,0.02105360407,0.2341469483,-0.1142963683,-0.1214563603,-0.01654742474,-0.01816316946,-0.1945752118,-0.06007175524,-0.007265763331,-0.01314449339,0.05223490826,1.046621476,-0.0154624742,1.221437704,0.06135384945,0.5103757669,0.07243694423,0.0620794053,0.1019329603,0.2821219378,0.338461112,0.5555167571,0.09417816972,0.149608186,0.08268879477,0.1336726499,0.02849713191,0.06149429504,0.08738748069,0.1849217705,0.06731830441,1.439983026,0.21337027,0.05309077224,0.06746431636,1.306263021,0.1301261337,0.1382235699,0.2554217847,0.2992403937,0.1730753071,0.1880071567,0.1107302184,0.1083767037,0.09309806763,0.06264792328,0.07424263656,0.2292968849,1.237200636,0.5796959828,1.659491137,0.4982671738,0.7784344966,0.9200067915,0.3839767358,0.3810162537,0.01056535101,0.2707586424,0.2630189522,-0.1104881622,0.1712295356,0.9005431731,0.2067325468,0.06208505336,1.103710987,0.6089992318
0.04715224501,0.01596300096,0.03760818249,-0.0045921856,0.3358878682,0.3014629146,0.2780211523,0.1044893715,0.9312633203,1.138193051,1.447274361,2.025105758,1.88803975,0.205351209,1.070875339,0.3160357458,0.009399733208,0.02771659728,0.2609364247,-0.1014836013,-0.1103230356,0.0003338052211,-0.01080943889,-0.1824409516,-0.04913965968,0.001763119942,0.001348197494,0.05238207541,1.086106945,-0.006225154198,1.279555896,0.06719364373,0.5209739035,0.07523623252,0.063771548,0.1042475682,0.2893286263,0.3494738308,0.5584481685,0.09396693796,0.1577213691,0.08266099421,0.1366230178,0.02753677766,0.06296430045,0.08790529213,0.1825636412,0.06456755994,1.455419749,0.2145517882,0.05376893999,0.0708790635,1.431040949,0.1453058272,0.1391977129,0.3072980699,0.327222796,0.1967086044,0.2013356236,0.1179885061,0.1096834041,0.09554606224,0.0609595429,0.07350553076,0.2420991942,1.349493237,0.6529684725,1.810712848,0.5293470593,0.8397899373,1.001698193,0.4123352849,0.4106894423,0.01625656385,0.3106621052,0.2842578722,-0.09749547503,0.1738421817,0.9019047895,0.215400561,0.06435131095,1.22292818,0.6637986155
0.04594973554,0.01932108591,0.04209630252,-0.005300382278,0.3394031121,0.3044859327,0.2762528275,0.1109830441,1.035149119,1.226406796,1.604025992,2.186869874,2.009306093,0.2227419461,1.166470294,0.3483001602,0.01633254104,0.03698647816,0.2875193876,-0.09127928011,-0.09568900167,0.01871080572,-0.004613333671,-0.1703804784,-0.03297155836,0.009989153177,0.01263335116,0.05491353587,1.105910635,0.001022474793,1.322916556,0.07066556675,0.5294729325,0.07695937019,0.06408599735,0.1064058594,0.2993585871,0.3587072957,0.5625728703,0.09407884727,0.1640243917,0.07935676484,0.1390332522,0.02811738993,0.06182665931,0.08688983004,0.1809723699,0.06509253044,1.462900165,0.2172373786,0.0523941789,0.07563295865,1.545025666,0.1598385535,0.1384949412,0.3983400046,0.353287406,0.2264337431,0.2136820669,0.1253962054,0.1124627676,0.09935283496,0.06043486693,0.07283186911,0.2503015368,1.422603442,0.7294606714,1.961815497,0.5549964957,0.8874188129,1.060233932,0.43950372,0.4400327851,0.0212916299,0.3507208717,0.3041390977,-0.08394445082,0.1736323548,0.897476479,0.2216242015,0.06686177794,1.332689158,0.7056717065
0.05007673727,0.02022284129,0.04760948196,-0.004454700934,0.3414815036,0.3120662131,0.275654833,0.1191678678,1.135876379,1.309422464,1.752310963,2.341480903,2.116726198,0.2397452112,1.259360438,0.3830884716,0.02542947299,0.04606764416,0.320210251,-0.08040503983,-0.08689409217,0.03489153039,-0.002317105768,-0.159931776,-0.01939516799,0.01535178279,0.02385073096,0.05505286956,1.110384145,0.008938053209,1.357173389,0.07557601965,0.5390437596,0.08066168204,0.0638639678,0.1056519503,0.3048354173,0.3665362665,0.5634329063,0.092311237,0.1702166328,0.07564587338,0.1393495597,0.02842053597,0.06055155424,0.08522184581,0.175592689,0.06125603359,1.450815516,0.2258189213,0.05341063327,0.0805532787,1.64994244,0.173998984,0.1368777125,0.516533472,0.3743736617,0.2661341876,0.2270787459,0.1356735804,0.1128191246,0.1050999294,0.06360795515,0.07612215255,0.2537312612,1.486193378,0.8004274909,2.108274783,0.5756068947,0.9277596214,1.097334581,0.4614290278,0.4616010604,0.02557167262,0.3927877283,0.3198060032,-0.07398737933,0.173402767,0.8940214364,0.2292962441,0.0693021906,1.441972537,0.7349025512
0.05233436183,0.02306288995,0.05319048969,-0.001648515208,0.3418378133,0.3199208799,0.2671906979,0.1260478584,1.231184017,1.384472922,1.902902566,2.487492702,2.202368795,0.2538828733,1.346831698,0.4127741921,0.03288518093,0.05424859804,0.3543440697,-0.06655940027,-0.07436061616,0.05404125217,0.001151385604,-0.1488038171,-0.006756671684,0.02128849869,0.03420947772,0.05264845955,1.111901942,0.01560749461,1.389282551,0.07911743388,0.5432701996,0.08197123459,0.06346556353,0.1049456109,0.3108529186,0.3720880407,0.5629136694,0.09030212376,0.177645227,0.0713236219,0.138901492,0.02699523952,0.05816460856,0.08514486826,0.1649502813,0.0583881791,1.422222014,0.231885918,0.05346307531,0.0861841507,1.751404409,0.1919395441,0.1367612756,0.6458732915,0.3987389824,0.3153928518,0.2398717496,0.1475694184,0.1169211275,0.1075266917,0.06242156097,0.07639378585,0.2542847369,1.523257026,0.8710342533,2.248852354,0.5784050198,0.9555384574,1.122791014,0.4776148132,0.4764640168,0.03123222404,0.4311290936,0.3270122627,-0.06029651864,0.1721790738,0.888346818,0.2328692411,0.07303521073,1.520665128,0.7546091685
0.05116782312,0.02388523379,0.05944978039,-0.001224128428,0.3430760472,0.3249859277,0.2680399356,0.1331890211,1.323660397,1.455276682,2.045943095,2.613405725,2.168174533,0.2682682428,1.426947974,0.4406360177,0.04166677839,0.06313472744,0.3886488146,-0.05084921999,-0.05907078304,0.0742038108,0.008402683092,-0.1376859857,0.004730772821,0.02773646198,0.04741213697,0.05091726395,1.110993171,0.02428054636,1.418802895,0.08334659898,0.5507363962,0.08603476045,0.06577994405,0.1066827798,0.3118347309,0.3746768764,0.5635005702,0.08917546288,0.1854989085,0.06673774873,0.140616591,0.02916547247,0.05786279646,0.0842547696,0.1563157552,0.05464996632,1.388032263,0.235304343,0.05395234541,0.09115564082,1.842650106,0.2065257415,0.136397524,0.7754439161,0.4251576568,0.3706251124,0.2530619679,0.160159412,0.1205449047,0.1102451768,0.06128359173,0.07568016591,0.2540625322,1.57138786,0.9416702053,2.357129294,0.5754715858,0.973315617,1.139721531,0.4809120062,0.4844505103,0.03703639607,0.462252956,0.3363770513,-0.04473352081,0.1731310358,0.8854677353,0.2337260937,0.07760362876,1.564688102,0.7662656499
0.05256733477,0.02734630559,0.06496923138,0.00176100937,0.3483622754,0.3324061019,0.2639292577,0.1356555166,1.398086601,1.518275648,2.186910443,2.707472797,2.100108258,0.2786421959,1.496505746,0.4705433566,0.05033353859,0.07550454287,0.4305821878,-0.03557679991,-0.04568112374,0.09107080966,0.01249454233,-0.1275381172,0.0156728702,0.03095351866,0.06057292528,0.04463881187,1.105968421,0.02989931622,1.434935806,0.08659810461,0.5594176838,0.09126234067,0.06590328146,0.1081142913,0.3079776662,0.3744378738,0.5639339075,0.08916664032,0.1962320212,0.06275722126,0.1409961462,0.02742088584,0.05863681258,0.08373356748,0.1507367814,0.05374334967,1.347728211,0.2480984669,0.05530177132,0.09404751779,1.921426081,0.2242192366,0.1384647438,0.9006000756,0.4567400372,0.4408299718,0.2687713191,0.1714146297,0.1267037262,0.1132996188,0.06072675517,0.07491560609,0.2531198425,1.592282571,1.007311936,2.35479823,0.5715519342,0.9850082014,1.155817287,0.4852896655,0.4900322095,0.04389143867,0.5013169252,0.3463516633,-0.03368557337,0.1773770619,0.8836654471,0.2407650463,0.07896986335,1.590975405,0.7731168192
0.05488011994,0.03030407566,0.07182493392,0.001550183691,0.350703999,0.3394704134,0.262499755,0.1404195138,1.45886101,1.58284689,2.318477797,2.722412175,2.03032742,0.2867374267,1.557903815,0.5046698515,0.06034268125,0.0888102998,0.4835406517,-0.02333463959,-0.03394444024,0.1073493389,0.0162719519,-0.117218584,0.02601723466,0.03497078566,0.06817914115,0.04253258337,1.102835123,0.03522036707,1.442210315,0.08987939218,0.564584895,0.09845674685,0.0676599515,0.1073418079,0.307184575,0.3729634167,0.5641270616,0.08894870341,0.2078627923,0.06239598218,0.1428204219,0.02698996163,0.0583209123,0.08289886516,0.1462808531,0.05344705133,1.30676018,0.2670393159,0.05601080193,0.09461408846,1.980718326,0.2404567724,0.1392107366,1.021977288,0.4903740399,0.5245633233,0.2824251841,0.1829401996,0.1324461579,0.113716966,0.05851423427,0.0769960209,0.2501408075,1.619749985,1.065996443,2.340227993,0.5680725653,0.9900751817,1.161900515,0.4906659365,0.4942995115,0.04825035163,0.542271496,0.3540586295,-0.02159849057,0.1798834838,0.8868095064,0.2426665731,0.08185480576,1.600790446,0.774306483
0.05557997784,0.03153666081,0.07548745746,0.003526624878,0.3549696409,0.3459529347,0.2605885245,0.144561984,1.500637691,1.63569658,2.437040113,2.666997957,1.959999999,0.2927331943,1.595205771,0.5419629164,0.07052675871,0.1042711526,0.5390612766,-0.009901257942,-0.01904327654,0.1247180866,0.02135549288,-0.104887828,0.03725091995,0.03984969633,0.08122100549,0.03933764239,1.096112795,0.04304921735,1.442492042,0.09016260501,0.5714868999,0.1089269817,0.06905776629,0.1052181677,0.3099464278,0.3699792719,0.5628436594,0.08981362826,0.2163073898,0.0557015562,0.1439357419,0.02402817821,0.05601695349,0.08378598552,0.1452501828,0.05207720067,1.257274227,0.2776010451,0.05455099969,0.09307214501,2.005882943,0.259872712,0.1389994563,1.14373143,0.5252125962,0.6189381882,0.3004183741,0.196896798,0.1374954212,0.1172550175,0.05867420054,0.07813335555,0.2472564145,1.630942497,1.119456705,2.323306645,0.5644896588,0.9871375828,1.162260234,0.4935447772,0.4961416355,0.0533611957,0.5706952157,0.3600154,-0.009338927143,0.1835740276,0.8914005657,0.2481808144,0.08457662666,1.596878502,0.7708596688
0.0554157209,0.03262686353,0.08216578389,0.004253533425,0.3576514433,0.3510106533,0.2611698586,0.1486953017,1.524844288,1.68348854,2.550221448,2.586364183,1.889267093,0.2969136063,1.586149539,0.5866476835,0.07825855377,0.123219859,0.6012633637,-0.0007386618338,-0.008179471941,0.1382925019,0.02326114617,-0.0944454512,0.04982702862,0.04346068741,0.0911390745,0.03734900856,1.086047916,0.0474540907,1.440986358,0.09206924394,0.578594238,0.1176809289,0.066938633,0.1059680289,0.3119978954,0.3665079007,0.5630805099,0.09176929637,0.2265446751,0.05009576829,0.146890301,0.02567674272,0.05382011484,0.08273615845,0.1463300106,0.05136249827,1.204676173,0.2904007577,0.05560391545,0.08963645514,1.996395326,0.2837694809,0.1386227485,1.264947323,0.5590734635,0.7193880836,0.3185314805,0.2134867389,0.1409829032,0.1178889341,0.05935650018,0.07615989606,0.2430963925,1.638436172,1.173322594,2.309374766,0.5594689481,0.9795071485,1.161331878,0.4960269595,0.4985083977,0.05816628252,0.5973431269,0.364503423,0.0002469525088,0.1869425846,0.8915743347,0.2539351393,0.08933713367,1.586947046,0.7683170411
0.05778844373,0.03396941507,0.08340707581,0.002620169603,0.3623330015,0.3599244402,0.2634843256,0.150126775,1.54013996,1.730604714,2.654152243,2.498155753,1.817455277,0.3014887854,1.564566218,0.6307552096,0.08759932933,0.1420643742,0.665443205,0.005780019736,0.001149476463,0.1464234537,0.02634982229,-0.08619154735,0.05884288313,0.04619848181,0.0981098816,0.03675899574,1.074602946,0.05148480769,1.43870095,0.09334048306,0.5842086417,0.1248494931,0.06861781473,0.1079119264,0.3145137172,0.3620681262,0.5614844884,0.0939319614,0.2400302589,0.04732816128,0.1466527932,0.02435904427,0.05153920562,0.08403501704,0.1496800986,0.05282923946,1.144796501,0.3047457653,0.05836307563,0.08740064412,1.980242211,0.3074948195,0.1383328877,1.385571231,0.599668733,0.8201657405,0.3374985513,0.2250936822,0.1474267637,0.1205189956,0.05986297079,0.07623565992,0.2409988662,1.636421013,1.230627192,2.293418738,0.5533900708,0.9711452538,1.157329157,0.4996239855,0.5009894765,0.06345688518,0.6246025932,0.3715450962,0.005181188082,0.1925962115,0.8952528715,0.2572826808,0.09203877892,1.576595829,0.7615169657
0.05944354784,0.03545310823,0.08836515391,0.001933261641,0.3666264878,0.3689978352,0.264625344,0.1545150075,1.534214179,1.772270456,2.754493129,2.407210829,1.749573823,0.3059210555,1.53867723,0.6688783306,0.09675364764,0.1662357063,0.7315092552,0.01771128647,0.009082723278,0.1566758654,0.02784284263,-0.0767996497,0.06318600305,0.04899311575,0.1030079622,0.03483061933,1.062003266,0.05374574719,1.437408044,0.09527010475,0.5931442576,0.13385714,0.07418606606,0.1126484827,0.3195861037,0.3567038565,0.5613695823,0.1002030391,0.2491251471,0.04591172051,0.1475409621,0.02723061568,0.04895239956,0.08386360455,0.1487229599,0.05069720083,1.076066606,0.3163171993,0.05837515856,0.08507886318,1.959441524,0.3396370022,0.1402385938,1.506394944,0.6460179706,0.9246896219,0.3619256642,0.2430230224,0.1559678137,0.1237405091,0.06117509578,0.07595687474,0.2376177628,1.629711665,1.278170499,2.273512596,0.5473745013,0.960317825,1.152317435,0.5006811638,0.4991763397,0.068727109,0.6550087938,0.3755823009,0.01172053469,0.1953531693,0.8918664137,0.2618571188,0.09295386361,1.57699658,0.7572211142
0.06336619808,0.0345881117,0.08948455941,0.002003470794,0.3687363617,0.3794102159,0.2685597953,0.1580169921,1.527485218,1.809291625,2.841878662,2.319503138,1.685083063,0.3119271621,1.513623866,0.7098840097,0.1087533029,0.1907511271,0.7942383887,0.0301795672,0.0178287595,0.1693726735,0.02884396831,-0.06793758435,0.06910807471,0.05074050331,0.1098268601,0.03362936453,1.047889561,0.05596475025,1.433674247,0.09640546376,0.6015430258,0.1433514991,0.07563569699,0.1118911286,0.325280615,0.3507185064,0.5613353771,0.1062780206,0.2622507212,0.04145841523,0.1484349846,0.02888698615,0.04567952429,0.08356027637,0.1530199454,0.05226096401,1.004238022,0.3268003281,0.05814189777,0.082372469,1.932243031,0.3736707953,0.1422397506,1.628135888,0.6943238108,1.026224616,0.384839117,0.2617253607,0.1628702962,0.1287584955,0.06224887772,0.07745531049,0.235966216,1.611593005,1.319972376,2.253860721,0.5409458258,0.9493798122,1.144589837,0.5033621257,0.4977615239,0.06933340771,0.6796911474,0.3798139338,0.01800579037,0.2012157327,0.8915266703,0.2651874278,0.09793381581,1.571060252,0.7506069998
0.06446234679,0.0358096847,0.09565577558,0.002792818311,0.3694955748,0.3866723475,0.2653310524,0.1599404102,1.50276225,1.846082052,2.919782184,2.234354137,1.627924608,0.3171902721,1.486502383,0.7499720187,0.1219448064,0.2257937942,0.8549126553,0.03926553915,0.02512985312,0.1756528298,0.03035371792,-0.06235750498,0.07270011686,0.05171606604,0.1151697171,0.0301825939,1.027382166,0.05713772155,1.429625061,0.09626637795,0.6065144929,0.1536888131,0.07870994588,0.1184037249,0.3292969593,0.3420959945,0.5609834872,0.1098776263,0.2735751948,0.04160486237,0.1442814219,0.0284210682,0.04515392691,0.0807406531,0.1547763042,0.05099031769,0.9301864208,0.3377486502,0.05827282571,0.07751197535,1.900973584,0.4088921465,0.1451010765,1.747426317,0.7451085238,1.126691084,0.4125433052,0.2854478793,0.166758578,0.1298190926,0.06660718882,0.0760636455,0.23677364,1.619233063,1.355101862,2.234390356,0.5351089539,0.9374918582,1.137160684,0.5026092856,0.496695261,0.07287694316,0.6969231173,0.3875549562,0.02190842106,0.2036429625,0.8870323285,0.271007601,0.1020528353,1.552615034,0.745708087
0.066086543,0.0371204406,0.09658648889,0.002455291077,0.368883419,0.3984141788,0.267740582,0.1632235762,1.481014212,1.87846745,2.991024857,2.155703702,1.574886626,0.3234205404,1.457651006,0.802731676,0.1391794983,0.2667644499,0.9114423841,0.04586160702,0.03087126778,0.1819540934,0.03243651265,-0.0541703559,0.07862213901,0.05061160301,0.1208067526,0.03037639103,1.002529185,0.06123631014,1.426738517,0.09579907032,0.6069280392,0.1601059689,0.08049259338,0.1215061177,0.3311099409,0.3330634014,0.5612343077,0.1120775421,0.2854157592,0.04116854915,0.1446846689,0.03031210519,0.04659867364,0.07873708344,0.1606954893,0.05104140542,0.8571015703,0.3451464188,0.0574823682,0.07116140641,1.864900155,0.4447167473,0.1455946261,1.860394008,0.8010932615,1.220944808,0.4400727582,0.3168739515,0.1773506294,0.1307141221,0.0677878269,0.07635867239,0.2349539064,1.609661056,1.391233188,2.212960978,0.528915235,0.9259389483,1.123426062,0.5043912337,0.4948714029,0.07876348746,0.7084892733,0.3929757108,0.0263926649,0.2094413462,0.8895994871,0.2758963919,0.1050079722,1.540049704,0.7380183758
0.06504457499,0.03692687494,0.09751686135,0.002018099353,0.3718859211,0.4086628954,0.2662496939,0.1671205643,1.451383694,1.909503595,3.049192756,2.084319972,1.525339599,0.3291920456,1.432680459,0.8548950503,0.1557196798,0.3204740155,0.9648365139,0.05527951928,0.03656314722,0.1891932068,0.03483908613,-0.04291161275,0.08302749802,0.04876448912,0.1263106012,0.03210679865,0.9755838296,0.06629247731,1.419664806,0.0956159579,0.6065618618,0.1666755873,0.08088333764,0.1227827191,0.3315961275,0.3233554658,0.5595060776,0.1169302654,0.2952567951,0.0402015438,0.1426244788,0.03323051233,0.04729862263,0.07642890264,0.1613806229,0.0500334021,0.7787644681,0.3495187643,0.05722696127,0.06543664117,1.828668233,0.4898708173,0.1476371482,1.958749334,0.8595050546,1.311014658,0.476443271,0.3499019397,0.1839028048,0.1333137065,0.06997136646,0.07823283599,0.234346707,1.604578666,1.417950704,2.189547928,0.5253259586,0.9112860234,1.109095884,0.5063800013,0.492043492,0.0794827081,0.717853247,0.3936152623,0.03170093876,0.2144733326,0.8854929562,0.2836565505,0.1070789883,1.518518949,0.7305530295
0.06770931018,0.03816349271,0.1015464757,0.000584064511,0.3753959178,0.4171686607,0.2603297975,0.1673165017,1.419247533,1.936511511,3.095593882,2.017061953,1.47957889,0.3359309103,1.405792698,0.9104535006,0.1771075883,0.3910436868,1.016700803,0.06702998349,0.04635994047,0.199034935,0.03463341049,-0.03251428872,0.08999174021,0.05258082936,0.1358830136,0.03078465821,0.95006039,0.06819793853,1.40942928,0.09393141678,0.6047917616,0.1726161797,0.07903122264,0.129014749,0.3332010278,0.3133034698,0.5593532605,0.118716658,0.3056885042,0.04354858855,0.1417611103,0.03289836007,0.04529939359,0.07606719982,0.164686469,0.05095537399,0.7070164126,0.3546396338,0.05573803243,0.05952300741,1.789059446,0.5384915046,0.1499458794,2.04185883,0.9192775715,1.393310029,0.512880928,0.3790963286,0.1887898285,0.1368662667,0.0740096781,0.07995178057,0.2352302763,1.58992993,1.447566843,2.166795975,0.5207615859,0.8948267354,1.096739668,0.5095545858,0.4904270008,0.07975746864,0.7216738375,0.4024662456,0.03820601985,0.2202028128,0.885106758,0.2895167883,0.1120927768,1.501472712,0.7259009038
0.0693752341,0.03573988939,0.1001695272,0.0009241685917,0.3754237622,0.4275737121,0.254461486,0.1687801954,1.38801845,1.955290588,3.133279602,1.962016396,1.443694122,0.3455187501,1.381954886,0.9693338969,0.2021419513,0.4825259636,1.06474253,0.07955718333,0.05160353908,0.2071367746,0.03337739946,-0.02254262727,0.0920545922,0.05139823766,0.1434010284,0.02756070097,0.9230014535,0.07107400538,1.396466874,0.09348298138,0.6042136777,0.1812684316,0.07776684762,0.1331939908,0.3311962749,0.3015020131,0.5572590639,0.122352887,0.3180045517,0.04837705422,0.1402128243,0.03404694428,0.04678290365,0.0755071882,0.1661247374,0.0484235469,0.642591409,0.3597365591,0.05633417091,0.05400163098,1.744845337,0.5918969974,0.1557763307,2.086506016,0.9835169836,1.470493708,0.5591106101,0.4086442438,0.1954256541,0.1404883185,0.0744011604,0.08172992433,0.2311095044,1.581184365,1.465527082,2.142460709,0.5167886775,0.8795291511,1.081776531,0.5088277367,0.4910037455,0.07880294121,0.7290876042,0.4118879844,0.04331623105,0.2276011881,0.8911447279,0.2958921359,0.115489396,1.490230913,0.720530171
0.06691738183,0.03428101234,0.100057798,0.0005247574001,0.3776266138,0.4326655155,0.2459542297,0.1714105946,1.357551535,1.970559198,3.163978464,1.908396204,1.417981261,0.3530207107,1.358827999,1.024136839,0.2319133031,0.5865854549,1.105219051,0.08985055738,0.05864360748,0.2127250464,0.03320120242,-0.01229018531,0.09463506347,0.05228579851,0.1493948359,0.02473212509,0.89617428,0.07396762011,1.382994046,0.09235457667,0.602925907,0.1839807784,0.07712798534,0.1387551361,0.3332079948,0.2886689417,0.5573057195,0.127129305,0.3341871553,0.05115328319,0.1388869443,0.03450811657,0.04832072405,0.07465951882,0.1680351232,0.05013357929,0.5837510622,0.3588073005,0.05443552089,0.04833693648,1.70071018,0.6528412823,0.1626572451,2.102267858,1.048830836,1.539005197,0.6099489506,0.4392613522,0.2002722489,0.1437141227,0.07462688686,0.07967945516,0.2318335219,1.551371781,1.481449869,2.117332538,0.5125961368,0.8637962176,1.069159703,0.508917354,0.4913220316,0.07866423836,0.7304431044,0.4143215834,0.04858051101,0.2331753262,0.8872746823,0.2974516163,0.1164320821,1.480396347,0.7147278351
0.06861997062,0.03390241157,0.1046712129,0.0004626752238,0.3815259417,0.4383398919,0.2418034598,0.1749963056,1.324520336,1.979468685,3.182145373,1.862585629,1.398685925,0.3630833629,1.336988366,1.082918277,0.2644515295,0.6967757447,1.141779527,0.0946964638,0.06278158155,0.2165326863,0.03150692486,-0.001142509438,0.09843447024,0.05038527328,0.156714644,0.02450259068,0.8666730237,0.07827856773,1.36363504,0.09385168803,0.6028705755,0.1866798834,0.07718460288,0.1446685898,0.3375317896,0.2750989249,0.5593409168,0.1298680637,0.3494161232,0.05760133141,0.137604257,0.03711126957,0.05239725063,0.07530374755,0.174325448,0.0533070925,0.5278537542,0.3593638097,0.05488680594,0.04269499973,1.651080314,0.715634244,0.1669270161,2.107842282,1.109139812,1.59912776,0.6614320361,0.4755336643,0.2080739424,0.1476555878,0.08071239861,0.07971752166,0.2346515823,1.523502468,1.489653164,2.090759589,0.5088855183,0.8490452048,1.058188637,0.5092137215,0.4920132693,0.08083438093,0.7380514874,0.4227780151,0.05259300036,0.2398146002,0.8845844654,0.3041438345,0.1167547524,1.471481393,0.7062725733
0.07220675766,0.03619960783,0.1070687898,0.001695914266,0.3874136917,0.4447533896,0.237454279,0.1753972862,1.28422209,1.985817077,3.194730815,1.823357887,1.387308988,0.3736742833,1.315892684,1.136050371,0.3022104298,0.8063309129,1.177403682,0.09758813174,0.06433835533,0.2197928051,0.03077953868,0.0135802139,0.1022860647,0.04869493096,0.1589453456,0.02240336131,0.8349731491,0.07907131525,1.334688667,0.09538251091,0.6069802534,0.1886185536,0.07707741811,0.1497702298,0.3354990721,0.2623765528,0.5590801253,0.1300562784,0.3652964739,0.05608159536,0.1374642185,0.03649539744,0.05361075119,0.075576972,0.1765664184,0.05561442805,0.4771099226,0.3609240762,0.05561121482,0.03726126864,1.598783192,0.7886189639,0.1708063134,2.110634734,1.169192447,1.652493652,0.7150529695,0.5195304087,0.2172848923,0.1515027903,0.08547711774,0.08048581892,0.2356412741,1.493609051,1.488983588,2.063552572,0.5062166977,0.8354607999,1.045183941,0.5077212794,0.4924553138,0.08371003404,0.7455204416,0.4309413808,0.05289508465,0.2414957624,0.8821807276,0.3106839114,0.118817292,1.466298306,0.7011515378
0.07153919587,0.03587544739,0.1079635098,0.002082163719,0.3920411703,0.4514569285,0.2294051407,0.1783776737,1.247465295,1.983483559,3.198390379,1.792404044,1.381085004,0.3850215074,1.298019001,1.185938206,0.3442163079,0.9130684696,1.202142951,0.1007266151,0.06630170769,0.2221498992,0.02948099617,0.02818897636,0.1015983649,0.04920669258,0.161948184,0.02282247483,0.8027674666,0.08056704847,1.302698319,0.09708920752,0.614156578,0.189942081,0.0790094915,0.156355372,0.3321795962,0.2485428153,0.558388556,0.1307635343,0.3844146071,0.05845448484,0.1384127255,0.03818858009,0.05471971581,0.07526173064,0.1767108187,0.05537797309,0.4355447685,0.3520749435,0.05675012845,0.03375657247,1.542858211,0.8616628158,0.1760413539,2.116363546,1.223232829,1.692950673,0.7660912299,0.5782100282,0.2304300792,0.1550880395,0.08988619638,0.08075694466,0.23769538,1.476944363,1.486010283,2.031742992,0.5043314054,0.8250449038,1.029612673,0.5044450179,0.491120974,0.08359245516,0.7505724541,0.4347041991,0.05343003759,0.2415792084,0.8800436686,0.3144506335,0.1211893316,1.462804355,0.6975425683
0.07358573209,0.03682497379,0.1067560298,0.003733486178,0.3959537907,0.4569387506,0.2242566144,0.1795450798,1.210035716,1.970540593,3.201264636,1.765880774,1.375557419,0.3969563418,1.279231712,1.234087331,0.388255109,1.019242129,1.214045188,0.1066249165,0.06836497629,0.2237257881,0.02708486481,0.04697623727,0.1056417766,0.04939325519,0.168590155,0.02419180146,0.7674359066,0.0840357576,1.264462062,0.09809111654,0.6190486225,0.1876333308,0.07899500407,0.1616342571,0.329257918,0.2349244271,0.5572656223,0.1349571925,0.4032257553,0.05267937006,0.1398545711,0.03897378821,0.0580125146,0.07502094671,0.1782936923,0.05495838583,0.4024748702,0.3389615471,0.05718638956,0.03235532927,1.494019682,0.9399676632,0.1797087299,2.121095492,1.271984079,1.719069012,0.8194255655,0.6443394936,0.2452829992,0.161704375,0.09382882945,0.08125720765,0.2400295845,1.441522958,1.478960755,1.997285057,0.5033617914,0.8141393742,1.016919481,0.5005301383,0.4897612207,0.08615303711,0.7542164746,0.4449267726,0.05390607977,0.2413675514,0.8790194662,0.3190758142,0.1221360458,1.460879071,0.6944983039
0.07547703467,0.03842390676,0.1111232859,0.003837788991,0.3998378672,0.4645692687,0.2200581795,0.1817532983,1.170290016,1.960948837,3.193388898,1.750776183,1.372705968,0.4096977661,1.260838673,1.273975093,0.4358751997,1.123340253,1.220981204,0.1079668066,0.06687185913,0.22390419,0.02571728031,0.06428557322,0.1062665442,0.04590441086,0.1709035164,0.02258260395,0.7302560879,0.08728681361,1.225134427,0.09963116871,0.6235852984,0.1811996802,0.07888287915,0.167201345,0.3378429644,0.2216171569,0.5553876677,0.1344076056,0.4230748286,0.05278451591,0.1407164849,0.04188239356,0.06028467081,0.07211289091,0.177505123,0.05581423026,0.3757351751,0.3346325779,0.0563729355,0.03133663994,1.441985557,1.017285078,0.184403322,2.125604952,1.31938736,1.731248373,0.8728570801,0.7167434179,0.2639538137,0.1672851056,0.09699351777,0.08238596003,0.2420028352,1.419362658,1.471376109,1.968009891,0.5025270948,0.8033919946,1.006662717,0.49542563,0.4859675094,0.0890758559,0.7659034141,0.4518977135,0.05383643176,0.2396571064,0.870466437,0.3225065234,0.1229428265,1.462334491,0.6913518992
0.07956782065,0.037868181,0.1101970036,0.003976740478,0.4019450826,0.4710721412,0.2145302047,0.1828124157,1.131546261,1.946808619,3.192085653,1.738304817,1.374540457,0.4236361957,1.247394272,1.314324324,0.4857925522,1.223341953,1.225233288,0.111712362,0.06575277513,0.2248701942,0.02501987866,0.08286028883,0.1042993532,0.04518250061,0.1729423068,0.0217488267,0.6972530596,0.08984856532,1.183571939,0.10231007,0.6272767202,0.176891985,0.08172155469,0.1707299702,0.3571045614,0.2076086251,0.5513265242,0.1321754972,0.4447254068,0.05195386369,0.1376729773,0.04527177478,0.06230182268,0.07136025215,0.1773043963,0.05618504359,0.3526152343,0.3317280549,0.055833562,0.03124588811,1.397980245,1.090491651,0.1867431278,2.125752075,1.365570123,1.738164414,0.9259311149,0.7894767776,0.2798746994,0.1702542203,0.1009629569,0.08702624295,0.244312999,1.383663998,1.454527095,1.933899093,0.5025812654,0.7946988516,0.9951372482,0.4936529694,0.4857118305,0.08905972419,0.7846237235,0.4608999567,0.0513132857,0.235459481,0.8656372796,0.3225264038,0.1224490486,1.459704228,0.6865771194
0.08002017032,0.03948262404,0.1133700046,0.004552883688,0.4033643747,0.477349015,0.2079107473,0.1856375383,1.094655951,1.930728049,3.189524568,1.731359657,1.376462154,0.437274091,1.235027486,1.349322808,0.5367824293,1.320898742,1.223639942,0.1151590421,0.06360709493,0.2279808523,0.0243572847,0.1046690441,0.1029077129,0.04302767154,0.176961032,0.02080060671,0.663787666,0.09295483649,1.138200655,0.1035641431,0.6306746783,0.17288012,0.08081414768,0.1745645686,0.3745235747,0.1940712563,0.5465604813,0.1285791461,0.4700816469,0.04886068307,0.1376634867,0.04544213088,0.06459465266,0.06794222012,0.1738232215,0.05447987545,0.3318913766,0.3226779349,0.05561883309,0.03000726521,1.351284152,1.161253875,0.1914136633,2.121763895,1.406350744,1.740870464,0.9812483193,0.8641124338,0.2918555309,0.1748538863,0.1031869231,0.08925375593,0.2418545188,1.357730596,1.430732889,1.897549907,0.5036313389,0.7843479219,0.9880144087,0.4905381298,0.4811688629,0.09063247215,0.8000607153,0.4657352625,0.05205905629,0.2325539824,0.8590353555,0.3252610396,0.1229746312,1.452707263,0.6839901244
0.08107434634,0.03966672855,0.1155469861,0.005847808469,0.4068552722,0.4822306879,0.1998190223,0.1876149373,1.064582806,1.908112656,3.180879372,1.722903628,1.375999412,0.4501885609,1.225725378,1.388800759,0.5884253424,1.415672665,1.218382054,0.1154219796,0.06459625471,0.2325198543,0.02420331466,0.1263012558,0.1044919627,0.04185303326,0.1779833782,0.02070150644,0.6341277282,0.09465097238,1.089726598,0.1032192206,0.630596916,0.1676490346,0.08030789255,0.1799308419,0.3915096659,0.1815048962,0.5433281545,0.1228965922,0.5039385022,0.04591920689,0.1351535663,0.04588791302,0.0657377957,0.06703663431,0.1736681704,0.05440699064,0.3188163216,0.3163991324,0.05453856242,0.02830720414,1.303762259,1.225057565,0.1933076279,2.115106096,1.439777266,1.739470426,1.031567972,0.932700182,0.3049302724,0.179728024,0.106884955,0.09011742707,0.2441223906,1.320454225,1.410895509,1.867251842,0.5054789077,0.7781398969,0.981037073,0.4885119349,0.4794710574,0.09332374697,0.8113060052,0.4723143855,0.05192595761,0.230733826,0.852953977,0.3252458906,0.1238515012,1.442886254,0.6823703364
0.0817654259,0.04261084977,0.121140946,0.005975263256,0.4131802065,0.4841851218,0.191495031,0.1907293898,1.029431187,1.881576415,3.175636356,1.715876286,1.379518874,0.4624728321,1.211987979,1.42682563,0.6370099629,1.505262783,1.211903518,0.1152992754,0.0650927101,0.2320951107,0.02439782621,0.1486890683,0.1053700438,0.03951626965,0.1803247082,0.0214235757,0.6054259733,0.09490889639,1.033756077,0.1033525931,0.6307359394,0.1628462881,0.08103850854,0.1889686503,0.4016238416,0.1692753691,0.5402012428,0.1178585951,0.5421123606,0.04312379932,0.1311792168,0.04545197703,0.06576976502,0.06761511138,0.1732974404,0.05423040535,0.3138584207,0.3120305297,0.0551229723,0.02801072488,1.259698586,1.284978363,0.1974815434,2.108051958,1.467492304,1.734952239,1.085642407,1.002347,0.3130476031,0.1834757444,0.107036923,0.08942572421,0.2426778391,1.295587386,1.39305327,1.83397987,0.5060772379,0.7709712821,0.9724860587,0.4821270023,0.4745249598,0.09760304457,0.8280378434,0.4806506522,0.05193172257,0.2298340733,0.8484638461,0.3259179165,0.1219799998,1.439397829,0.6801117071
0.08396882893,0.04285544355,0.1221148785,0.004243146751,0.4174711042,0.4882724546,0.1890547642,0.1952656961,0.9996798943,1.853051187,3.162614042,1.712327162,1.378892061,0.4743174835,1.199554731,1.472080143,0.6831926189,1.587951602,1.205174633,0.117119788,0.06527386116,0.2364732603,0.02465881639,0.1769250223,0.1075431635,0.03829480217,0.1832495428,0.02079027025,0.5778882977,0.09596242318,0.9765890485,0.1057868274,0.6291940436,0.1602498863,0.08114280692,0.1936256272,0.4075258563,0.1588904144,0.5356899661,0.1117749478,0.5891270254,0.04049553159,0.1327012477,0.04612479715,0.06622404621,0.06950051136,0.1746554181,0.05491702659,0.3139999294,0.3117375087,0.05483950179,0.02977511504,1.220494963,1.343442767,0.1994861754,2.09869953,1.491463779,1.731412017,1.136717243,1.063820227,0.3221799055,0.1899541143,0.1064136569,0.09038167777,0.2426799488,1.246395536,1.369137804,1.802229534,0.5077649577,0.7658673509,0.9619383398,0.4795456381,0.4704587155,0.100232326,0.8505383075,0.4857629641,0.05585211657,0.2294060355,0.852386439,0.3262094808,0.1214087067,1.43988125,0.6756921518
0.08489729102,0.04451222907,0.1248050374,0.005511946274,0.4271894808,0.4902390566,0.181908676,0.1968861023,0.9620902496,1.819818626,3.147550483,1.70968405,1.381740987,0.485721811,1.189574907,1.497730444,0.7251535046,1.663399295,1.19945407,0.1164889725,0.06361867889,0.2417123913,0.0231815472,0.2011143723,0.1074932039,0.03875613498,0.1853472868,0.02159220377,0.5550601233,0.0967032409,0.9157188816,0.1073343767,0.6305803809,0.1583387533,0.08185635439,0.1998726428,0.4188951015,0.1478480384,0.5317399163,0.1103584364,0.6358615613,0.03730923381,0.1318340344,0.04386257811,0.06643449357,0.0679488182,0.1723931461,0.05609951174,0.3147077851,0.3096140163,0.05399954325,0.03171252705,1.189211006,1.399955818,0.2020407367,2.096557513,1.508683917,1.72773313,1.187081391,1.109217741,0.3288451076,0.196651221,0.109025558,0.0913503663,0.2447102102,1.201063283,1.337062749,1.765037806,0.5090919669,0.7591131911,0.9524070608,0.4746078192,0.4694424853,0.1002138472,0.8763640976,0.489468946,0.05709922314,0.2257113861,0.8500333671,0.3269408439,0.120157046,1.432921641,0.6752258659
0.08771799477,0.04669061821,0.1289482216,0.006083451161,0.4313641039,0.4935360342,0.1768805149,0.1981926165,0.9274405444,1.789102078,3.13203254,1.703228584,1.389695592,0.4962181965,1.174616263,1.526555722,0.766285096,1.724473283,1.192121026,0.1200565394,0.06157173815,0.2444154105,0.02111608886,0.2248416878,0.1075886173,0.04047421143,0.1874561135,0.02093099449,0.5338285058,0.09733538076,0.8578181773,0.1074755566,0.6332097968,0.1533700046,0.08330376502,0.2077848843,0.4305368975,0.1372498188,0.5268796023,0.1066304134,0.6830091722,0.03465467962,0.1331981886,0.04301407965,0.06350677863,0.06621466993,0.1720437177,0.05533761299,0.3178508182,0.3084886412,0.05479396934,0.03128382935,1.172147006,1.442188477,0.2036676487,2.098080316,1.519599142,1.726474416,1.229139898,1.149812136,0.3427428558,0.2019511103,0.112051397,0.09137874314,0.2466374401,1.161728053,1.314452897,1.731359135,0.5087958171,0.7565090575,0.9464346062,0.4720787144,0.4682287272,0.1054296404,0.8980758376,0.4969495918,0.0583564184,0.2220000674,0.848510749,0.3268255117,0.1195470479,1.431687264,0.674583685
0.08992972701,0.04858377717,0.1318381161,0.00654046478,0.4344388054,0.4972860766,0.1725758808,0.2030109681,0.8951630221,1.75305699,3.115582213,1.700604395,1.397561066,0.5056780193,1.160330998,1.54645924,0.8015294216,1.767824837,1.18418304,0.1221798552,0.05984080046,0.2463800547,0.02246569613,0.2482759754,0.1091086969,0.03854286668,0.1888973002,0.0226460133,0.5097982398,0.1008566145,0.799526596,0.1061062852,0.6349974486,0.1505516327,0.08588827224,0.2114161705,0.4439130145,0.1255187782,0.5230417392,0.1034395865,0.734347999,0.02732037806,0.1336362461,0.04280340757,0.06388520041,0.06477454839,0.1687309076,0.05346997902,0.320268112,0.3124672669,0.05432712885,0.03400788524,1.167768619,1.47833003,0.2047466896,2.099753403,1.523221713,1.725139626,1.265806353,1.18424031,0.3545298607,0.2047998202,0.1127136506,0.09101967226,0.2474516347,1.109962233,1.284840174,1.696337265,0.509001848,0.7532606676,0.9356730463,0.4650422029,0.4652942649,0.1063378963,0.9262815032,0.5004547671,0.05976216966,0.2168404882,0.8382490582,0.3263095771,0.1203868592,1.427315994,0.6731770509
0.09022039199,0.05074758684,0.1338979831,0.007452470186,0.4367371534,0.4995168894,0.1717847318,0.2081153341,0.858081257,1.715509335,3.104843709,1.694721655,1.40510351,0.5124243049,1.141395108,1.558362517,0.8344364635,1.786923719,1.173939055,0.1243190586,0.06334253937,0.2505300961,0.02335413531,0.2716686759,0.1143382659,0.03932295348,0.1897329485,0.02304477834,0.4898410907,0.1039851329,0.7535756155,0.1059607363,0.6352556736,0.1461889775,0.09024668454,0.2177550814,0.4574757978,0.114884263,0.5202526407,0.09758548272,0.7862559818,0.02148701247,0.1373068614,0.04287751979,0.0628819388,0.06443896296,0.1696452383,0.054878954,0.3256484598,0.31201966,0.05394756184,0.03682625322,1.170080108,1.509155592,0.2028257667,2.101422331,1.521498606,1.720044271,1.290079332,1.208315576,0.3646100053,0.2098742491,0.1155665051,0.08985995913,0.2520333501,1.071811645,1.259244363,1.663306239,0.5092888345,0.7507862318,0.9270777227,0.4595188571,0.4607015293,0.1080314272,0.9498674458,0.5054963467,0.06280167664,0.2119242726,0.828900786,0.3268879743,0.1192808765,1.430552504,0.6735885218
0.09220674557,0.05532739989,0.1371865307,0.00689468205,0.4397107617,0.5034742871,0.1712276312,0.2108292262,0.823801725,1.67643387,3.092699339,1.691431358,1.40745084,0.5206575898,1.123638308,1.574055285,0.85876134,1.790630632,1.159790159,0.1307554293,0.06615869176,0.2549078009,0.02283431356,0.2912031932,0.1163281342,0.04017407257,0.1946482759,0.02267002356,0.469646541,0.1065621126,0.7064131846,0.1038164365,0.6363315717,0.147608679,0.09292921781,0.228568614,0.4678739542,0.1063498166,0.5144704387,0.0916802473,0.8328352456,0.01740920406,0.1369602809,0.04283392176,0.06202547767,0.062376423,0.1735966871,0.05352306504,0.3358664624,0.3129365621,0.05421165006,0.03713603111,1.19002971,1.529998796,0.2034205027,2.103205053,1.516230294,1.714812388,1.304868153,1.221514118,0.3733234166,0.2140731999,0.116757618,0.09257149338,0.2547191867,1.044346609,1.233229416,1.633737544,0.5097446504,0.7475696533,0.9177827604,0.4529440163,0.457642294,0.1095197538,0.9773007863,0.5142027902,0.06835409687,0.2091752292,0.8239563649,0.3322814141,0.1185606829,1.430357397,0.675341364
0.09299222286,0.05735859847,0.1340580442,0.005155548595,0.437041902,0.508247586,0.1701610056,0.2147950446,0.7905385971,1.641968701,3.079942017,1.679148455,1.405957484,0.5275500297,1.103128264,1.583422511,0.8809705061,1.789247628,1.14710962,0.1359054287,0.06722993217,0.257612257,0.02351943809,0.3065393268,0.1186227612,0.03798958957,0.1951754825,0.02012317428,0.4513909075,0.1062574933,0.6636262524,0.1037034616,0.6361246122,0.1506125261,0.0949807986,0.2397232014,0.4703144545,0.09833032794,0.5088638485,0.08801676629,0.876779372,0.01093449084,0.1396603599,0.04146477496,0.05980796524,0.05833258188,0.1751701388,0.05193363967,0.3451063288,0.3140922391,0.05493942515,0.03714123189,1.217120338,1.546321895,0.2006188293,2.098021312,1.509662408,1.707760721,1.318071987,1.221541129,0.3861315012,0.218918674,0.1168675864,0.09303332074,0.2557992518,1.032361619,1.205681704,1.599945957,0.5087261394,0.7452259902,0.9064882036,0.4483828254,0.4526719741,0.1105439865,1.004437897,0.5190845674,0.06928903046,0.2071813299,0.8181904943,0.3333260884,0.1183092579,1.432718871,0.6777781304
0.09253824001,0.05824081117,0.1367999435,0.00553271962,0.4339739867,0.5109501783,0.1668969818,0.2199123922,0.7625259946,1.604116504,3.06773227,1.673051764,1.401474045,0.5324225231,1.080496878,1.596388097,0.898080323,1.785043454,1.136450629,0.1377189649,0.06549402993,0.2575871815,0.02169132633,0.321091664,0.1187067369,0.03874574753,0.1957953495,0.01784215292,0.4326546281,0.1060153922,0.6227396172,0.1018900463,0.6345657747,0.1516583217,0.09606358121,0.2506503041,0.4734923093,0.09097367546,0.5036266906,0.08796692861,0.921348753,0.01430592944,0.1428331337,0.04117697471,0.05935951939,0.05930414844,0.1777197777,0.05155606898,0.3521661702,0.314680896,0.05416562153,0.03791981281,1.253754969,1.552792481,0.1996381069,2.095823396,1.495691351,1.698116264,1.326699155,1.206056249,0.3939163251,0.2241391191,0.1160463035,0.0913944773,0.2575009898,1.018223239,1.177903968,1.569118157,0.50672564,0.7404568344,0.896446029,0.4403881096,0.4497978248,0.1086413397,1.032210075,0.5215119018,0.07144592094,0.2077365153,0.8119721702,0.3360505236,0.1176894172,1.434693668,0.6788053049
0.09543643809,0.05938700523,0.1377089108,0.005122009948,0.4300409378,0.5123252413,0.1657229988,0.2253074891,0.7339106445,1.575009132,3.048666418,1.661376035,1.393056878,0.5363084634,1.060032466,1.600378747,0.9102805723,1.779288025,1.126415715,0.1382239104,0.06286024215,0.2589317124,0.01925138181,0.3352006069,0.1211463409,0.03781255735,0.1956249148,0.02140202209,0.4146246225,0.1043920651,0.5847230808,0.09951304918,0.6301152303,0.1543843454,0.09708816432,0.2597598834,0.4743576719,0.0859992548,0.5000301569,0.08492804584,0.9580286173,0.01750577,0.1430479194,0.04174144285,0.05914782161,0.06023649311,0.180082618,0.05083878984,0.3637912543,0.3246078745,0.05362050775,0.0380179295,1.305502892,1.555933394,0.2000925518,2.085705851,1.477913849,1.685984153,1.332853466,1.167986618,0.3948602116,0.2275016947,0.115198248,0.09190369167,0.2559606189,1.005996429,1.152672562,1.539660392,0.5051289267,0.7350785929,0.8883103349,0.4358232453,0.4466744822,0.1080110483,1.058881424,0.5271909828,0.07342384521,0.209140629,0.8009614224,0.3347096405,0.1172331884,1.42910482,0.6809875079
0.09683203011,0.05964509278,0.1389514298,0.005472342127,0.4301011739,0.5153333162,0.1592533073,0.2319414839,0.7083016685,1.543105367,3.032071946,1.650684483,1.38666744,0.538534233,1.040583726,1.591176014,0.9170215974,1.772814917,1.115434912,0.1396882702,0.05935831937,0.2576373325,0.01857917526,0.3477491571,0.1193834447,0.03717734626,0.1937028188,0.02100191284,0.3997671289,0.09868323596,0.5496907471,0.09966449243,0.6256642792,0.1599925669,0.0975726883,0.2661273591,0.4707053494,0.07994185731,0.4944230867,0.08216034905,0.9903523672,0.02044758266,0.1441411756,0.04167593492,0.05870687834,0.05927555678,0.184249336,0.05186422556,0.3752002803,0.3378069468,0.05289737448,0.03614690594,1.360832743,1.55349292,0.2005809392,2.069497593,1.457066452,1.673006615,1.331111587,1.118642643,0.3946358451,0.2315482153,0.1130341521,0.09078439824,0.2546071767,1.000656937,1.123900205,1.518711368,0.5010811976,0.7294260748,0.8771034336,0.4306038218,0.4428532397,0.1097208599,1.082436216,0.531008815,0.07542439698,0.2125457647,0.791436335,0.3354666571,0.1152974121,1.425878331,0.681383331
0.09713653628,0.06246032532,0.1396999952,0.005309525078,0.4284606662,0.5171464297,0.155450536,0.2359169217,0.6856296219,1.509346938,3.024104127,1.638333687,1.378649985,0.5394458225,1.022847755,1.589850153,0.9205009278,1.763827032,1.104475635,0.1470681088,0.0597054704,0.2605099618,0.01712049041,0.3598047516,0.1221040901,0.0382915111,0.1959353893,0.02343904726,0.3894248469,0.09540802932,0.5152281614,0.09792827239,0.622002031,0.1645829195,0.1011611299,0.2751428612,0.4555947829,0.07273478251,0.4913854072,0.08138655146,1.019608491,0.0212831557,0.1454594007,0.0399361383,0.0555486258,0.0590812343,0.186999292,0.04963187828,0.3872969391,0.3512477679,0.05421147289,0.03567017958,1.42313734,1.546160958,0.1993317471,2.052673282,1.430333283,1.662327396,1.32062378,1.056641658,0.3896604011,0.2326930339,0.1113833203,0.08908335644,0.25075831,0.9888765191,1.096769764,1.496624417,0.496101056,0.7247913196,0.8667657561,0.4237209695,0.4406135889,0.1117879905,1.103636891,0.5363996137,0.07957481318,0.2145123351,0.7851894749,0.33520882,0.1137127481,1.420531451,0.6812920203
0.1021412899,0.06560251011,0.1452981133,0.004357320869,0.4303975973,0.521867356,0.1521425,0.2422305336,0.6624345921,1.47491674,3.003167008,1.626917944,1.365612192,0.5391786446,1.001218168,1.579986413,0.9208033197,1.750734995,1.088030102,0.1537316552,0.06440613069,0.2660873892,0.01730282602,0.3707492696,0.1258965649,0.03872531546,0.1997210865,0.02206439016,0.3772644009,0.09366603102,0.483562908,0.09634385754,0.6171408203,0.1685696756,0.1046533217,0.2873540294,0.432276516,0.06670065317,0.4903659156,0.08035956593,1.041088913,0.02143263104,0.147975348,0.03773468153,0.05442761538,0.05729425562,0.1870492689,0.04901895695,0.3998626769,0.3622465932,0.05581892783,0.03334155736,1.482025648,1.537754478,0.2011113329,2.034705316,1.399906849,1.648743581,1.303896586,0.9920842259,0.387607829,0.2391177922,0.1092988393,0.08513353057,0.2523873862,0.988389711,1.070637904,1.478147874,0.4911316702,0.7192253002,0.8572831746,0.4139697422,0.4319579622,0.1155352399,1.115111767,0.5426919352,0.08599266311,0.2177916835,0.7767513063,0.3362471569,0.1140256108,1.412497942,0.6827850991
0.106503796,0.06599600055,0.1465330655,0.00332804913,0.4287282657,0.524637264,0.1501686369,0.2475351332,0.643669332,1.437399424,2.984608634,1.61338802,1.355530741,0.5387541435,0.982059626,1.570458444,0.9187935061,1.736114275,1.066703295,0.1628468229,0.07078105919,0.2715612307,0.01561104436,0.3826613952,0.1312490771,0.04167785227,0.2048533428,0.01909814926,0.3685881924,0.09328907888,0.4566810037,0.09589040678,0.6138073762,0.1760487094,0.1061691174,0.2994420964,0.4150551494,0.06185394673,0.4920623133,0.08113026582,1.059183884,0.02611801423,0.1510197562,0.03993436422,0.05365797576,0.05791387902,0.1899741439,0.04818146519,0.4171182705,0.3789164395,0.0554794719,0.03141768831,1.54484957,1.52753102,0.2003274838,2.023669708,1.365488617,1.635050116,1.280996037,0.9253853904,0.3871063348,0.2438407825,0.112708932,0.08375280105,0.2601838826,0.9888562543,1.056765533,1.465527106,0.4866757692,0.7150903904,0.845907277,0.4094598404,0.4282545658,0.1173534655,1.128442874,0.5502690548,0.09143345915,0.2202084517,0.770565729,0.3365541306,0.1151104371,1.405990808,0.6820926353
0.1128953224,0.06890987713,0.1487621283,0.00535043747,0.4280973604,0.5284902726,0.1499862629,0.2509162679,0.6244305921,1.404271311,2.967352079,1.601523442,1.345935067,0.5381360949,0.9614959517,1.555270596,0.9147609364,1.716880108,1.04115558,0.1684840042,0.07519006113,0.2747529308,0.01438231958,0.3938609877,0.1369087246,0.04314652721,0.2107806552,0.01663589213,0.3598851224,0.09192290251,0.4314562454,0.09688228507,0.6096662545,0.184955669,0.1066122051,0.3138483599,0.399625189,0.05643919857,0.4918630006,0.08374515582,1.076878803,0.02731819102,0.1563116035,0.04136697876,0.05287883288,0.06253555574,0.1929930328,0.04649620102,0.4305657608,0.3916121206,0.05762413889,0.03232098319,1.606802669,1.517849938,0.2002573382,2.016089743,1.327936468,1.621800615,1.256453635,0.8577802544,0.3864508613,0.2470527415,0.1119300502,0.08369309433,0.2615480695,1.002182005,1.032625865,1.447855637,0.4826114626,0.7086158484,0.8333845264,0.4006636985,0.4196941072,0.1198187474,1.141687043,0.5573254211,0.09591784712,0.2214153024,0.7637214063,0.3388994064,0.1151046927,1.398360261,0.6815812664
0.1184825084,0.07007065067,0.1499916952,0.006726671665,0.4279840241,0.5343547128,0.1452817778,0.2542415539,0.6090799876,1.375120554,2.946396813,1.589890736,1.333421002,0.5371661695,0.9458000877,1.534320772,0.9097488609,1.696653432,1.019613682,0.1720435393,0.07304438093,0.2792655232,0.01472682123,0.4046949767,0.1403120689,0.04695988491,0.2116583383,0.01690255438,0.347202163,0.09329687133,0.4167499988,0.09817624843,0.6089055055,0.1971610919,0.1090341589,0.323861964,0.3885644858,0.05216250498,0.4906597126,0.08373601957,1.089629605,0.03188341354,0.1620562638,0.04446203999,0.0539118964,0.06253193596,0.1927875951,0.04563359923,0.4454570873,0.3998871577,0.06012998274,0.03228293723,1.669850165,1.507879032,0.1981808736,2.016614627,1.287830064,1.611752036,1.222564923,0.786801921,0.3920108099,0.2507376497,0.1155071034,0.0831683765,0.2665087448,1.00302939,1.009794762,1.432102638,0.4796558122,0.7044458016,0.8218549908,0.3973564556,0.4135354868,0.1219317025,1.143787537,0.5602256706,0.0981408906,0.2209186825,0.7556421094,0.3408686915,0.1153436129,1.383996526,0.6839289643
0.1245580148,0.06984839138,0.1497546711,0.008217595347,0.4314726829,0.5400590469,0.1410981325,0.254662287,0.5951679362,1.34193655,2.930441127,1.57617428,1.326641655,0.5367282856,0.9302321313,1.503398121,0.9043988579,1.672394205,0.9929442045,0.1782542586,0.07721114941,0.2816844678,0.0126183592,0.4082052546,0.1435558296,0.04992661447,0.2140574745,0.0185731681,0.3395539026,0.09222139483,0.4041482991,0.1012076727,0.6067655346,0.2062637903,0.1120310305,0.3329501842,0.379137033,0.04916281778,0.4912741269,0.0865482605,1.093915829,0.03549290234,0.1671512328,0.04689359503,0.05266751022,0.06218681998,0.1914384248,0.04351310332,0.4535060863,0.4019047216,0.06085779326,0.03070472795,1.732266149,1.494677557,0.1996366561,2.017328005,1.243649851,1.597715281,1.183384052,0.7225741194,0.4039588328,0.2551987309,0.1183053753,0.08311286863,0.2692784294,1.01599694,0.9992614984,1.417935386,0.4746647582,0.6981123113,0.8126853577,0.3923746251,0.4049504972,0.1220814331,1.142821195,0.5673417208,0.1010270134,0.2187178253,0.7439191282,0.3417762867,0.1166222096,1.37003951,0.6845513468
0.1289021068,0.07107756432,0.1504827857,0.007961575746,0.4304896655,0.5450313043,0.1387743107,0.257632308,0.5819515653,1.311955691,2.907048476,1.565436153,1.318320236,0.5359140735,0.9140075582,1.483454291,0.8958077199,1.641686641,0.9617412444,0.1876013507,0.08297812232,0.2836727849,0.011565393,0.4192617483,0.1478207174,0.05059329642,0.2177627415,0.01442217367,0.3333108527,0.09005634405,0.3960658854,0.1038003304,0.6036429804,0.2164990196,0.1143338933,0.3428102276,0.3628728852,0.04567259646,0.4927587081,0.08669204867,1.096954334,0.04006636829,0.1693565531,0.04755155722,0.05327296839,0.06149503013,0.1958693647,0.03920829786,0.4626005449,0.4131808787,0.0640148043,0.0292855438,1.791028613,1.483383847,0.200406503,2.012770409,1.197758819,1.582825833,1.138768279,0.6652587201,0.4122338657,0.2583213815,0.120861489,0.08276302599,0.2720738229,1.029730364,0.9883299047,1.409256727,0.4714667368,0.691787723,0.8051556532,0.3891644849,0.3938207186,0.1263843135,1.139704113,0.5773434412,0.1036852399,0.2189466463,0.7396310783,0.3462022297,0.119955885,1.369816625,0.6865222566
0.1348198481,0.07306161229,0.1513323777,0.009948007168,0.4317260105,0.5494895854,0.1344113205,0.2588168048,0.5704419041,1.283878825,2.887435603,1.559322237,1.306924294,0.5348647318,0.9007527831,1.459415483,0.8878153301,1.607292208,0.9279528657,0.1957923384,0.088997552,0.2860583412,0.01182543879,0.4287676405,0.1529871561,0.05287452321,0.2217829423,0.01311787869,0.3281898075,0.08978836719,0.3894440422,0.1058973205,0.5966272968,0.2281597464,0.1151390279,0.3528419179,0.3505094668,0.04265618883,0.4949517613,0.08736503376,1.099895486,0.04115050612,0.1715759015,0.04753190927,0.05761037634,0.06288213797,0.2008760626,0.03716597172,0.4709268428,0.4189870021,0.06665441079,0.03123621955,1.83575858,1.472191941,0.197277551,1.998098208,1.154845281,1.562110239,1.090287418,0.6100850165,0.4199819835,0.2620738349,0.121809674,0.0820266123,0.2714878677,1.037131206,0.9785346882,1.393650782,0.4665495636,0.6857452045,0.7949077717,0.3799392477,0.3839579076,0.1265059905,1.139835829,0.5840267832,0.1072049686,0.2193168607,0.7327197835,0.3482107112,0.1201785527,1.371874682,0.6900178748
0.1384635923,0.07506535805,0.1547190889,0.01272751262,0.4354099295,0.5541241255,0.1318269898,0.2577627773,0.5593405244,1.255599625,2.866869425,1.551961532,1.298887473,0.5336766316,0.8874964718,1.433653968,0.8784911766,1.5646839,0.8897584672,0.2041018678,0.09667455428,0.291705761,0.008090088495,0.4378147619,0.1609258831,0.05329070663,0.2263311038,0.009364490512,0.3267684303,0.08715630501,0.3859553865,0.1111440094,0.5924484291,0.2388333718,0.1148167798,0.3630207383,0.3342283348,0.04274244181,0.4968597088,0.08970791435,1.098873577,0.04578066672,0.1753479001,0.04998994247,0.05853448573,0.06276717567,0.207502707,0.03850295585,0.4875626988,0.4200491584,0.06871389489,0.0318915874,1.870270781,1.457583667,0.1984154683,1.984905888,1.113941895,1.543985109,1.037051597,0.5614991466,0.4294446404,0.2682953826,0.1240887583,0.08095276795,0.2726782256,1.057804363,0.967031102,1.384760254,0.4626824901,0.6812603694,0.7863030297,0.3741277128,0.3732086694,0.1301755246,1.135458796,0.5886646994,0.1127194482,0.2236343376,0.7297407578,0.3506286936,0.121378128,1.366772939,0.6913663544
0.1445086399,0.07956188203,0.1611377591,0.0140342909,0.4403175306,0.5603385935,0.1264233002,0.2595333586,0.5494101327,1.231854682,2.838142073,1.544510226,1.289756886,0.5323820226,0.8780814564,1.412377388,0.8668940327,1.521822256,0.854818017,0.2117685634,0.09829774276,0.2926091279,0.005694901534,0.4477319832,0.1645492677,0.05699299066,0.2302116582,0.008860738502,0.3244054099,0.08552934939,0.3715717575,0.1139471572,0.5921871546,0.2522254836,0.11536708,0.3726177274,0.31853263,0.04290457115,0.4974532747,0.09249141334,1.098774161,0.04864475556,0.1762690782,0.05280500941,0.05850014059,0.06326230623,0.2104019791,0.03720304516,0.5050964231,0.4179005939,0.07047268766,0.0298070527,1.901063206,1.4413052,0.2024951141,1.970780476,1.069501919,1.520819995,0.9807917918,0.5213393108,0.4353836327,0.2721080384,0.1259645468,0.08212143248,0.2739424229,1.066906544,0.9585663425,1.373365159,0.4576707861,0.6776800594,0.7788568066,0.3720128711,0.3623913089,0.1356285247,1.129804964,0.5935908978,0.1151828908,0.2253303639,0.7225783737,0.3546203069,0.1242278331,1.356944267,0.6935355335
0.1511864626,0.08100168169,0.1647699473,0.01629747562,0.4460643798,0.5659311378,0.1231279155,0.2612074656,0.5396403983,1.205007336,2.807926758,1.539065121,1.281712005,0.5311375487,0.8700574763,1.387405718,0.8539586376,1.469511943,0.8244550077,0.2125273008,0.0951262754,0.2931583935,0.005378900371,0.460515521,0.1673931039,0.05950531238,0.2292098377,0.01025968398,0.3214776356,0.08197528025,0.3612046669,0.1171875463,0.5865398502,0.2626707013,0.1164902165,0.3770866935,0.3133212551,0.04255412166,0.5001604193,0.09454118878,1.096432702,0.04845852123,0.1779052389,0.0529400613,0.05777197357,0.06601892704,0.2103784245,0.03611884408,0.5260943045,0.4249215625,0.07292066809,0.03286919407,1.913506734,1.424584028,0.2006538177,1.965776133,1.028645915,1.492512845,0.9287536651,0.4840964075,0.4458265912,0.2766590029,0.1270343798,0.08022881239,0.2741045259,1.076155898,0.9567900449,1.36040571,0.4547479251,0.6739197648,0.7744720512,0.3698875636,0.35344153,0.1391218395,1.11832245,0.5974982558,0.1138642626,0.2278715343,0.7205862791,0.3566638612,0.127750375,1.347152878,0.6918378404
0.1576052223,0.08196113453,0.1714439109,0.02058566518,0.4508352778,0.5721494483,0.1191091819,0.259234456,0.5323413161,1.180093627,2.781659375,1.534894225,1.276466432,0.5301250348,0.8622266001,1.363500205,0.8384254932,1.410854301,0.7919942864,0.216415845,0.09497829492,0.2940901884,0.003242679888,0.476083042,0.1693143458,0.06405659002,0.2299487926,0.01212326049,0.3182610593,0.07967038184,0.3524192351,0.1176569997,0.585150836,0.2741706722,0.1179365448,0.3803073359,0.3096906044,0.04362250775,0.5023678158,0.09564824397,1.092358213,0.05185473218,0.1791775004,0.05639375295,0.05783778786,0.06919365504,0.2102192768,0.03474531237,0.5523249424,0.4294630553,0.07338130766,0.03335154006,1.920694918,1.403666278,0.2046538707,1.956803685,0.9797662832,1.459554541,0.8752623036,0.4517930898,0.4445682311,0.2809692906,0.1282352312,0.08014981864,0.2747470503,1.072598576,0.9533698899,1.354218745,0.4527514983,0.6699261418,0.7708123534,0.3614006115,0.3437232582,0.1432259237,1.101798782,0.6086513968,0.1138907454,0.2272395806,0.7172644191,0.3614147918,0.134781518,1.339629684,0.6957617223
0.1623712052,0.08112483164,0.1740482449,0.02072735209,0.4557108368,0.5819246776,0.1163316969,0.259390188,0.5236000795,1.156214669,2.754838157,1.527425386,1.277592494,0.5286393185,0.8559138536,1.338182737,0.8208386078,1.348931471,0.7544624383,0.2264400671,0.0979408465,0.296649323,0.002367630877,0.4922075145,0.1739069173,0.06517521151,0.2349663547,0.01606149989,0.3183877807,0.07912360197,0.3497962667,0.1198108908,0.5837442703,0.288445212,0.1202148177,0.3860098409,0.3110295999,0.04670523072,0.5049894074,0.09571506018,1.086333661,0.05254907332,0.1791740367,0.06063189875,0.05696286204,0.06825539959,0.2135056648,0.03480368333,0.5847569076,0.432741148,0.07325367507,0.03304710256,1.914447868,1.377816982,0.2069782235,1.943764753,0.9360763713,1.423821567,0.821444743,0.4277316941,0.447928667,0.2827243163,0.1308138004,0.08114633032,0.2720233865,1.069092199,0.9512680037,1.349677283,0.4520418769,0.6665909844,0.7669946296,0.3588507139,0.3322422353,0.1465489429,1.088124494,0.6133241665,0.1139468097,0.2275212046,0.7149085249,0.3658922588,0.1380904993,1.330603324,0.6971467452
0.1651888876,0.08245466491,0.180906197,0.02181462269,0.4610583506,0.5896839923,0.1117802742,0.2613184625,0.5161059401,1.1301623,2.734777556,1.523655822,1.279814727,0.5277071265,0.8538188067,1.319853338,0.8015982336,1.281419121,0.7179189519,0.2389492688,0.1039742505,0.2983530865,0.004621124926,0.5110197412,0.1819527926,0.06678152866,0.236833825,0.01492560122,0.318392755,0.08224432783,0.3506213475,0.1231965703,0.5852340874,0.2997376915,0.1214928476,0.3907098802,0.3153513077,0.04912523078,0.5092394927,0.09786090353,1.084946687,0.05158661027,0.1825626354,0.05903775416,0.05446162707,0.0669902645,0.2156065362,0.03652389119,0.622406761,0.4259896665,0.07300599271,0.0321523244,1.893774838,1.351054755,0.205649,1.920606392,0.8955216435,1.381744828,0.767229167,0.4090936953,0.4527596137,0.2866533959,0.1325099114,0.08156986047,0.2712005568,1.066557061,0.9499453874,1.346623062,0.4505576817,0.6622489814,0.7627741614,0.3575625963,0.3204158363,0.1510416037,1.073405164,0.6220667164,0.1175593545,0.2272409656,0.7200237136,0.3744039213,0.1401495011,1.322016324,0.6977196081
0.1677482011,0.08359000193,0.1843143133,0.02312730789,0.4624915649,0.5983031838,0.1123966219,0.2631338256,0.5102206862,1.110041922,2.698730204,1.52054109,1.284830553,0.5267791104,0.8503314142,1.30955021,0.78079839,1.208324557,0.67951738,0.25169743,0.1108304833,0.3045986914,0.004292677991,0.5238940573,0.1924899151,0.06842048227,0.2412026661,0.01350375792,0.3199729382,0.08948999384,0.3524954939,0.1241625703,0.5858327724,0.3102418783,0.1237061769,0.4035515405,0.3227264583,0.05219759977,0.5159639512,0.09972069978,1.08317948,0.05153967316,0.1830781765,0.05899943402,0.05345523939,0.06884024564,0.2144951656,0.03823405505,0.6697763732,0.4141229554,0.0741247445,0.03157413051,1.862444257,1.320766344,0.2050725511,1.895918129,0.8564008258,1.338821666,0.7164244208,0.3991438578,0.4553013477,0.2878371845,0.1375161194,0.0806806271,0.2718787988,1.065350569,0.9539196796,1.342951553,0.4487699225,0.6582101776,0.7588348543,0.3554222486,0.3093463706,0.1516283804,1.060451234,0.630785575,0.1207509125,0.2262712459,0.723923191,0.3833509987,0.1456812362,1.316976472,0.698899969
0.1703977068,0.08219828348,0.1855378812,0.02562149698,0.4651743467,0.6078737618,0.1121574954,0.266406158,0.5006418165,1.09165987,2.665241956,1.516882673,1.290280974,0.5253661441,0.8488819146,1.296701105,0.7559985429,1.133462442,0.6389082829,0.2612425606,0.1197352014,0.310152617,0.005714632635,0.5378532057,0.1990853275,0.06980986296,0.2450300375,0.01307903583,0.3214074145,0.09127089489,0.3556067134,0.1266185465,0.5893329565,0.3214543579,0.1225730768,0.4138812232,0.3341482615,0.05687782684,0.5208956349,0.1016525274,1.088700803,0.05127079419,0.1842563978,0.06063793062,0.05538465276,0.07129839519,0.2146623013,0.04289163669,0.7285618737,0.4011761427,0.07546091817,0.03025596013,1.820468233,1.285068237,0.2040844059,1.8629739,0.8230953377,1.288508343,0.670621009,0.3928244296,0.4645955406,0.2923310873,0.1407797324,0.08046962336,0.274994277,1.069881507,0.9554223245,1.338826654,0.4474796188,0.6546959426,0.7553686623,0.3547973539,0.2978394931,0.1541442928,1.048922219,0.6395608144,0.1230788063,0.2264361841,0.7312961228,0.3955169594,0.1538444222,1.315337734,0.700954318
0.1719335073,0.08301814571,0.1852124417,0.02984189566,0.4651445435,0.6148965881,0.1116164315,0.2665101506,0.4924175432,1.074227499,2.634349263,1.513715032,1.29539315,0.5240505553,0.8510699443,1.283615897,0.7296242505,1.058256659,0.5995697716,0.2703335158,0.1244707606,0.3138397031,0.00378833757,0.5565545333,0.2073654041,0.07010225409,0.2478576213,0.0126906536,0.323095002,0.09349822575,0.3569855839,0.1279232386,0.5969042255,0.3317739857,0.1238072281,0.4241422642,0.3478980002,0.06140666371,0.5252144772,0.104221344,1.098886884,0.05417917046,0.1860341903,0.0625352656,0.0570237163,0.07087181131,0.2192911004,0.04552863668,0.788195127,0.3880807429,0.07588963188,0.03064130638,1.763232109,1.24423406,0.2045322715,1.817701844,0.7942633752,1.238364742,0.6264408504,0.3901167706,0.4749956851,0.2939230225,0.1438954604,0.08028824227,0.2728991057,1.067816195,0.9585168909,1.333499523,0.4459573607,0.652544525,0.7468121361,0.3570125558,0.2892588714,0.1537651792,1.038822013,0.6393698032,0.1245392527,0.2272843703,0.7431190918,0.4068448628,0.1595379478,1.318172167,0.6987307054
0.1736312782,0.08361698945,0.1885684768,0.03314180515,0.4723611964,0.6212232726,0.1087547532,0.2665022122,0.4808517137,1.056523548,2.597483163,1.512166085,1.300080233,0.5216322697,0.8538848614,1.270651729,0.7028300177,0.9797797411,0.5616654321,0.2790914754,0.1269528537,0.315310706,0.004012125352,0.5742108326,0.2166288285,0.07145128487,0.2499432992,0.01248568568,0.3224240045,0.09526193583,0.3666563564,0.1310453789,0.604822731,0.3385688503,0.125046153,0.4340118387,0.3593339623,0.06558661439,0.5278837108,0.1069182642,1.105496851,0.05509696756,0.18682631,0.06457523667,0.05878782283,0.07108139183,0.2199512455,0.04759980649,0.8469515147,0.3722638109,0.07677632762,0.02979033342,1.696480629,1.201697686,0.2054329624,1.755637918,0.7702027931,1.184814787,0.5838665029,0.387093498,0.4832804908,0.2980162099,0.144834208,0.07932878198,0.2705029841,1.067131268,0.9555095828,1.329631325,0.4442551518,0.651966814,0.7407661536,0.3569872578,0.278406038,0.1543236044,1.030387166,0.6415574909,0.1277264149,0.2288789209,0.7522579811,0.4165248659,0.1672770949,1.320320778,0.7037603825
0.1742961044,0.08393168874,0.1909970025,0.0331916374,0.4734760197,0.6253533004,0.1078770056,0.2678484648,0.4662994513,1.041451637,2.561146967,1.511693847,1.30621737,0.5193544782,0.8558752238,1.258596925,0.672199581,0.9000445675,0.5275368093,0.2872938951,0.1317665587,0.3191202274,0.003971448929,0.5934307882,0.2236433274,0.07095337318,0.2549360731,0.01301622906,0.3204300389,0.09901664557,0.3749629579,0.1315440713,0.6108780587,0.3439802105,0.1272078049,0.4398944023,0.3725150654,0.07035511087,0.529323476,0.1082746646,1.103663111,0.05984993851,0.1854836655,0.06187530757,0.05983222358,0.06880056555,0.2222663619,0.05041536376,0.9134835535,0.3576867962,0.07701958075,0.02855321142,1.62556788,1.154309275,0.2072310715,1.688557061,0.7476008683,1.128529056,0.5409710288,0.3884003869,0.4861789308,0.3028102399,0.1477094846,0.07780040059,0.2692859851,1.069435908,0.9573028818,1.327060917,0.4406149159,0.6494625487,0.7326896992,0.3594604991,0.2718644506,0.1523443971,1.026907585,0.6449792909,0.1301689955,0.2308664393,0.7674730524,0.4301844587,0.1774097532,1.321595237,0.7049012422
0.174419736,0.08493146776,0.1968444153,0.03467994459,0.473450694,0.6326225479,0.112892961,0.2683541851,0.4519712708,1.024890514,2.522801066,1.509973506,1.311006577,0.5171356012,0.8593736857,1.25140314,0.6394124438,0.8204298342,0.4922029195,0.299956052,0.1396892513,0.3250846654,0.001694648571,0.6124942873,0.2335458785,0.07059721754,0.2615786015,0.011715874,0.3225881578,0.09980106529,0.387543461,0.1335996458,0.6139734724,0.3457097857,0.1260445921,0.4509198023,0.3873330466,0.07530007819,0.5327231764,0.1121724337,1.100015408,0.06249174902,0.1819736286,0.0608506429,0.06005967679,0.06518651571,0.2248069887,0.05108573579,0.9788316912,0.3468683468,0.07375626827,0.02776489213,1.549377807,1.10297993,0.2108616371,1.603671276,0.728018246,1.070741662,0.5042035685,0.3961495428,0.4895485578,0.3069687167,0.1481426987,0.07788290107,0.2669917666,1.074887027,0.9623480297,1.327937083,0.4370713517,0.64518437,0.7284587423,0.3628824493,0.2667097065,0.151580805,1.031965138,0.6518314336,0.1357413049,0.2347557547,0.7796187865,0.4443123253,0.1846454899,1.324512045,0.705886721
0.1757435907,0.08684944284,0.2018087649,0.0371213678,0.4759022557,0.6405196961,0.1139718814,0.2714857284,0.439741688,1.011304032,2.485015499,1.506254226,1.315589071,0.5144242525,0.8654338247,1.243756293,0.6052324769,0.7422785076,0.4592523473,0.3092309169,0.1424102313,0.3290975615,0.002056655241,0.6351395296,0.2412392143,0.06890008738,0.2679999714,0.01135150203,0.3222057137,0.1018721903,0.3970966781,0.133378608,0.6189402296,0.3479007582,0.1246882136,0.4620219396,0.4109348447,0.08009970458,0.5352394863,0.1148893125,1.098024292,0.06508586537,0.1801956629,0.06094515705,0.0608315255,0.06246508463,0.2294167392,0.05420277117,1.057754947,0.3386647832,0.07286691499,0.02751930371,1.46924908,1.054286873,0.2113714494,1.512572389,0.7123122567,1.012915897,0.471213495,0.4071039419,0.4871653986,0.3089171332,0.1491890722,0.07892010929,0.2641047732,1.072757072,0.9598381098,1.332087858,0.4338576404,0.6433521749,0.7226446883,0.3641863002,0.2587747018,0.1535533435,1.035439777,0.6525946811,0.1391208369,0.2402324732,0.7907259382,0.4582527609,0.1917507504,1.326404541,0.7083328379
0.1814278691,0.08834802567,0.2073903862,0.03910224909,0.4762608042,0.6481400386,0.1168522693,0.2746995972,0.4284687936,0.9952927082,2.449497021,1.508254479,1.318283729,0.5114605427,0.8694032542,1.230323768,0.5697608006,0.6668409758,0.4254238452,0.3211958349,0.1492475253,0.3371059069,0.000494896475,0.6507074207,0.2487550423,0.06874516704,0.2745886282,0.01060092637,0.3235923949,0.104953954,0.4026696993,0.1338246391,0.6223434397,0.3502320971,0.1276138414,0.4747946425,0.4486520086,0.08573458251,0.5355517589,0.1190730111,1.098138228,0.06520901219,0.1782678218,0.06066041709,0.05917362214,0.06141379133,0.2285509516,0.05687353166,1.138384211,0.3238205375,0.07137479711,0.0276112772,1.386940894,1.001860148,0.2131351774,1.420718311,0.6974081489,0.9560522854,0.4435387185,0.4240491612,0.483661047,0.3116267716,0.1499426538,0.07746370819,0.2595300247,1.070118345,0.964865247,1.340757998,0.4290360946,0.6436896713,0.7207763631,0.3666946814,0.2505092337,0.1509116559,1.043654848,0.6568151518,0.1444406767,0.2433559849,0.7990252349,0.4682345289,0.1971633581,1.319614103,0.7121296289
0.1821021269,0.08883984994,0.2085943896,0.04018135307,0.4756848879,0.658610271,0.1185225022,0.2788950676,0.4197329857,0.9829602183,2.410459796,1.51124787,1.322364809,0.5077219892,0.8737475511,1.216321599,0.5326024237,0.5958572557,0.396784036,0.3301353592,0.1529899899,0.3448984253,-0.0008242878042,0.6638595902,0.2569128688,0.06657929917,0.2806035515,0.007364685883,0.3250035747,0.1079287053,0.4047697796,0.1346403593,0.6245387082,0.3517887286,0.1289151289,0.4846200636,0.484702018,0.09180512072,0.5381389319,0.12049164,1.099756715,0.06682527214,0.1770624449,0.06081742324,0.05760016449,0.05996748409,0.2286523391,0.0598897851,1.220125789,0.3141285911,0.0689751484,0.02777979637,1.304978712,0.9492721821,0.2173582184,1.336422682,0.6815926548,0.8989989117,0.4168880142,0.4444792229,0.4801263882,0.315503257,0.1522433904,0.07708645767,0.2581784468,1.06609765,0.963813877,1.355478747,0.4256110529,0.6406081317,0.7178710485,0.3711662551,0.2434728336,0.1493112643,1.046774176,0.6604592857,0.1480954138,0.2455087382,0.8137284514,0.4826900744,0.2050756095,1.30062851,0.7158097769
0.1845973381,0.08970934439,0.2083671137,0.04220469286,0.4736651234,0.6688741444,0.1175664415,0.2843267744,0.4067092532,0.973394014,2.370845041,1.515565829,1.325537546,0.5042157229,0.8781687914,1.204737481,0.4952677887,0.5330818367,0.3695548524,0.3389214006,0.1568233978,0.3491571841,0.001143796719,0.6823422488,0.260108601,0.0660741197,0.2868189438,0.006268139941,0.3260010549,0.1098489186,0.4089606818,0.1359003267,0.6246750548,0.3528066891,0.130831799,0.4969251654,0.5215384404,0.09583551638,0.5415849146,0.1231444474,1.097290157,0.06757294325,0.1758804134,0.06159535763,0.05686632885,0.06185838246,0.2287633533,0.05888596241,1.299182184,0.3057438826,0.06752905904,0.02624553192,1.226640336,0.8960905893,0.2186483709,1.255860138,0.6679400192,0.841008982,0.3949197423,0.4717265892,0.4774563284,0.3189763289,0.1519382498,0.07735564548,0.2556001065,1.056543417,0.9721151435,1.368099514,0.4222276508,0.6411300468,0.7178563858,0.3749572786,0.2379516678,0.1491046443,1.050625917,0.6642125363,0.1506397821,0.2447136764,0.8299180001,0.4936325243,0.2118991464,1.289619616,0.7219300308
0.1888913732,0.08993439548,0.2096916401,0.04212944895,0.4743226138,0.6789558525,0.1178151011,0.2865641313,0.3963688061,0.9615567443,2.334616696,1.522549917,1.331957416,0.5008990293,0.8840544863,1.193850124,0.4555143736,0.4684550919,0.3439757975,0.3443600743,0.1613187462,0.3545427654,0.004007403379,0.6992096709,0.2643220933,0.06166905476,0.2931180453,0.003081032429,0.3265517148,0.1121037907,0.4175704911,0.1393706469,0.6234299432,0.3516117757,0.130501641,0.508343898,0.5572041367,0.09979073804,0.5460137309,0.1241513567,1.092802108,0.06825752685,0.1777551903,0.06366557678,0.05843536832,0.06328109241,0.229204952,0.05907040937,1.372392999,0.2977135681,0.06727701833,0.02651502996,1.1488869,0.842259286,0.2176213572,1.17970241,0.6551300179,0.7837918226,0.3785303165,0.5050442023,0.4775732526,0.3209262493,0.1533964193,0.0781270342,0.2517159639,1.049960186,0.9805789714,1.387697717,0.4216323228,0.6382849931,0.7177127014,0.3766749767,0.2322177083,0.1465092656,1.060608634,0.6642069552,0.1539253091,0.2437149956,0.8439430738,0.5040237932,0.2164731688,1.27975042,0.7237533358
0.1899217865,0.09112107083,0.211353263,0.04385006875,0.4745772007,0.6877318058,0.120657357,0.2892561229,0.3870423443,0.9527659091,2.301077415,1.527567737,1.339299343,0.4962767839,0.8889646764,1.180268402,0.4177364952,0.4107935652,0.3195314946,0.3512208971,0.1676945205,0.3587298898,0.003671367559,0.717199172,0.2697126817,0.05941731049,0.2985452015,0.001922792162,0.3280440178,0.1151308288,0.4244937554,0.1445799533,0.6253131461,0.3516621307,0.1310299048,0.5258392911,0.5858909712,0.1045008036,0.5515320488,0.126472671,1.088895915,0.07489710876,0.1809350647,0.06621834589,0.05994868029,0.06458929827,0.2351392941,0.06062291906,1.438948016,0.2832394056,0.06667829318,0.02440651584,1.073829154,0.7877038567,0.220863912,1.100568506,0.6409706109,0.7336981789,0.3623101529,0.5533189359,0.4785658284,0.3216710162,0.1573146893,0.07934686933,0.2490609877,1.032528152,0.9799239127,1.40748755,0.4157054886,0.6387076782,0.716507786,0.3760319922,0.2261866406,0.1454797798,1.069932172,0.6675405962,0.1566576154,0.2470388123,0.8611988001,0.5124768998,0.2227882164,1.27668625,0.726659346
0.1932829499,0.09463984008,0.2136611975,0.0441185365,0.4778715087,0.6960692105,0.1249825717,0.2962858217,0.3800476458,0.9427816818,2.269314862,1.536821643,1.346350416,0.4904961724,0.8937162808,1.166381195,0.3787196459,0.3597069491,0.2951723868,0.3591654212,0.1744295446,0.3652536511,0.005565823036,0.7339506144,0.2729287146,0.05829999172,0.303816186,0.001535800486,0.3312765535,0.1184207875,0.438689052,0.1496350244,0.6238874024,0.3496915934,0.1308006316,0.544747765,0.6205396988,0.1082288947,0.5585380405,0.1326841082,1.083538074,0.07522869671,0.1846966721,0.06703180625,0.06042234315,0.06493212326,0.2410396355,0.06140314418,1.502317526,0.2712117509,0.06827997242,0.02559138573,1.000419857,0.7366947291,0.2199681472,1.025757178,0.6336693004,0.6823923593,0.3493245711,0.6060318747,0.4803988041,0.3249405235,0.1576996123,0.08010303146,0.2476841917,1.02305396,0.9852247027,1.431655012,0.4115764645,0.6371090466,0.7179714403,0.3783896252,0.2218623789,0.1454182334,1.074337061,0.6658536153,0.1612344951,0.2507234204,0.8810513409,0.5229398336,0.224460028,1.272239899,0.7289104854
0.1987750849,0.09909789909,0.2149996304,0.04544014156,0.4799123314,0.7032801793,0.1264495827,0.2990854481,0.3708969451,0.9340323016,2.22821777,1.549793053,1.351233807,0.4846571243,0.9007193491,1.147429684,0.3393357563,0.3121399357,0.2740991033,0.3610758661,0.1765606254,0.3692953173,0.006532444591,0.7482082414,0.2752372055,0.05794184772,0.3083819222,-0.0008211915727,0.3341055041,0.1206364595,0.4531010649,0.1549073848,0.6235410129,0.3434595922,0.1330001395,0.5643103004,0.6544659691,0.1072926635,0.565854092,0.1399416268,1.077363913,0.07876344784,0.1847455453,0.0648681374,0.06188776365,0.06811193728,0.2463257122,0.06204811695,1.563623515,0.2587249017,0.07077440658,0.02692693857,0.9358056373,0.6919340734,0.2193649423,0.9489262779,0.6244192423,0.6401227726,0.3374625541,0.6649208163,0.4814143575,0.3271877402,0.1573099706,0.08009366479,0.2517783716,1.009313404,0.9879869266,1.455436013,0.4053502955,0.6360944076,0.7182845492,0.3793241949,0.2138687379,0.1439647036,1.079152973,0.6725251117,0.1662740133,0.2522009636,0.8949302856,0.5329984752,0.2285424441,1.272127093,0.7307330272
0.2054974117,0.101687305,0.2141370863,0.04754994445,0.482154291,0.7105997356,0.1274113454,0.2979223848,0.3681955999,0.9276995807,2.184277009,1.565885838,1.356874281,0.4779132788,0.9017743726,1.132929482,0.3021012731,0.2679285819,0.2534531147,0.364349834,0.1762029201,0.3716290464,0.005264797271,0.7601424391,0.2744466651,0.05821048143,0.3118528824,-0.001508357891,0.338091943,0.1216599467,0.4654217685,0.1593524949,0.6213780013,0.3386542111,0.1342122821,0.5860540649,0.6875788893,0.1068145451,0.5711029805,0.1445814715,1.071632392,0.08659567809,0.1811622159,0.06601876181,0.06314861382,0.07084752672,0.2545725079,0.05955683401,1.615684543,0.2492081014,0.07097939119,0.02742216434,0.8784600473,0.6473068344,0.2225554363,0.8840651305,0.6169986293,0.6039139226,0.3303207912,0.7336461984,0.4788836179,0.33219918,0.1589631785,0.08058460725,0.2536511419,1.000455421,0.9888898643,1.480806731,0.3988295431,0.636334891,0.7162756433,0.3760371904,0.2103832092,0.1414743858,1.086316412,0.671325739,0.1654686834,0.251639422,0.8962755957,0.5416675747,0.2321971085,1.276014427,0.7351451878
0.2114384666,0.1030172934,0.2168408108,0.05094599014,0.4899574943,0.7160893851,0.1271077152,0.2965150068,0.3617081897,0.9191905926,2.145566348,1.579088423,1.361076189,0.4706179213,0.9043883243,1.11699747,0.2658039498,0.2286579522,0.2388584085,0.3699187747,0.1725879526,0.3752024889,0.006942682839,0.7763807043,0.2709548888,0.05747705243,0.3131751451,0.002667249378,0.339615543,0.118367787,0.4751062253,0.1619263837,0.6190418797,0.3315899538,0.1376983126,0.6042846492,0.7247184278,0.1051427506,0.5751406629,0.1430391306,1.061141065,0.089883715,0.1827431302,0.06615988993,0.06395939258,0.06981529452,0.2704772328,0.05701354307,1.63857023,0.2407762224,0.07348686499,0.02886846932,0.8235492833,0.6060743228,0.2215169172,0.8266703204,0.6109959208,0.5752197934,0.3277842604,0.8048044584,0.4816553609,0.3392537412,0.1587164355,0.08241249122,0.2567525881,0.9905744606,0.9885614033,1.505623184,0.3940259845,0.635737596,0.7173615442,0.3734120919,0.2047964802,0.1400784905,1.089953918,0.6691012614,0.1658584313,0.2524043106,0.9088825188,0.5495359467,0.2368092054,1.273807609,0.7417398855
0.2171647586,0.1062883669,0.2204698633,0.05299672379,0.4941272901,0.7214070449,0.1268080052,0.2945063214,0.3592670999,0.9061414807,2.111452786,1.5961935,1.368746858,0.4623487142,0.9103355107,1.103564135,0.2320982757,0.1938551824,0.2275066818,0.3718573014,0.168533714,0.3760383606,0.006356517376,0.7912208204,0.2684949841,0.05886729017,0.3126699724,0.004375825274,0.3389008956,0.1200338833,0.4913263586,0.1654129651,0.6100497463,0.32191603,0.1385694733,0.6231957929,0.7596337344,0.1028769728,0.5798534918,0.1493366368,1.055463864,0.09034972141,0.1836301906,0.06699095804,0.06732988475,0.0697067012,0.291287473,0.05306845521,1.65294049,0.2368103121,0.07375176818,0.02961556633,0.7738849022,0.5722471864,0.2233884784,0.7788389459,0.6060946379,0.553284378,0.323019822,0.8881318287,0.4795713182,0.34541575,0.161413507,0.08276722484,0.2575488259,0.9746989678,0.9963464947,1.527622071,0.3901410804,0.6361747255,0.7145460257,0.3745730265,0.2026158628,0.1383421529,1.094967666,0.6688171935,0.1659419152,0.2540665034,0.9239407993,0.553689164,0.2370586338,1.271627684,0.7467718525
0.2213321406,0.1056735478,0.22355329,0.05320604301,0.5002637503,0.7273138955,0.1276961768,0.2927999473,0.356231755,0.8970596891,2.079137982,1.614691966,1.37937447,0.4549044858,0.9122787492,1.092453641,0.2009435511,0.162726593,0.2189326605,0.3742236806,0.1640834878,0.3753440815,0.00875912458,0.8005997305,0.2652650873,0.06033942759,0.3128980165,0.007475513179,0.3378376712,0.1200836122,0.509664236,0.17237907,0.6016401694,0.3139072371,0.1404106255,0.6381366053,0.7927879112,0.1027119434,0.5849432713,0.1548783434,1.045580683,0.0891860092,0.1856564708,0.06650481557,0.0701711533,0.07250300211,0.3061039723,0.05282852954,1.669862795,0.2338125762,0.07263149274,0.03216796164,0.7414371452,0.5464970816,0.2221750846,0.7440272596,0.6023849438,0.5369897639,0.3185024692,0.9751353078,0.4753621639,0.3500366483,0.1618897915,0.08416544188,0.2605409115,0.9680720372,0.9983799871,1.551090329,0.3857012347,0.6344584556,0.716179051,0.3765036435,0.1973554058,0.1368376574,1.103071238,0.679636378,0.1647048973,0.2574215567,0.9285127301,0.5563377673,0.2376427819,1.274085533,0.7575278687
0.2287425665,0.1114954071,0.2260885004,0.05405263616,0.5007550841,0.7372473809,0.1323541551,0.2921649718,0.3489230515,0.8901028287,2.03965493,1.639946588,1.39103805,0.4463174122,0.91255964,1.077857518,0.1687266625,0.1360110752,0.2111575181,0.3770645784,0.1623428417,0.3790960627,0.009320229859,0.8068585282,0.2605093673,0.05833770191,0.3126762678,0.007383365682,0.3410078203,0.1190921276,0.5191987741,0.178334683,0.5929329611,0.3035986746,0.1432684511,0.6507690394,0.8239633412,0.1024520516,0.5905820673,0.1571390369,1.036668853,0.09224575343,0.1876094586,0.06797171422,0.07101594376,0.07070094865,0.321653329,0.05476975824,1.681788208,0.233195053,0.07413916606,0.03419968575,0.7178565893,0.5212201625,0.2244270312,0.7169391124,0.5961197699,0.5291603883,0.3148091796,1.065296871,0.4716505482,0.3536842231,0.1620752252,0.08575168434,0.2624382131,0.9556326174,1.004149985,1.575689277,0.3821077552,0.6327290177,0.7125911152,0.3741124647,0.192835778,0.1371824213,1.10276737,0.6808253858,0.1652407871,0.2611835515,0.9337009834,0.5606212054,0.2361865275,1.275130698,0.761537098
0.2349497887,0.1146453469,0.2302332525,0.056287317,0.5034978222,0.7466454712,0.1340638564,0.2908774631,0.3475684552,0.8793809818,2.000504148,1.665426052,1.404228546,0.436679563,0.9150739222,1.063256027,0.1413102493,0.1129509131,0.2055577365,0.3795261075,0.1585555858,0.3781492499,0.01161628912,0.8098111144,0.2554357179,0.0574813034,0.3105446203,0.008573125213,0.3441036445,0.1188819695,0.5357088775,0.1862478382,0.5828904437,0.2933246824,0.1457736661,0.663212544,0.8500292699,0.1017801982,0.5965306565,0.1613352831,1.032943373,0.09375308228,0.1895690275,0.0708777915,0.07252996431,0.06965771966,0.3358016951,0.05633699213,1.68162814,0.2308979013,0.07651638517,0.03733669738,0.6981045816,0.5008100409,0.2239486984,0.6887282723,0.5902857741,0.5260410514,0.3187945845,1.148387762,0.4744354379,0.3567727251,0.1621180279,0.08630394847,0.2622237603,0.9448597796,1.01378264,1.597624116,0.3797243286,0.6316511926,0.7131829237,0.3739554093,0.1858064813,0.1377991516,1.100839628,0.6817818086,0.1661808371,0.2627236173,0.9327635534,0.5627465383,0.2340023385,1.274479874,0.7698164649
0.2402739921,0.1145854781,0.2281626148,0.05633140089,0.5051487541,0.7580026207,0.132612704,0.2934833001,0.3479851755,0.8699291839,1.972278014,1.690154832,1.419309404,0.4263858564,0.9160463999,1.047046082,0.1146732964,0.09252957505,0.2001504066,0.3794489557,0.153398113,0.3767276453,0.01348882115,0.8125030071,0.247203967,0.05544234747,0.3100754166,0.01162368015,0.344137926,0.1218742687,0.5481404365,0.1916269947,0.5751797448,0.2821726839,0.1498753567,0.6727048338,0.8734534235,0.1008404326,0.601707322,0.1615540435,1.027470949,0.0951248571,0.1912294342,0.07468124316,0.0718603174,0.07052683278,0.3497331534,0.05742229753,1.675982918,0.2277695236,0.08026241248,0.03686681231,0.6899395229,0.4862613342,0.2211766487,0.6774589203,0.5843346296,0.5308075532,0.3208358319,1.225282745,0.4715069816,0.3599610189,0.1641619149,0.08771024022,0.2600390496,0.9320855943,1.019310504,1.617515272,0.3780811983,0.6313275361,0.710752276,0.3734868769,0.1784593397,0.136962054,1.093418148,0.6821138287,0.1629844149,0.26349182,0.9286188551,0.5658386301,0.2350106655,1.277150072,0.7766582836
0.2431793353,0.1165369549,0.2276986556,0.05661536937,0.5082930665,0.7648276269,0.1317824431,0.291699457,0.3427310489,0.8657857767,1.943546383,1.720975593,1.433659101,0.4156559764,0.9138327526,1.029299393,0.08906845883,0.07150580103,0.1961626096,0.3806277483,0.1479106996,0.3771490363,0.0151375654,0.8120646934,0.2427464697,0.05628259916,0.3075903417,0.01403147384,0.3460142898,0.1232415753,0.5742092388,0.1967566758,0.5668681246,0.2711034803,0.1526719021,0.6839881493,0.8898405707,0.09768824503,0.6078907888,0.1661306793,1.016998147,0.09235687157,0.1911209503,0.07389572457,0.07347324696,0.07366953263,0.3609980188,0.05786181505,1.656130208,0.2276441629,0.08317454044,0.03911222208,0.6844843431,0.471190891,0.2204470873,0.6772634958,0.5781647287,0.5512931159,0.3237592542,1.293796177,0.4704402956,0.3627293557,0.1625581694,0.08879525074,0.2579704703,0.9265931531,1.031049936,1.630705035,0.3777444532,0.6302054371,0.7082355248,0.3725274943,0.1759450822,0.1347687757,1.085856192,0.6871052921,0.1599517538,0.2653084893,0.925698066,0.5675027211,0.2340216035,1.279754325,0.7820107447
0.2479492378,0.1178984287,0.2281332338,0.05850736928,0.5124803525,0.7740957821,0.1296743164,0.2911499357,0.3377697499,0.8588587143,1.911800551,1.742509621,1.451038935,0.4040075136,0.914538933,1.020198656,0.06618266305,0.054471497,0.1946450983,0.3814247686,0.140581878,0.3736323471,0.01935769365,0.8135720928,0.2380512558,0.0579230269,0.302663899,0.02215338573,0.3461378608,0.123153479,0.6014499004,0.2020601625,0.5628594869,0.2600361781,0.1528961242,0.6911460511,0.8950872626,0.09619221904,0.6151144889,0.1713640668,0.9977264806,0.09338090803,0.1937240103,0.07623400732,0.07636511624,0.07465062975,0.3719196005,0.06120066006,1.618420673,0.2229387014,0.0863454061,0.04044885696,0.6853304668,0.4580923088,0.2214389439,0.6762732302,0.5739931968,0.5816802357,0.3273415266,1.352648812,0.4763721911,0.3659011945,0.1622954298,0.09075191483,0.2603005045,0.920658509,1.040566686,1.641233571,0.3777098624,0.6274486626,0.7063906921,0.3701529498,0.17163891,0.135321091,1.078192022,0.6892375103,0.1571169752,0.2675184479,0.9189496993,0.5698882785,0.234369178,1.28448899,0.7861433437
0.2534660338,0.1211473228,0.2316619414,0.05986766667,0.5182278314,0.7754176899,0.1298755782,0.2889520837,0.3367919917,0.8507268347,1.881265407,1.760890838,1.469579654,0.3935698665,0.9153521925,1.015489874,0.04528915507,0.03645437713,0.1880136152,0.3795753533,0.1364922624,0.3700090616,0.02266779657,0.8177475294,0.2316053756,0.05849395924,0.2996783073,0.02648923138,0.3471435072,0.1225089069,0.6354730845,0.2095053896,0.5587057268,0.2492650958,0.1565958304,0.699177346,0.8991038959,0.09404579523,0.6207777058,0.1757528017,0.9658173426,0.09566518059,0.1955154845,0.07771829196,0.07786817468,0.0762114869,0.3811472945,0.06340092961,1.570456225,0.2222044312,0.09060873165,0.04098816718,0.6836066919,0.441583585,0.2224974371,0.6700950644,0.5700711232,0.6235599944,0.3362869291,1.405937448,0.4833398836,0.3683506931,0.1594369531,0.09337384286,0.2616125869,0.9207822489,1.056111018,1.653588286,0.3814792461,0.6276896162,0.7008216775,0.3698474334,0.1666181603,0.137333046,1.071830936,0.693094866,0.1561745111,0.2692363373,0.9113112535,0.5699554724,0.2343125041,1.293316558,0.7915975634
0.2579960224,0.1227645576,0.2357934686,0.06002235674,0.5244511128,0.7782517116,0.1330979064,0.2864861019,0.3388942981,0.8406810041,1.85483708,1.776600209,1.488833431,0.3833102206,0.9212461555,1.011522925,0.02624598598,0.01876467522,0.1856941734,0.3769731805,0.1283349487,0.3678960514,0.02321989637,0.8182205663,0.2277100107,0.06149908463,0.2969694507,0.03073292953,0.347420288,0.1232243843,0.6799951269,0.2144270883,0.5578116806,0.2393457884,0.1591811424,0.7073971396,0.9033142589,0.09330071624,0.6243784518,0.1795195655,0.9316027829,0.09838509344,0.1935513435,0.07875905641,0.07875189519,0.07505242503,0.3887198124,0.06673985349,1.50767318,0.2146778667,0.09264114432,0.04153773934,0.6792566314,0.4284708512,0.2218265497,0.6665729309,0.5658438464,0.6685897196,0.345776516,1.448841687,0.4849245844,0.3706671802,0.1583357292,0.09515558563,0.2612366689,0.9251789189,1.069040083,1.665477313,0.381722844,0.6257359534,0.696179414,0.3674419075,0.1599706393,0.1381512177,1.06248119,0.7004969204,0.1556783997,0.2717759991,0.9063493614,0.5716608868,0.2341275256,1.300818385,0.7924365346
0.262557123,0.123606289,0.2367541763,0.06240839758,0.5285324784,0.7818973648,0.1350363103,0.2865972857,0.3445470852,0.8350901487,1.829437973,1.796069026,1.507947195,0.3714876809,0.9238080135,1.010791017,0.01101016612,0.004618223943,0.1830757242,0.3767128811,0.1209792082,0.3652390779,0.02366578551,0.8191035192,0.2224533576,0.06558638975,0.2936648267,0.03526563153,0.3468861679,0.1233121832,0.7245268741,0.2200757817,0.5549732383,0.230215255,0.1618188257,0.7139403103,0.9107922782,0.09157592838,0.62797008,0.1836137444,0.8961011104,0.09860589973,0.1935010502,0.07691516561,0.07822779833,0.07289806186,0.3956196909,0.06906122962,1.434197127,0.211288667,0.09389939903,0.04283070863,0.6786880146,0.4201767995,0.2248897087,0.6678598824,0.5622318747,0.7246172124,0.3598223895,1.480999924,0.4857251951,0.3725561021,0.1571787514,0.09627598645,0.2673237245,0.9221813128,1.080914362,1.677579298,0.3809038372,0.624811609,0.6931308967,0.3677720288,0.1538964657,0.1385586829,1.046867628,0.7035278138,0.1537405419,0.275824317,0.9011969909,0.5744810343,0.2372190583,1.304902226,0.800383433
0.2668841074,0.124002106,0.2384126634,0.06466068026,0.5304081239,0.7831474027,0.1313832158,0.2864449158,0.348477414,0.8297670133,1.801354557,1.810326926,1.528416166,0.3609343934,0.9260737997,1.005837826,-0.005201835059,-0.006268985586,0.1797830958,0.3776623289,0.1164726436,0.3651357998,0.0274678168,0.8199931678,0.2159744021,0.06608793534,0.2959631709,0.03673966701,0.3499678151,0.123363875,0.7718659428,0.2238261608,0.5543574084,0.2183689155,0.1636106597,0.7147456934,0.9188595775,0.08906389795,0.6306778378,0.1888595619,0.8578013032,0.09628293349,0.1915883456,0.0759446991,0.07674887318,0.06980883391,0.3990590818,0.07076350551,1.354760915,0.209833201,0.09612634334,0.04359602582,0.6839517349,0.4128750138,0.2237598215,0.6707552599,0.5586029684,0.7822518853,0.3728105521,1.499105006,0.4909609554,0.375625495,0.155629622,0.09776380972,0.2667660293,0.9258290908,1.097269016,1.68952917,0.3809128439,0.6224388219,0.6869156502,0.3686456754,0.1470407837,0.1393612817,1.040695092,0.7037320375,0.153561864,0.2769944406,0.8868639352,0.5800467561,0.2371960454,1.304285517,0.8092915751
0.2706385403,0.1218992509,0.2407073731,0.06673971958,0.5374906623,0.786506288,0.1276193783,0.2849857984,0.3545263353,0.8257334577,1.767364616,1.817064236,1.551563377,0.3510550251,0.9291554661,1.001635585,-0.01778739281,-0.0180907318,0.1820876511,0.3773212429,0.1095159797,0.3602895977,0.02984060812,0.8197594588,0.211621726,0.06536948757,0.2954565227,0.04125698019,0.3494624218,0.1221258279,0.8163376739,0.2261677401,0.5539452852,0.2080034916,0.1661147922,0.7127105322,0.9239657399,0.08813738635,0.6324438189,0.1898158101,0.814958238,0.09935769256,0.1890685882,0.07508360467,0.07787134244,0.07258644026,0.4029597344,0.07355487302,1.265995782,0.2073938714,0.09699751907,0.04366457836,0.6923542374,0.4059625058,0.2272879523,0.6887447425,0.557921403,0.853143657,0.3857686354,1.512404729,0.4976010857,0.3754443128,0.1553091206,0.09907071331,0.2655670363,0.9288114133,1.115083617,1.69422409,0.380436404,0.6204255672,0.678655055,0.3700252816,0.1391108528,0.1350117944,1.042450159,0.7056690301,0.1531879698,0.2790862046,0.8712876626,0.5807516845,0.2374595197,1.303892576,0.8153920784
0.2732927006,0.1204330841,0.241608092,0.06825839391,0.5449272017,0.7897057787,0.1269928739,0.2879131857,0.3599894402,0.8211703291,1.74494627,1.824077907,1.572009012,0.3412383446,0.9327955706,1.005016177,-0.0302459776,-0.02897119817,0.1813452252,0.3805972628,0.105581773,0.3586111149,0.03048697874,0.821295626,0.2070623784,0.06537082457,0.2919170345,0.04659722428,0.3503827583,0.124517157,0.8596327947,0.2291494503,0.5523984763,0.1993374711,0.1659113577,0.7077134192,0.9269595611,0.08834174725,0.6337979511,0.1873069477,0.7667826519,0.09474103269,0.193382764,0.07690505335,0.07678542741,0.06742958634,0.4058682236,0.07221970312,1.1737039,0.2056341044,0.09793488517,0.04518177448,0.6987946143,0.4059195285,0.2291640346,0.7112581035,0.5609284162,0.9257062901,0.4026683398,1.516152769,0.5012230596,0.3813937333,0.1547110542,0.1019226553,0.2609583855,0.9350339535,1.137614905,1.69952637,0.3818401396,0.6189964732,0.6731344704,0.3733040383,0.134852375,0.1351116024,1.035593359,0.7095443821,0.1505145382,0.2803886447,0.862391172,0.5792633047,0.2361193804,1.297025732,0.8197934096
0.2757078861,0.1209359205,0.244875439,0.06807944184,0.553328009,0.7918685641,0.1269113535,0.2925103372,0.3675904874,0.8145972161,1.721404086,1.824200562,1.592494463,0.3307269663,0.9371629099,1.006482221,-0.04230218009,-0.036032834,0.1819598585,0.3822481705,0.1028447961,0.3586602054,0.03053470439,0.8199926294,0.20673519,0.06630816287,0.2928569503,0.049581357,0.3518308311,0.1219771171,0.9070086934,0.231257712,0.5513807559,0.1920945655,0.1678067962,0.7001782614,0.9315111505,0.0878422865,0.6348334922,0.1850983661,0.7127013036,0.08724901235,0.2001066199,0.07890040629,0.07582455538,0.06523022796,0.4066512626,0.07797563159,1.075844101,0.2063466865,0.1019596703,0.04834894364,0.7068912299,0.4071303387,0.2299235909,0.7306528238,0.5644890772,1.006620855,0.4180497565,1.507665413,0.5140580775,0.3835616828,0.1531220336,0.1027160995,0.2586216297,0.9327058785,1.156432434,1.705251938,0.3836612365,0.6156949076,0.670252916,0.3793809594,0.126629748,0.1371055256,1.031505517,0.7192877761,0.1514950511,0.2846108291,0.8677576739,0.5760496301,0.2373316356,1.287381262,0.8227154493
0.2804613752,0.1210410788,0.2468126015,0.06718353181,0.5538177337,0.7950792266,0.1285908522,0.2955405497,0.3716591676,0.8099934818,1.708724106,1.829427931,1.612451195,0.3201450769,0.9437380681,1.003449655,-0.05220035857,-0.0410408024,0.1778879386,0.3840668657,0.1065883271,0.3598954373,0.03099573758,0.8165867232,0.2068076289,0.06761680947,0.2947172071,0.04845662913,0.355731587,0.123921719,0.9619962155,0.2353748587,0.5574066729,0.1866965615,0.1670880865,0.6908898581,0.9336286287,0.08920830996,0.6356958743,0.1901697321,0.6638105514,0.08417013156,0.2021161357,0.08150661958,0.0750423281,0.06442837855,0.4003197684,0.08120840974,0.997078002,0.2083362045,0.103089442,0.05145761277,0.7186162922,0.4085778505,0.2355616564,0.7512974515,0.5705330454,1.086320253,0.4285755183,1.484526914,0.5198323289,0.3850166255,0.1533200839,0.1029725062,0.252319876,0.9382354529,1.176386729,1.70971411,0.3832516548,0.6113535428,0.6659374609,0.3839699434,0.1186560936,0.1382421215,1.03208053,0.7219449618,0.1552394695,0.2883553877,0.8589111324,0.5734870593,0.2356047963,1.279970431,0.8265909088
0.2844232217,0.1204228475,0.2492651228,0.06757219954,0.5621084229,0.7996954791,0.1251072133,0.2981892539,0.376329359,0.8115731688,1.687507256,1.829105304,1.625702255,0.3099912355,0.9492829621,1.000398858,-0.06141380614,-0.04812205896,0.1744309819,0.3868704774,0.1054282396,0.3600300512,0.0319051558,0.8133901322,0.204907678,0.06637065895,0.2986416325,0.04427128797,0.3599829097,0.1242702971,1.01015935,0.2401657702,0.5669319609,0.1836596331,0.1680129784,0.6789969502,0.9360595613,0.09096737697,0.636399654,0.1883934561,0.6036374703,0.09219726017,0.2044824153,0.08488446928,0.07259027671,0.06445765751,0.3892736542,0.08574498996,0.9088993874,0.2040068763,0.1042904357,0.05442216102,0.7371107705,0.4104679806,0.2366104662,0.7736074578,0.5705264151,1.164400647,0.4457529658,1.447975878,0.5318039694,0.3854749334,0.1503265394,0.1037764706,0.2505785936,0.9487851514,1.189803478,1.719346817,0.3843085943,0.6073347596,0.6620664374,0.3839222585,0.1124758541,0.1399317405,1.029048664,0.7253604973,0.1587802043,0.2908000784,0.8411426105,0.5715397815,0.2338194267,1.267599325,0.8256456945
0.2880764383,0.1247665973,0.2514660999,0.06871576432,0.5644372037,0.8072700668,0.123860441,0.3029412034,0.3830389699,0.8090955235,1.668484908,1.825862124,1.63964388,0.2984836442,0.9540545365,0.9999449855,-0.07174841788,-0.05525454482,0.1682629583,0.3913531959,0.1078451683,0.3639788389,0.03317516411,0.809514621,0.2013821826,0.06529903807,0.3018063807,0.04348024714,0.3640078583,0.1229505185,1.056529591,0.2408592086,0.5753048083,0.1803419945,0.1660955312,0.666363741,0.9366427732,0.09088311775,0.6363911494,0.1878054421,0.5481504215,0.09668097362,0.2041590071,0.08687778203,0.06829329933,0.06311041304,0.3790869781,0.08728114526,0.8176451669,0.1994788169,0.1092407166,0.05481459288,0.7596475552,0.4105805402,0.241938528,0.7948160661,0.5703776355,1.241443145,0.4687072658,1.404346433,0.5464716721,0.3879747259,0.1506353279,0.1050281893,0.2486628443,0.9595224409,1.204189617,1.731675913,0.3850071205,0.6026501543,0.6578656087,0.382161935,0.1038427288,0.143896563,1.025313288,0.7252931821,0.1639146284,0.2904766077,0.8273384326,0.573313475,0.2347896792,1.254684231,0.8273672411
0.2905914926,0.1226452852,0.2519196292,0.06991784335,0.573547622,0.8078585459,0.122252217,0.3061393822,0.394743097,0.8083067994,1.661140026,1.814331913,1.648435018,0.2893406817,0.9590368356,1.005202851,-0.07885838754,-0.05940987787,0.1663164201,0.3932289342,0.1086044876,0.3633597177,0.03399489858,0.8069251148,0.1994059306,0.06662797961,0.3029330599,0.04723280098,0.3640042519,0.1235995519,1.105774885,0.2398369279,0.5837178752,0.176205227,0.1649822473,0.6521940053,0.9368795897,0.09082430169,0.6355315933,0.1898375724,0.4932797697,0.09306357785,0.2044503412,0.08446059704,0.06530798125,0.06662966137,0.3719517578,0.08894030026,0.7287805312,0.197161464,0.112269032,0.05620763352,0.7825102317,0.4129513454,0.2433548008,0.820168961,0.5692045017,1.317010099,0.4930521949,1.348983459,0.5612606037,0.38891222,0.1506164197,0.1048942414,0.2454906007,0.9672862383,1.214830091,1.742507904,0.3859854018,0.5997201135,0.6587836904,0.3841379497,0.09597981722,0.1430111448,1.023481693,0.7330127913,0.1638664909,0.2895112903,0.8171882873,0.5736272636,0.233639352,1.242821155,0.8289773446
0.2947586297,0.1225146904,0.2511173466,0.07154062228,0.5843979623,0.8153346506,0.1201193223,0.3115604422,0.4046348429,0.8122886328,1.655370909,1.799259684,1.656366589,0.2812496015,0.9681927375,1.008228529,-0.08784955172,-0.0628326413,0.1617902365,0.4022979632,0.1083535386,0.3658534782,0.03363238599,0.8049039662,0.2004820677,0.06866576994,0.3054294469,0.04780190911,0.3668045171,0.1242441835,1.152472982,0.2386648068,0.5942219177,0.1722150574,0.1636425487,0.6347528996,0.9383283889,0.09332679378,0.6337211693,0.1876593796,0.4340493634,0.0966805951,0.2065311059,0.08670436564,0.06576226244,0.06838649052,0.3631607468,0.08941018646,0.6420262058,0.195471735,0.1131975751,0.05444792057,0.8159570559,0.4152007081,0.2456236175,0.8490224173,0.5729242468,1.391171317,0.5167311989,1.296423533,0.5688574763,0.3904587712,0.1519631817,0.1075426083,0.2461235089,0.9664977223,1.222658346,1.763535706,0.3867022546,0.5974461197,0.6563925894,0.3828019392,0.08923567208,0.1451866895,1.025851085,0.7401495714,0.1664190383,0.2927375391,0.812213628,0.572163756,0.2315035356,1.238150077,0.8318345507
0.297570596,0.1241323906,0.2522976953,0.07054599921,0.5902341513,0.8151605262,0.1224185543,0.3137638043,0.4099940499,0.8117763519,1.640907941,1.782362148,1.666000153,0.273517794,0.9781523657,1.013308938,-0.09473994916,-0.06840492807,0.1569521383,0.410798203,0.1139918009,0.3706575002,0.03421966449,0.8033840839,0.2068454576,0.06983845414,0.307706118,0.0429472471,0.3698008959,0.1223242676,1.197630474,0.2380096558,0.6016354257,0.1721993873,0.1612358872,0.6177787921,0.9396244582,0.09526552619,0.6319655324,0.1882898596,0.3760733896,0.09685105755,0.2113407677,0.0853970012,0.06705474849,0.06817819295,0.3588869063,0.09068212116,0.5629549425,0.1927374873,0.1143323784,0.05718359967,0.8511948178,0.4189957295,0.2493181542,0.8881799149,0.5762779339,1.458570544,0.5447729772,1.241974792,0.5805312218,0.3913860472,0.1531779214,0.1089448858,0.2497546354,0.969066824,1.228669468,1.782075785,0.385004301,0.5942048513,0.6535932321,0.3787053994,0.07868224111,0.1466679002,1.025478851,0.7468953309,0.1726725867,0.2946241506,0.8138331877,0.5644161854,0.2288939417,1.221477254,0.8342582455
0.2991214216,0.1269462272,0.2562938386,0.07022662883,0.5962064138,0.8192882058,0.1238474333,0.3206933864,0.4199419102,0.8079973928,1.629952229,1.760203953,1.676072102,0.2657654091,0.990820871,1.019984736,-0.10097234,-0.07145845656,0.150198677,0.4176584981,0.1198038593,0.374383106,0.03121264477,0.8001780719,0.2096794901,0.07085206989,0.3105987214,0.0386560383,0.3743059101,0.1237218517,1.231136211,0.2360004088,0.6111352334,0.1723845647,0.160133677,0.5984585549,0.941576974,0.09852569424,0.6280007927,0.1880911755,0.323618132,0.1015724847,0.213515434,0.08775799218,0.06513558865,0.06919663334,0.3574857109,0.09245194434,0.4906213569,0.190315744,0.1167211135,0.0564559445,0.8923509109,0.4235609022,0.2493508821,0.9296770168,0.5793919604,1.515285804,0.5767325712,1.1922221,0.593945218,0.3963288802,0.1558681658,0.1094886599,0.2524362526,0.9873100158,1.226235162,1.804525884,0.3837268677,0.5922821264,0.6518933681,0.3799474955,0.06777310974,0.1479967353,1.024075801,0.7557955192,0.1774172629,0.2959212981,0.8153994384,0.5643714763,0.2271762796,1.208529004,0.835422243
0.3007753417,0.1266597562,0.2599541808,0.06806140391,0.5991946439,0.8223385487,0.1236909854,0.3230303464,0.4290002155,0.8093173884,1.621519962,1.736497119,1.685621526,0.2588604921,1.002017512,1.028139644,-0.1060986395,-0.07475146094,0.1445639679,0.4254703516,0.1249883613,0.3783528299,0.02867498914,0.7961375916,0.2133179268,0.06898006727,0.3142967749,0.03166946885,0.3791949436,0.125016052,1.268348092,0.2338249826,0.615557824,0.1755731082,0.1599611323,0.5771972337,0.9435482399,0.1003141693,0.6227282298,0.1867903376,0.2764309245,0.1051384432,0.2171281012,0.08955322882,0.06182961866,0.07084422769,0.3591042237,0.09333234664,0.4368039468,0.1893105511,0.1167202985,0.05653273451,0.9327864039,0.4267963478,0.2509138229,0.9809365835,0.5829163028,1.563395594,0.6168646747,1.146072953,0.6026776514,0.4001935109,0.155956482,0.1096675033,0.2548257998,1.003937457,1.225140085,1.828338909,0.3821869617,0.5901620836,0.6493521611,0.3779589357,0.05831784093,0.1498849643,1.019598277,0.758693035,0.1839683556,0.2992007949,0.8205051749,0.5595750119,0.2263442443,1.193659966,0.836780741
0.3032927233,0.1270693772,0.2599557486,0.06815329822,0.6024192711,0.8276521525,0.1235624237,0.3251217777,0.4363868557,0.8062091189,1.619659631,1.713946628,1.69447804,0.2521259793,1.012782809,1.037189331,-0.1116964883,-0.07647672702,0.1439332522,0.4350698872,0.1300748226,0.3825130999,0.02602306178,0.7894706949,0.2175490956,0.06835442087,0.3177979006,0.02832824141,0.3827337745,0.1258140936,1.300881753,0.2305344916,0.6230078583,0.1780708617,0.15859751,0.5570864556,0.9460308316,0.1030351599,0.6170205702,0.1870250962,0.2381268705,0.1092947324,0.2204906526,0.09400506263,0.05962965394,0.0695540749,0.3609482468,0.09605022458,0.3907305797,0.1836028192,0.1172222185,0.05451221476,0.981576868,0.43514165,0.2527985428,1.05258341,0.5868614768,1.603578373,0.6567524514,1.106893053,0.607809227,0.4048336068,0.1601864185,0.1115130132,0.2578847088,1.023392009,1.216049379,1.854169422,0.3783032846,0.5882217566,0.6496861938,0.3781203576,0.04645424824,0.1492536298,1.017673829,0.7660284577,0.1892163856,0.3053323938,0.8243422047,0.5553263861,0.2264988892,1.189599334,0.8327778567
0.305209871,0.1273831458,0.2616712933,0.06780019098,0.601812922,0.8349128609,0.1237256427,0.3279779065,0.4430819542,0.8089124117,1.608967406,1.687531725,1.703481904,0.2440891599,1.020535929,1.045884813,-0.1176920071,-0.07671044314,0.144287888,0.4422574326,0.1361633883,0.3854130625,0.02864756797,0.781631754,0.2198145589,0.06872823174,0.3169987459,0.0280713594,0.388590608,0.1264117326,1.322780037,0.2283659422,0.6261984164,0.1814356251,0.156690859,0.5340154195,0.9480910642,0.104654686,0.6080942872,0.1867123853,0.2071644113,0.1093134905,0.2277810703,0.09623876332,0.06025832842,0.07105806947,0.3636967691,0.09895891245,0.3523900264,0.1871293774,0.1198674235,0.05477459227,1.032577037,0.4491484161,0.256035733,1.137300721,0.5960351813,1.641579178,0.6979226877,1.0767965,0.6169304768,0.4089764247,0.1644017974,0.1122712517,0.2601058239,1.041197753,1.204284328,1.877521626,0.3769411625,0.5853268528,0.6483656887,0.3799687042,0.03890397531,0.1498475223,1.01867297,0.7683898437,0.1907630543,0.311162484,0.825260103,0.552479066,0.2248621048,1.188227984,0.8304722839
0.306391884,0.1283944023,0.2643781536,0.06772185485,0.600872021,0.8382027938,0.1232685939,0.3310709254,0.4452385477,0.8100070685,1.597591622,1.656208372,1.714471699,0.2366757722,1.03061217,1.050801541,-0.1248144675,-0.07885837434,0.1408107253,0.4494718287,0.1401830221,0.3907909467,0.02923622934,0.7715448194,0.2240435986,0.06901767462,0.318042798,0.02501718902,0.3917530055,0.1255967379,1.339614992,0.2243834347,0.6309775955,0.1848592888,0.1563292284,0.511374233,0.9488873339,0.1079176408,0.5982234017,0.1872498951,0.1812596022,0.1122515599,0.2317153099,0.09726968163,0.06093489437,0.07371755195,0.368465872,0.1033889262,0.3270054777,0.1862196022,0.1230902706,0.05359771552,1.087378708,0.4603824717,0.2541067799,1.224868048,0.6080545767,1.674554483,0.7400990198,1.048856293,0.6293292105,0.4141037575,0.1662328087,0.1097825333,0.2553521439,1.066606307,1.188339183,1.898523809,0.3751050805,0.5819750003,0.6441196945,0.3792959166,0.02856254391,0.1523621308,1.019898401,0.7799229569,0.1944368878,0.3177627555,0.8290666707,0.5464925575,0.218281201,1.187116875,0.8253262977
0.3088458167,0.128441708,0.2668849375,0.06669595283,0.6031243348,0.8471293181,0.1234772505,0.3308047569,0.4466076564,0.8125361271,1.592810281,1.626312623,1.71978325,0.2301526421,1.039472632,1.057637272,-0.1295129514,-0.08067631206,0.1392259569,0.4578736354,0.1432591333,0.3954549497,0.02729495887,0.7598629372,0.2309719926,0.06824204449,0.316177,0.02264962874,0.3932789683,0.1246175071,1.355921292,0.2218381902,0.6317197425,0.1890541319,0.1552719792,0.4888229036,0.9494588591,0.1116596882,0.5886174133,0.1891892513,0.1612194621,0.1126304214,0.2366145091,0.1003884268,0.06300852399,0.074846281,0.3694010947,0.1065077758,0.3068644989,0.1834295702,0.1253453493,0.05157011014,1.135876835,0.4763281799,0.2557442188,1.305956696,0.6223266983,1.702094229,0.7891028406,1.019046493,0.6344761433,0.4203034093,0.1683578167,0.1085325218,0.2598895067,1.084259216,1.173872927,1.918530826,0.3749500352,0.5781887057,0.6432150982,0.3788768712,0.01740629295,0.1538478495,1.013652108,0.7882238005,0.2001156689,0.3213297874,0.8364127241,0.5366130561,0.2142963706,1.185078344,0.8191691188
0.3100137436,0.1306559254,0.2643822438,0.06705702848,0.5976444554,0.8510966068,0.1264576011,0.3330529007,0.4468981727,0.8123788763,1.586034449,1.593320371,1.724259772,0.2235086141,1.053288692,1.069564149,-0.1353735897,-0.08166765052,0.1313395579,0.4683509778,0.1480941307,0.4022402417,0.02575198681,0.7476152208,0.2375671575,0.0691070135,0.3171797385,0.01694167535,0.3972121817,0.1252932489,1.365983428,0.2206795641,0.6308285765,0.1921240042,0.1538949519,0.4663848571,0.9504632101,0.1137628836,0.5778455414,0.1938545833,0.1462102373,0.1126814803,0.2420842881,0.1007913649,0.06351378104,0.07264925944,0.3699414182,0.1106082304,0.2955708841,0.1863239925,0.1265081099,0.05102175964,1.178303048,0.4918070162,0.2542201465,1.373352318,0.6348790907,1.721865811,0.8381661079,0.9850554577,0.6487819628,0.4282913066,0.1707079153,0.107422595,0.2606347683,1.100014252,1.154646898,1.939974935,0.372736639,0.576720007,0.6421419871,0.3757351394,0.008861585432,0.1604364396,1.002882913,0.7988228154,0.2040400984,0.3252350303,0.8388002004,0.5308203595,0.2101761952,1.181709503,0.809870783
0.3110307648,0.1305209878,0.2640426933,0.06743717279,0.5932081094,0.8528712949,0.1266352532,0.3325074886,0.4486248235,0.8150001085,1.577370156,1.561328747,1.726219178,0.2165453864,1.062793663,1.078926817,-0.1390320507,-0.08013147395,0.1280694036,0.4750307049,0.1529410431,0.4079423281,0.02582386198,0.7310218499,0.2457778649,0.07086396574,0.3190164532,0.01153612148,0.4000148512,0.1230108951,1.376917506,0.2178679884,0.6313423497,0.1942699595,0.1533118468,0.4437995371,0.9517587336,0.1161883665,0.5653187523,0.198880817,0.1412768777,0.1129781598,0.2441552157,0.1013883431,0.0632346434,0.07693635876,0.371436013,0.1167513792,0.2934214795,0.1855949521,0.1296873025,0.05000048738,1.222446846,0.500319046,0.2550936767,1.433931483,0.644277675,1.734425883,0.8892144244,0.9535370617,0.664926924,0.4359328963,0.1728202063,0.1056488347,0.2685768336,1.110510515,1.134455283,1.961783345,0.3704821514,0.5763714254,0.6398178318,0.3732532344,0.002127764515,0.1624324119,1.003752509,0.8036024238,0.2080858084,0.3290830679,0.8394485528,0.5253984014,0.2076401934,1.178700815,0.8066188987
0.3107723959,0.1302016355,0.2622636831,0.0676011395,0.5864672589,0.8598564072,0.1289894558,0.330421334,0.4429007645,0.817643033,1.571518546,1.53007993,1.728215333,0.2108579764,1.073026095,1.090274123,-0.1433211807,-0.07965046173,0.126027155,0.4828203978,0.1571287362,0.4135082269,0.02727812841,0.7200986639,0.2505395762,0.07033125782,0.3217447534,0.007528354299,0.4018700326,0.1251545315,1.379684992,0.2148769714,0.6281979408,0.19371319,0.1526001033,0.4206431512,0.9514051463,0.1197580439,0.5510749839,0.2051963212,0.1383300231,0.1130630335,0.2481215294,0.1033403198,0.06426699834,0.07988560671,0.3738400227,0.1189998442,0.2936504305,0.1832004857,0.1324685025,0.04914661735,1.270003254,0.5060449975,0.2563840316,1.494995106,0.6519884991,1.742502101,0.9454061504,0.9274373904,0.6703861782,0.4418058363,0.1748794541,0.1042656136,0.2763920228,1.119756587,1.113481991,1.982977349,0.3682334856,0.5755928021,0.6365692266,0.369587384,-0.005276292694,0.1620100817,0.995838086,0.8044219381,0.2135221726,0.3330429439,0.8309516548,0.5214870474,0.2049314026,1.180303155,0.80180457
0.3068961688,0.1315994029,0.2642131161,0.06916025051,0.5822126708,0.8645343539,0.1305514404,0.3305712757,0.4417158555,0.8235344173,1.559198016,1.494014808,1.727751568,0.2053489953,1.081817295,1.108510641,-0.147075759,-0.08161005268,0.1230223589,0.4854854177,0.157102847,0.4170082903,0.02674869408,0.704900582,0.2513576464,0.06936279146,0.3234213945,0.002610282943,0.4002348415,0.1256293353,1.377140475,0.2132303816,0.6221699569,0.1921835918,0.1509287204,0.3964151987,0.947244516,0.1217331172,0.5338596802,0.2081580751,0.1333480071,0.1132887186,0.2565691783,0.106435381,0.06395455759,0.08458998847,0.3741546311,0.1180553916,0.2904184996,0.1815541843,0.1357384057,0.04787734825,1.313072394,0.5122524515,0.2531561199,1.554789966,0.6546826654,1.745913773,1.005436,0.9065654209,0.676701713,0.4489025082,0.1744659178,0.1033798408,0.2842026001,1.133629034,1.094294779,1.999431089,0.3656696123,0.5766005547,0.6339472138,0.364385773,-0.01015978318,0.1646175312,0.9880454951,0.8110879673,0.215026721,0.3355079396,0.8176069636,0.5165710837,0.2019759155,1.183788485,0.7939530851
0.3078776683,0.1338035387,0.2641077266,0.06865062958,0.5724515482,0.8731371791,0.1352308011,0.3330283852,0.4346698262,0.8252563016,1.547729676,1.4584573,1.72758022,0.200143391,1.0873724,1.122928598,-0.1509836151,-0.08206086115,0.1238842888,0.4903349589,0.1601889976,0.4233119143,0.02755834377,0.6879023758,0.252350798,0.06816041906,0.321296272,0.005167746795,0.4013476851,0.1257019062,1.369281275,0.2100279955,0.6144884315,0.187299654,0.1510032113,0.3742720441,0.9390251289,0.1234818302,0.5127681491,0.208143214,0.1284799274,0.1080220471,0.262098568,0.1073889494,0.06164326292,0.08749318735,0.3697935359,0.1134574693,0.2904574379,0.1782615303,0.1397383163,0.04613501777,1.349151051,0.5169418969,0.2558341361,1.613253456,0.664085684,1.751118778,1.065944492,0.8818486583,0.6809414654,0.456386404,0.1799515561,0.1039991019,0.2927014283,1.131434321,1.077945947,2.010652936,0.3623230983,0.5765874539,0.633184536,0.365221646,-0.0184399876,0.1672490107,0.9799064287,0.8186130344,0.2157422255,0.3356440402,0.8018286101,0.5103390657,0.1994571821,1.189348672,0.7907328781
0.3077936821,0.1344822593,0.2663238373,0.06970618515,0.5693204584,0.8759578941,0.1381666941,0.3300347826,0.4315324108,0.8298370312,1.538302501,1.425719781,1.72596387,0.1966521426,1.098796076,1.131878516,-0.1541478369,-0.0817683765,0.1254079444,0.4944147996,0.1607312372,0.4282339244,0.0270382522,0.669494076,0.2584311659,0.06962415739,0.3215241194,0.003319512746,0.4044849207,0.1284120713,1.366243269,0.2105364601,0.602624989,0.1814838496,0.1500185658,0.3546408384,0.9252927598,0.123702028,0.4892303983,0.2108704055,0.1220865079,0.1092946904,0.2690017756,0.1084828919,0.06191127173,0.09237897036,0.3667105373,0.1086666336,0.289417281,0.1758948022,0.1380676474,0.04523105971,1.382751406,0.5208431641,0.256103618,1.682676413,0.6725618176,1.754114741,1.127142046,0.8560188039,0.6837738229,0.4623696634,0.1828544084,0.1034073409,0.2984985236,1.13695982,1.063185699,2.014179826,0.3606358745,0.5757489702,0.6318901456,0.3674046883,-0.02170429556,0.1700468368,0.9722778277,0.8246935008,0.217631045,0.3353000666,0.791067339,0.5045102545,0.1937188217,1.195513779,0.783812057
0.3054687298,0.1367411457,0.2682537057,0.06926197647,0.5589740449,0.8842060663,0.1435432994,0.3314785369,0.4248680571,0.8360031604,1.527940168,1.388961827,1.729154529,0.1919614236,1.110483609,1.149539212,-0.1572969536,-0.08315198904,0.1302674444,0.4983839545,0.1605398628,0.4342547738,0.02787528933,0.6506950725,0.2616904741,0.06873728219,0.3214455581,0.002976045467,0.408726875,0.1288587391,1.356323863,0.2110017254,0.5939192038,0.1785035076,0.1502976014,0.3358726334,0.9069116796,0.126402877,0.4692655067,0.2104977404,0.1160867898,0.1083938007,0.2755702488,0.1121265432,0.06066959482,0.09516739023,0.3631670963,0.1054040915,0.293050084,0.1734116347,0.1376828008,0.04540956158,1.414971908,0.5243781445,0.2576289049,1.76057566,0.6858478462,1.756104104,1.189420449,0.8399012372,0.6908786832,0.4679127067,0.1857856062,0.1040495343,0.3001101335,1.148390981,1.049861565,2.012762524,0.3591488598,0.5760321487,0.6294722878,0.3690972963,-0.02689164474,0.1745157657,0.9653406801,0.8303982094,0.219898731,0.3339741063,0.7742150131,0.5021895471,0.1910222554,1.19915185,0.7752140566
0.3047870818,0.137792108,0.2673681886,0.06955617304,0.5474888816,0.8848859127,0.1463257736,0.329939242,0.4163925583,0.8354931954,1.52458284,1.352643439,1.731813222,0.1869741953,1.116775076,1.162569622,-0.1597444915,-0.08465880476,0.1370522457,0.4960029775,0.1598144128,0.4372426544,0.02826744917,0.6317797528,0.2630689931,0.06972141541,0.3181728045,0.004972512762,0.4128353097,0.1283005977,1.343507437,0.2116582466,0.587711401,0.1726903148,0.1502200853,0.3190410052,0.8803591791,0.1253580309,0.4473926676,0.2119713045,0.1129758053,0.1028236783,0.2841663183,0.1126933177,0.05798267101,0.09928568879,0.3577163418,0.1032768382,0.2971013829,0.1711242249,0.1360337465,0.0456689373,1.438401388,0.5257770619,0.2612456708,1.840901354,0.6963009798,1.756675858,1.248462268,0.8220156497,0.6995685351,0.4733202614,0.1888681361,0.1019336369,0.3063746977,1.146768099,1.033127446,1.998343054,0.357893643,0.5749743443,0.6274765463,0.3708056377,-0.03092612219,0.1751753028,0.9553700186,0.8422820224,0.2189654188,0.329100232,0.7566113007,0.4961737389,0.1892458527,1.202695388,0.7635422612
0.3061614425,0.1376387134,0.2705004925,0.07299297255,0.5408280661,0.8904741876,0.1488728633,0.3280600919,0.4094685405,0.8404616095,1.522627496,1.318858562,1.732511184,0.1823407809,1.122867112,1.170340648,-0.1615983484,-0.0821154152,0.1386520655,0.4964610809,0.1588974413,0.4428735853,0.02846917859,0.607531454,0.2610843238,0.07080918311,0.3178828884,0.008186736112,0.4171015554,0.1270269789,1.329921764,0.2118315092,0.5822612976,0.1665487603,0.1510354888,0.3038805456,0.8481053608,0.1245914963,0.4237349452,0.2146025456,0.1119884782,0.0998450646,0.2900765448,0.1126514937,0.05781227909,0.1013140471,0.3519065322,0.09998411154,0.298144399,0.1687507288,0.1351683111,0.04669883099,1.453087003,0.5215238774,0.2623475875,1.906500001,0.7119662162,1.756682364,1.30576421,0.8033991622,0.7094257675,0.4797152503,0.190702059,0.1032337116,0.3100097493,1.148264071,1.025670427,1.981874135,0.3570076214,0.5744435274,0.6264007595,0.372993393,-0.03321262904,0.1776628263,0.9414295284,0.8511252604,0.2197728745,0.3267637441,0.7388816629,0.4967620763,0.1882518868,1.214883692,0.7537590338
0.3068359453,0.1374149031,0.2694157851,0.07525286684,0.5345238402,0.899692959,0.1533258378,0.3277736572,0.4034262841,0.8474315163,1.515495542,1.286017543,1.732037556,0.1793303067,1.126482458,1.186817894,-0.1634096981,-0.08159829897,0.1498477525,0.4944560723,0.158229911,0.4466394898,0.03009650532,0.5863299518,0.2597431382,0.07129687877,0.3169857289,0.0104772596,0.419486463,0.1237442178,1.317660386,0.2135351811,0.5735238654,0.1593446405,0.1525102646,0.2922068831,0.8086190084,0.1239907614,0.4027083321,0.2116324396,0.1089744024,0.1009829109,0.3014353869,0.1139951825,0.05733882464,0.1027055994,0.3459553947,0.09584072018,0.2989904883,0.1637802922,0.133590089,0.04735981847,1.458423487,0.5196389725,0.2663525665,1.961226412,0.7319783274,1.754352181,1.356586221,0.7800948014,0.7145279666,0.4830494276,0.1973101719,0.1015131982,0.3186644005,1.129555921,1.019015968,1.956981915,0.3538566958,0.5703388837,0.6250696587,0.371864618,-0.03552075499,0.181040276,0.9385381391,0.8541179971,0.2180459425,0.3256593089,0.7170144049,0.491355571,0.1861834277,1.218940198,0.7468202749
0.3050027839,0.1412502328,0.2675647884,0.07918517409,0.5289328633,0.9095670983,0.1586576291,0.3273100569,0.394660269,0.8585189693,1.514338343,1.254970782,1.73105265,0.176112525,1.131764307,1.193980381,-0.1657718342,-0.08167149038,0.1618777408,0.4897013879,0.1551367733,0.4499902635,0.03087067275,0.5645259071,0.2568830614,0.07246380359,0.3184202923,0.01162516341,0.4207856786,0.1205334326,1.297525108,0.21567475,0.5665412519,0.1496459974,0.1529567938,0.2819562919,0.7661409217,0.124717398,0.3835363458,0.21122072,0.1097091847,0.1030663129,0.3081243977,0.1145420429,0.05903240693,0.1038619121,0.3364206707,0.09245378486,0.297646779,0.1623158536,0.1349824607,0.05005308854,1.464487027,0.519747439,0.2664064831,2.005035058,0.7532229492,1.754370511,1.397912549,0.7576380958,0.7192312856,0.4899615998,0.2029227122,0.1010581074,0.3181599874,1.106536123,1.010971819,1.926353173,0.3537152258,0.5699731367,0.6205248972,0.3736345755,-0.03664622781,0.1845848174,0.930543893,0.8659163846,0.2128650024,0.3219417577,0.691309669,0.4922678976,0.1836477761,1.223146423,0.7356438667
0.30139154,0.1437988473,0.2700343519,0.0792422215,0.5249458047,0.918662837,0.1679284155,0.3284767625,0.385414109,0.8703215774,1.503645642,1.220260739,1.726119942,0.1720710979,1.13436353,1.202026303,-0.1682262146,-0.08133259966,0.1737668645,0.4912866345,0.1556395171,0.4558764989,0.03082291337,0.5412168183,0.2562022935,0.07496162402,0.3205628583,0.01550277457,0.4262827842,0.1203666386,1.272282646,0.216255834,0.5585615192,0.1403890494,0.153204662,0.2699833452,0.7167210561,0.1242002653,0.3643153578,0.2114208942,0.112020107,0.1000042975,0.3154897358,0.1131774643,0.05915015574,0.1052733962,0.3262131026,0.08867231973,0.2965448615,0.1652814418,0.1361007519,0.05284437059,1.463861383,0.5197773533,0.2657411291,2.033750431,0.7742853866,1.752015539,1.435052706,0.7301550291,0.7232683694,0.4968857593,0.2057978549,0.0986800357,0.3164874417,1.083982868,1.007291053,1.88972852,0.3532864037,0.5685008772,0.6175400077,0.3715785775,-0.03283208872,0.1885165941,0.9279984551,0.8705932547,0.2112323276,0.3167337531,0.6695166849,0.493831328,0.1796462377,1.225532875,0.7270801198
0.3002141407,0.1475842346,0.2722858424,0.08086226501,0.5270109737,0.9254867046,0.1741740372,0.3293211706,0.3761359681,0.8798165286,1.5032308,1.191212377,1.720340958,0.1680657942,1.135037993,1.208192723,-0.1699078479,-0.08388076563,0.1802712561,0.493954996,0.1535866189,0.4628796703,0.02945077554,0.5151078313,0.2557059653,0.07490886403,0.3240349333,0.01448864224,0.4295898521,0.1212413555,1.240945248,0.2154056526,0.5559645297,0.1314071299,0.1547668064,0.2582996923,0.6648588922,0.1241596196,0.3472255976,0.2083411531,0.1083114925,0.09915000847,0.3204335825,0.1138545866,0.05621239569,0.1062916075,0.3173575724,0.08442867231,0.3037645631,0.1642066212,0.1374254095,0.05482024742,1.462882374,0.51557764,0.2672610851,2.041434874,0.7951251402,1.752216365,1.46884286,0.7001344476,0.7258468676,0.5016472773,0.2111143238,0.09689884662,0.3173460381,1.060031341,1.002860673,1.849258086,0.3515406235,0.5670911321,0.612388882,0.3703642746,-0.03306782518,0.1909059118,0.9220003182,0.8822472164,0.2128257646,0.3124146191,0.6490320084,0.4937649154,0.1765296607,1.221650994,0.7193736158
0.3013810877,0.1505589107,0.2740954604,0.0817184916,0.5259065046,0.934263583,0.179964481,0.3281426976,0.3717164646,0.8911571113,1.502358642,1.16210238,1.705488644,0.1653544456,1.137866826,1.215090949,-0.1693360499,-0.08387458439,0.1918435993,0.4952604208,0.153354903,0.4656194646,0.02892262289,0.4918598783,0.2546094779,0.07315650558,0.3254442824,0.0165093979,0.4343931611,0.1240493723,1.206347606,0.2154231805,0.558064281,0.1206241804,0.1555205413,0.2497678679,0.6134281093,0.1245037706,0.3307260708,0.2066403591,0.1021931867,0.09747482479,0.3262292981,0.1159240074,0.05502540424,0.1087162168,0.3074453593,0.08010312149,0.3086315387,0.1753716199,0.137843564,0.05832288422,1.45734328,0.5121684128,0.273816138,2.036440513,0.8132102949,1.751890219,1.496023154,0.6696758519,0.7254586909,0.5086747231,0.2163975947,0.09901631282,0.3185071547,1.041169563,1.002572037,1.804797252,0.3496205837,0.5681309313,0.6096941976,0.3663303905,-0.03108323571,0.1935305735,0.9155305044,0.8895902704,0.2110726019,0.307445007,0.6294388444,0.493493492,0.1778339672,1.222504219,0.7106302051
0.3004074273,0.1546690789,0.2753401608,0.08272088485,0.5234138759,0.9447755854,0.1893525142,0.3308532276,0.3676381633,0.8974145648,1.498849482,1.132095099,1.691148269,0.1610836746,1.141153976,1.229106083,-0.1689587459,-0.08363407829,0.2053218625,0.496024376,0.1519198527,0.4701836789,0.02716007909,0.467960528,0.2506653417,0.07479741327,0.3293794625,0.0178254199,0.4380669211,0.124251738,1.169940137,0.214532566,0.5627034541,0.1125492936,0.1570966458,0.2407689018,0.559064411,0.1232269908,0.3145340978,0.2056786997,0.09743127777,0.1014636378,0.3337173215,0.1164010577,0.05288137542,0.1124221357,0.2998400697,0.07773712576,0.3121262641,0.1870183216,0.1374491148,0.06263925083,1.459992078,0.5029677884,0.2751673937,2.030457217,0.8355762331,1.751176333,1.513926685,0.6415442805,0.7243200472,0.5132888979,0.220636065,0.09765362451,0.3173212614,1.041763922,0.9976007172,1.761668345,0.3495059248,0.5688079059,0.6065206187,0.3649362293,-0.02772398017,0.1954515501,0.9079532719,0.8979424831,0.2073163654,0.3039961697,0.609911667,0.4989034264,0.1762758538,1.233343941,0.7040481497
0.2989299722,0.1556677722,0.2785359302,0.0813146403,0.5221001545,0.9561414873,0.1969552949,0.3321746845,0.3576189773,0.9068805671,1.497327207,1.11027297,1.679020384,0.1575625916,1.142297645,1.234474352,-0.1686287905,-0.08466802978,0.2184178613,0.4937927193,0.1515260349,0.4730396483,0.02588956486,0.4460334714,0.249558803,0.07656345023,0.3330354811,0.02105748872,0.4405973282,0.126749782,1.13662996,0.2147004772,0.5701202149,0.1039820359,0.1565791504,0.2353865519,0.5047141652,0.1227060291,0.2993004041,0.20182571,0.09410584868,0.105358913,0.3365245682,0.1180682944,0.05255472144,0.1143215565,0.2964207515,0.07452874773,0.3177324956,0.1900422577,0.1386413209,0.06463429026,1.469436538,0.4914766092,0.2804131635,2.025893522,0.8632166492,1.751016489,1.529395758,0.622946871,0.7182393497,0.5175746799,0.2260098607,0.09742305689,0.3215058637,1.033915895,0.9947399783,1.713624067,0.3504219426,0.5693389243,0.6047973692,0.3678524278,-0.02748952322,0.1926584183,0.9076837744,0.9063510767,0.2059459606,0.3012481897,0.600147944,0.4998855513,0.1770373094,1.243631498,0.6980572289
0.2988174054,0.1603310294,0.2820914282,0.07989043712,0.5240979514,0.9670021654,0.2053703396,0.3362172714,0.3530683786,0.9137057291,1.489309702,1.082573816,1.668483708,0.1546876559,1.144848885,1.244548366,-0.1691912607,-0.08537240923,0.2293295922,0.4943487281,0.1489628909,0.4752162537,0.0268392885,0.4237079051,0.2447569359,0.07781176051,0.3363395477,0.02270381407,0.441322173,0.1271711689,1.101014194,0.2144967087,0.574107845,0.09790309308,0.1577939018,0.2290160905,0.4503137693,0.1231476707,0.2889818647,0.2023082062,0.08921653483,0.1143120821,0.3408549542,0.1171628923,0.05365251555,0.1144079272,0.2930333858,0.07329207225,0.3197010373,0.1949464506,0.1413208967,0.0653893106,1.48225413,0.4830351198,0.281228897,2.03248727,0.894711147,1.751145229,1.539862385,0.6039559298,0.7115771725,0.5219584402,0.2324951208,0.0972398763,0.3206640959,1.036299897,0.9925424495,1.666487915,0.3519186427,0.5696412501,0.6059176258,0.3690579978,-0.02838393636,0.1937963181,0.8983438376,0.9194580675,0.2077823189,0.3014384782,0.5845791973,0.5012756144,0.1788214881,1.256376536,0.6903872206
0.3001290112,0.1619063871,0.2862320901,0.08042618331,0.5237772517,0.9804081759,0.2145137224,0.3399062744,0.3441537997,0.9242220769,1.482007294,1.058081387,1.652515015,0.1528397237,1.149827073,1.251894488,-0.1684606014,-0.08588971277,0.2435986107,0.490984652,0.1472956098,0.478014375,0.02736727251,0.4000274256,0.2399595746,0.07774055681,0.3402549236,0.02602886471,0.4422444992,0.1276375855,1.065955182,0.2160449044,0.5798363678,0.09292137757,0.1587939784,0.2261207708,0.4008248108,0.1239523361,0.2805067014,0.2086279452,0.08437523037,0.1237571656,0.3439890728,0.1156854379,0.05438447555,0.1152604535,0.2899249891,0.0708904229,0.3231651943,0.1994658963,0.1433783965,0.0658410104,1.48828006,0.4737864235,0.2810670122,2.047430259,0.9280092868,1.74817828,1.545196726,0.5857541933,0.7186642324,0.5309487669,0.2384221053,0.09883816162,0.3231405821,1.031633218,0.9961048263,1.613606788,0.354215814,0.5724834485,0.6098485847,0.3712777049,-0.02661994998,0.1942387292,0.8945855483,0.9295722078,0.2058869417,0.2999718419,0.570919043,0.5045376877,0.1831125961,1.261114442,0.6836512632
0.3016731408,0.1647087463,0.2876103339,0.07947730918,0.5235407846,0.9931334149,0.2222145949,0.3411160807,0.3370944942,0.9303245955,1.47779017,1.034400042,1.636368599,0.1500594235,1.156252546,1.262988169,-0.1706042626,-0.08430174497,0.2611973294,0.48910182,0.145252751,0.4787712916,0.02984853429,0.378810345,0.2406142486,0.07973700306,0.3439993072,0.03085784779,0.44710207,0.1258352701,1.039754369,0.2164965713,0.5817250597,0.08968520521,0.1600714809,0.2258653816,0.3475148108,0.124634113,0.2727670703,0.2142482315,0.07942395325,0.1354865637,0.3447693466,0.1137190468,0.05710820368,0.1124650232,0.2883400674,0.07230865309,0.3300586772,0.202646623,0.1463901289,0.06420758212,1.503127901,0.4714042099,0.2836421549,2.065274948,0.9652061888,1.74630911,1.547892997,0.5707176461,0.7324437767,0.5386699778,0.2453753838,0.1005999252,0.3284474925,1.013086847,0.9946477515,1.567814091,0.3601717567,0.5743952896,0.6114915636,0.3773192088,-0.02671807423,0.1938754864,0.8878833779,0.9407837797,0.2037269886,0.3002347932,0.5647525943,0.506693145,0.188420998,1.267285886,0.6756961592
0.3012171165,0.1645151806,0.2881295101,0.08030483367,0.5302320329,0.9989688937,0.2280268666,0.3421484411,0.340051311,0.9353137757,1.472147605,1.01156006,1.619757636,0.1473251832,1.160579087,1.277580544,-0.1715354192,-0.08368170187,0.2718749183,0.4887662449,0.1421552003,0.4801371007,0.0295914566,0.35782159,0.2414325169,0.08308823947,0.3543691693,0.03156040293,0.448689839,0.1245188226,1.012549603,0.2180640787,0.5852644469,0.08921354453,0.1605966363,0.2275282821,0.2958936373,0.1260458118,0.2685611345,0.2257490892,0.07828094949,0.1495780002,0.3463185331,0.1124605139,0.05925515018,0.1092703176,0.2881116895,0.07784516462,0.3395435585,0.2105200956,0.1493678803,0.06540239981,1.527241652,0.472262972,0.2845700066,2.086456161,1.006254934,1.743463635,1.54589193,0.5607133488,0.7405017726,0.5485095077,0.2448690806,0.101754286,0.3345665369,1.020730187,0.9902309569,1.520615557,0.3637592318,0.5746297601,0.6133453866,0.3776659643,-0.02705189082,0.1906029487,0.8832866434,0.9465018147,0.2016829113,0.3019913883,0.5632962315,0.512146443,0.1908955621,1.277706731,0.6735255012
0.2991929548,0.1628357504,0.2862179791,0.0799860183,0.5311343857,1.007974404,0.2362837706,0.3466825527,0.3354361054,0.9461372913,1.463828894,0.9895544118,1.60596258,0.1439145585,1.163600572,1.299168585,-0.1714776778,-0.08247706409,0.2826368775,0.4868669976,0.1385736241,0.4786808078,0.03002439405,0.3398536227,0.2390936739,0.08298453644,0.3601360474,0.03586778853,0.451017583,0.1216977787,0.9822273648,0.2150792404,0.5960419958,0.08569070566,0.1631933274,0.2286624328,0.2489298435,0.1297862506,0.2682251609,0.2319519783,0.07866308323,0.1612052386,0.3471153634,0.1125316102,0.05990849981,0.1057300838,0.2863930182,0.08125400219,0.3509770704,0.2116712607,0.1542441399,0.06706015656,1.551582338,0.4726026538,0.2837851453,2.098183186,1.045089511,1.741011028,1.539454047,0.5556079504,0.7509443821,0.5581225599,0.2475048762,0.1023183623,0.3458200856,1.01663115,0.9942445309,1.476347954,0.3666191244,0.5764241644,0.6159882698,0.3781848848,-0.02820908636,0.187656398,0.8802936403,0.9556304875,0.1994458878,0.3015929299,0.5550011457,0.5128375245,0.1952485981,1.284910224,0.6694696624
0.303549704,0.1633984557,0.2891527289,0.08414639628,0.5396148781,1.013280678,0.241882842,0.3482738205,0.334363533,0.9561615839,1.451606231,0.9709661177,1.593173961,0.1423505579,1.164818519,1.312327631,-0.1722997745,-0.08392951307,0.2923850732,0.4880483697,0.136786164,0.4805484,0.02967216861,0.3216803105,0.2382808522,0.08505678018,0.3709662604,0.03597305361,0.4523767395,0.1218206733,0.9640342086,0.2154956447,0.6016117412,0.08199343389,0.1632745347,0.2296177594,0.2040893392,0.1296578794,0.2623934507,0.2421407052,0.07833700764,0.1757979685,0.346181993,0.1109074837,0.06163150888,0.1025971436,0.281749267,0.08082184676,0.3567009485,0.2127554642,0.1588252005,0.06770634451,1.58308368,0.4746354319,0.2825495167,2.099390448,1.081477394,1.736248468,1.528873421,0.5587763032,0.7567459159,0.5693570071,0.2485962611,0.1032803603,0.3600393733,1.00382051,0.9955992868,1.434258469,0.3683123527,0.5745739642,0.6168212647,0.3794871416,-0.02847085398,0.1864155981,0.8786861648,0.9609887106,0.1993575397,0.300088503,0.548223795,0.5141629981,0.1986925741,1.284853342,0.6680373143
0.3026779949,0.1648070801,0.2929007365,0.08514026611,0.541187664,1.020460266,0.2499356331,0.3494727932,0.3380118379,0.9675092688,1.432718519,0.9564008847,1.585189404,0.1404137006,1.168929139,1.332955359,-0.1725537527,-0.08133615855,0.3020894754,0.4914604019,0.1342603093,0.4823448709,0.0295102724,0.3023438369,0.2389783558,0.08604485584,0.3842213485,0.03679566006,0.4534590737,0.1200525019,0.9461557111,0.2137817611,0.6046304091,0.08256827894,0.1644024448,0.2352617282,0.1686569918,0.129349956,0.256996464,0.2513191115,0.07783143273,0.1922180071,0.3448298579,0.1091409428,0.06135162098,0.09818019047,0.2829440006,0.08311385336,0.3631130833,0.2127535671,0.1660831439,0.06945855298,1.618062713,0.478691844,0.2776436106,2.093196588,1.118507568,1.732647984,1.518945951,0.5753108109,0.7646737246,0.581894763,0.2502961872,0.1058210337,0.3760604376,1.015592776,1.00011219,1.40014402,0.3710575864,0.5764971257,0.6217637938,0.3825536032,-0.02956442759,0.1873705726,0.8796120713,0.9630514494,0.1999806966,0.3026500032,0.5414211787,0.5180824258,0.2001472873,1.284003285,0.6627918118
0.3026694207,0.1659546701,0.2950878072,0.08330384679,0.544546056,1.026545012,0.2566314436,0.3519438649,0.3407536565,0.9806509402,1.416044882,0.9417901581,1.574767963,0.139826518,1.173330635,1.363580223,-0.1723353747,-0.08378430095,0.3120621226,0.4916018664,0.1313457484,0.4798743043,0.02829716387,0.2892088272,0.2371451497,0.08547244937,0.3929932947,0.03928498668,0.4562045383,0.1193753919,0.9293775245,0.2137487476,0.6070487656,0.0846096295,0.1664426744,0.2390357521,0.1380596366,0.1296452371,0.2557276449,0.2622117221,0.07569831106,0.2106320316,0.3450019358,0.1084836902,0.05963557264,0.09789995555,0.2795068628,0.08519977368,0.3743791449,0.212843755,0.1719962678,0.06934179726,1.655361291,0.4835558548,0.277245714,2.083867507,1.152043342,1.731577322,1.502455697,0.5960295728,0.7724892048,0.5946818214,0.2515591176,0.1043250896,0.3942659673,1.028832826,0.9983605791,1.367328578,0.3760070009,0.5777135503,0.6230635356,0.3860596951,-0.0280431046,0.1863566596,0.8836945215,0.9666977474,0.1965659623,0.3036521713,0.5312271768,0.5219963408,0.2028230475,1.290712821,0.6600386063
0.3038989184,0.1671847736,0.301478937,0.08467972419,0.5456408005,1.028185923,0.2629195628,0.3515113176,0.3402674917,0.9925049617,1.396960487,0.9318860561,1.563592146,0.137055148,1.178201744,1.387082102,-0.1713429264,-0.08316641191,0.3169995188,0.4979973161,0.1294232525,0.4823346765,0.03002753079,0.27550583,0.2395235049,0.08487827383,0.4043122205,0.04241679642,0.4583738495,0.1234297837,0.9071172748,0.2145266458,0.6154559368,0.08585327144,0.1659127453,0.2384356909,0.1152726015,0.1290634202,0.2530402556,0.2757416124,0.07357910282,0.2235319133,0.3457232916,0.1092979046,0.06192106677,0.09698103613,0.2772030117,0.08692976262,0.3866150769,0.2143594659,0.1782577416,0.07113973069,1.699641976,0.4922660503,0.2744578402,2.071690185,1.184594796,1.730226481,1.485162205,0.6229964153,0.7772987444,0.6042758087,0.2485852509,0.1070207051,0.4116542604,1.044096186,1.002071854,1.340637718,0.3825159272,0.5818164137,0.6266466552,0.3887538952,-0.02855997762,0.1883177979,0.8836534866,0.9739033234,0.197230627,0.3015019901,0.5249956374,0.5242914382,0.2062138872,1.301841888,0.6589611012
0.3074563899,0.1685831614,0.3074629607,0.08464214188,0.5476965249,1.026490434,0.2698679529,0.3541121114,0.3446629155,0.999179975,1.380613811,0.9224952832,1.550537814,0.1361546019,1.182101007,1.415352119,-0.1688488791,-0.08145603699,0.3200566855,0.501055775,0.1283271893,0.4819454081,0.03001306131,0.259448617,0.2400858848,0.08607944637,0.4152448648,0.04684956381,0.4595666142,0.1292519899,0.8902925126,0.2134486274,0.6250941241,0.0882474053,0.1666706987,0.2431299886,0.1016998009,0.1302539244,0.2506413046,0.2851441902,0.07184162385,0.2415550475,0.3480795265,0.110130525,0.06234371208,0.09463450402,0.2772624104,0.09009402062,0.4005374168,0.2171682123,0.1837219191,0.07088251905,1.740153968,0.5002759381,0.2711529337,2.059695311,1.214929125,1.728523756,1.465041089,0.6543723592,0.7868231791,0.613260562,0.2478336437,0.1099586081,0.4331773573,1.068603919,1.001722044,1.318774932,0.3874097874,0.5834012391,0.6303465417,0.3883071953,-0.03059561465,0.1884869014,0.8855101669,0.9731205989,0.1967120682,0.3045041416,0.5253047393,0.5272049105,0.2079273461,1.312518774,0.6641667209
0.3141471555,0.167940269,0.3105930151,0.0876156244,0.5467546444,1.028501581,0.2720567091,0.3586864285,0.3477671136,1.010812363,1.366211464,0.9197256537,1.540897513,0.1356313146,1.189089934,1.430124179,-0.1666095847,-0.08100260618,0.324788063,0.4952617106,0.1229979797,0.4798085881,0.03093097909,0.2490883715,0.2400399853,0.08730238797,0.425390978,0.04958770721,0.457442155,0.1300505669,0.8808758142,0.2132694704,0.6325478516,0.09078653337,0.1668752434,0.249687054,0.09905902124,0.13160359,0.2481143572,0.2948941024,0.07134191361,0.2706507969,0.3519862294,0.1100697628,0.06449541021,0.09488779679,0.2822201555,0.0933437316,0.4187750458,0.2165492021,0.1872127521,0.07104266113,1.783332628,0.5107320045,0.2715693536,2.050391795,1.245565954,1.729804789,1.443970477,0.6965116306,0.8027348737,0.6225806086,0.2478505774,0.110273891,0.4547235627,1.080030099,1.00345906,1.301373293,0.3905984627,0.5840370302,0.6318649406,0.3935660559,-0.03429124576,0.1881421747,0.8843415703,0.9792900217,0.193558559,0.3087677769,0.5212354798,0.5305658213,0.2105420189,1.321876256,0.6656717264
0.3170624612,0.167539644,0.3105352758,0.0886007726,0.5426564183,1.024535716,0.2761400354,0.3641640843,0.3540220032,1.020601436,1.350549376,0.9149166104,1.53855758,0.1368744804,1.198487599,1.451868405,-0.1654469784,-0.07830824472,0.3335325157,0.4939341838,0.1221239241,0.4772767868,0.03178929883,0.2417892223,0.2408771679,0.08885776208,0.4360040653,0.05553469714,0.4577849287,0.1304038443,0.8720091697,0.2135627915,0.6381457541,0.09189292452,0.1674962046,0.2597619504,0.1011370408,0.1330514031,0.2473851435,0.3114898138,0.07360688921,0.296221132,0.3524383496,0.1091605464,0.06749719228,0.09308936312,0.2845059822,0.09512299405,0.4346865663,0.2142906073,0.1909302552,0.0699227137,1.826257466,0.5208817435,0.2680535717,2.046468719,1.274367468,1.726325209,1.42124493,0.7481326969,0.8221114217,0.6331769812,0.2457478576,0.1125741225,0.4826596384,1.099519406,1.008904944,1.28567877,0.3953355285,0.5860750084,0.6346619969,0.3970324335,-0.03542346903,0.1879959089,0.8873220682,0.9813339669,0.1914273226,0.3132855341,0.5169493114,0.5349423238,0.2155365074,1.337101395,0.666708967
0.3180575978,0.1664919388,0.3140103342,0.09181338647,0.5437501834,1.022535669,0.2849335486,0.3677175748,0.3542170603,1.026994062,1.33722641,0.9101620204,1.538287417,0.1389772138,1.204093081,1.476048813,-0.1645419652,-0.07530140326,0.3436190174,0.4939797948,0.1206691259,0.4772496245,0.03213508215,0.2316684729,0.2415031734,0.09198040615,0.4508424456,0.05833870653,0.459695574,0.1281770488,0.8715034579,0.2151748425,0.6398662491,0.0939345958,0.1692367497,0.270174313,0.1033244467,0.1348935059,0.2473282504,0.3233190669,0.07440379661,0.3276022895,0.3517725867,0.1076195799,0.06625755774,0.08910178891,0.2895290659,0.09587345524,0.4694257687,0.2083025699,0.1968513517,0.06895578783,1.867993593,0.5296032603,0.2625419977,2.049259674,1.305357602,1.722082783,1.396566505,0.8096561004,0.8455786291,0.6415416189,0.2433155002,0.1129906854,0.5204603482,1.106401062,1.010433751,1.273559685,0.4004673477,0.5884144054,0.6366338712,0.4025767801,-0.03879282819,0.1885733718,0.8884294119,0.9816000386,0.193047891,0.3161447342,0.5146299719,0.5416627999,0.2193614038,1.344137927,0.6650783496
0.3195094528,0.1635741847,0.3155170086,0.09499194632,0.5398207024,1.016585199,0.2881392163,0.3725735169,0.3541113887,1.042098087,1.325178955,0.9119097031,1.539881694,0.1403468621,1.21307106,1.494797748,-0.164414153,-0.07152663741,0.3548407248,0.4905891025,0.1170759656,0.4733403144,0.0358103622,0.2211886476,0.2421602736,0.09293731947,0.4647212369,0.0633592155,0.4599735984,0.1293578125,0.8693316668,0.2152299598,0.6389312041,0.09216985449,0.1724359458,0.2842565457,0.1070323774,0.1378445271,0.2459644938,0.3356930446,0.07303348637,0.3534997124,0.353397802,0.1087941544,0.06728862057,0.08844225632,0.2933416446,0.09723202611,0.5271273392,0.1986225699,0.2047130873,0.06802404574,1.904022318,0.5445174264,0.2607547867,2.053714955,1.331031322,1.719833899,1.370581992,0.8811767929,0.8757327947,0.6509256277,0.244682074,0.1173650104,0.5624918283,1.10007165,1.016901428,1.264068138,0.4053312118,0.590417213,0.6384597066,0.4055329703,-0.04283908584,0.1894481721,0.8921439706,0.9845538213,0.1932941992,0.3187721207,0.5124985574,0.5456196009,0.2264413046,1.348436916,0.6646132086
0.3251201157,0.1645226254,0.3183551627,0.09928754927,0.5438693264,1.012534156,0.2929937346,0.3741122981,0.3579058924,1.051262402,1.31427713,0.9138874803,1.543659893,0.1425968818,1.220898683,1.521391548,-0.1638523929,-0.06804533959,0.3708740151,0.4901026241,0.1148211388,0.473668656,0.03678376316,0.209296037,0.24167875,0.09257735853,0.4795538792,0.06713494528,0.4608375589,0.1273856694,0.8662555313,0.2140108649,0.6396033821,0.09095084026,0.1789209016,0.2998872763,0.1097490565,0.141461783,0.2461639665,0.3514241448,0.07397405794,0.3786941722,0.3563631332,0.1086454864,0.0664875118,0.08883850738,0.2953622253,0.09650428226,0.5942699659,0.1930766021,0.2110906776,0.06835270699,1.936384028,0.5617490135,0.2552973317,2.060862036,1.35134171,1.717068537,1.340988554,0.9549805625,0.9185183208,0.6574089076,0.2457763369,0.1202132149,0.6114458027,1.096131901,1.020177498,1.258406361,0.4100153602,0.5902590294,0.6410554976,0.4051408169,-0.04289242767,0.1926276824,0.8921429223,0.9921712617,0.1925657956,0.3210039177,0.5102275543,0.54993312,0.2315371617,1.35518145,0.6652661711
0.326977734,0.1626756865,0.3220829923,0.1043578712,0.5404367061,1.008493575,0.2958667277,0.3744635005,0.3594017963,1.071663779,1.313327154,0.917397444,1.547940708,0.1456450642,1.231330725,1.54007424,-0.1632950868,-0.06521367987,0.3892596129,0.4864693962,0.1132425578,0.4727563605,0.03651757881,0.1972400723,0.2426192683,0.09179449489,0.4932159385,0.07020339203,0.4622542934,0.1275157616,0.8625376932,0.212870594,0.6394647653,0.09097173372,0.1811660644,0.317499828,0.1089545848,0.1446150127,0.2429451032,0.3593538251,0.07086161744,0.4038356805,0.3628151559,0.1116440376,0.06648384387,0.08790639181,0.2953073327,0.09520605434,0.6724544341,0.1852360462,0.2155584917,0.06818338501,1.963210645,0.5751212657,0.2524919468,2.06614726,1.369299201,1.715038383,1.314028826,1.033744796,0.9620291839,0.6604242025,0.2472336029,0.121837247,0.6749300729,1.084465487,1.026611793,1.250894195,0.4146067007,0.589672383,0.6409164154,0.4065906337,-0.04542746596,0.1971970154,0.8978136784,0.9919461942,0.187729024,0.3215778995,0.5056584905,0.5544550357,0.2323002985,1.362873374,0.6653317679
0.3283368653,0.1643569779,0.3224768736,0.1101019393,0.5439311716,1.000183708,0.2998902723,0.3778643877,0.3638594082,1.084770326,1.314043202,0.9212511976,1.552566686,0.1473074737,1.24193721,1.558783571,-0.1637805147,-0.06233893883,0.4042249959,0.4848935298,0.1111911673,0.471313204,0.03649143932,0.1868364227,0.2423951184,0.0931769849,0.5082675425,0.07127365647,0.4640746545,0.1281470092,0.8618643178,0.2113016388,0.6396117174,0.08974458662,0.1840341311,0.3384005728,0.1041587624,0.1464482115,0.2431091443,0.3633636603,0.06833163969,0.4236500374,0.3690505916,0.1120391698,0.06570399241,0.08670238056,0.2964322216,0.09302889654,0.7627696125,0.1789875456,0.2189737444,0.06859840013,1.988826411,0.591659599,0.2478043389,2.066487534,1.386637459,1.713487476,1.285927424,1.111410539,1.002125105,0.661425128,0.249148881,0.1216973007,0.7467122597,1.078842966,1.032031903,1.251937653,0.4189130126,0.5897453443,0.6377536463,0.4073222651,-0.04843313886,0.2037441026,0.9020288931,0.9902849549,0.1857766097,0.3224013537,0.5044225756,0.5591764495,0.2333153858,1.376422492,0.6651025369
0.331548552,0.1638035786,0.3232592508,0.1134614731,0.5464811681,0.9915066649,0.3037495288,0.381833288,0.367672563,1.10708519,1.320341193,0.9293832094,1.556786396,0.1504386445,1.253217934,1.573295929,-0.1626681618,-0.06166808787,0.4194893452,0.4810239804,0.1097493138,0.4702674235,0.03772883228,0.1784752537,0.2393613961,0.09452056484,0.5230918565,0.07339828665,0.4640132628,0.1325337993,0.8700608354,0.2089300966,0.6431960339,0.08964861875,0.189959739,0.3627328801,0.1067696511,0.1503106551,0.242469536,0.3707723388,0.07191256612,0.4458512051,0.376516932,0.1129625344,0.06368609028,0.08941084458,0.3005022631,0.09087474531,0.8588182347,0.1767551509,0.219631396,0.06968731741,2.008466125,0.6070809581,0.243587641,2.063057456,1.402225328,1.712909406,1.251607636,1.189269932,1.040741964,0.6644996521,0.2496571588,0.1207711544,0.8191147456,1.089402287,1.039181809,1.250430941,0.4205026772,0.5910038258,0.6362738308,0.4064511136,-0.04871171644,0.2073497433,0.9141973937,0.9902508986,0.1852646446,0.3230747337,0.5031873327,0.564523878,0.2322131509,1.388707613,0.6648599003
0.3352658708,0.1648709816,0.3289889355,0.1170727449,0.5419013328,0.9862679908,0.3099744808,0.3846952539,0.3692941334,1.129386391,1.324427485,0.9373166402,1.569736199,0.1553668074,1.266949053,1.58356634,-0.1619515101,-0.0600289376,0.4401571892,0.4797597698,0.1100247546,0.4683604905,0.04057463036,0.1719574111,0.2408518663,0.09252381005,0.5367882126,0.07679059385,0.4672409899,0.136307425,0.8897940288,0.2058381001,0.6412814212,0.08773798977,0.1965824641,0.3896672229,0.1096164251,0.1545614071,0.2409189171,0.3760740325,0.07463446011,0.4627920521,0.3836022625,0.1122385764,0.06408443557,0.091230722,0.3025320608,0.08868007623,0.9567785767,0.1703427329,0.2217701101,0.06847961994,2.01920471,0.6241947169,0.2383017542,2.05002945,1.413487016,1.711017726,1.214347429,1.265742085,1.090315433,0.6632119137,0.2522064455,0.1213340771,0.8917678926,1.074054132,1.049159927,1.258786418,0.4235887026,0.5923029869,0.6363234915,0.4070140456,-0.05019461037,0.2132573743,0.9228420582,0.9977912283,0.1855968508,0.3234921368,0.5033323418,0.5689485188,0.2335281057,1.395920611,0.6602230407
0.3391139665,0.166932735,0.3327363296,0.1207924028,0.5458126939,0.9809887564,0.3166364358,0.3890678432,0.3732057573,1.147860616,1.335991869,0.9444828578,1.57561478,0.1606843794,1.281796461,1.595490178,-0.1621373864,-0.05843722359,0.4578915768,0.481219674,0.1104064368,0.4680350225,0.04306705623,0.1636763882,0.2423286707,0.09303708008,0.5568935116,0.07748865285,0.4676250507,0.1418336373,0.9202438118,0.2047098247,0.6356853484,0.08917384237,0.2039937827,0.4194068562,0.1143019943,0.156412867,0.2391790898,0.3924269861,0.07750632784,0.4754076615,0.3916490543,0.1116705601,0.06533378179,0.08981877974,0.3091642354,0.08909222251,1.053990253,0.1663386248,0.2245592827,0.06763712879,2.027011122,0.6458703391,0.2361316947,2.032311587,1.428208644,1.711650122,1.176800134,1.339709039,1.138806045,0.6620376796,0.254005062,0.1209449222,0.9659270175,1.072119013,1.054385026,1.270436869,0.4272862679,0.5951558338,0.6347618535,0.4063204651,-0.0503183687,0.2169804448,0.9291500537,0.996207783,0.185863985,0.3263247994,0.5067977774,0.5756175142,0.2345423523,1.403276844,0.6551996609
0.3386071911,0.1668536336,0.3343828189,0.1215624835,0.547932852,0.97728639,0.3233322462,0.3914005072,0.3719755375,1.164747511,1.34999134,0.9554408834,1.580206898,0.1660687898,1.299523531,1.607625709,-0.1625471921,-0.05381300665,0.4710609769,0.4798689313,0.1124286651,0.4671163641,0.04768106447,0.1562982032,0.2445975009,0.09451202863,0.5728678174,0.07713572979,0.4707394043,0.1466571018,0.9466509058,0.2046100862,0.6315362642,0.09041679702,0.2132964601,0.4513269149,0.123093324,0.1588778174,0.239494455,0.4040636329,0.08321657401,0.4895017477,0.4019662151,0.1143646791,0.06579081393,0.09068748048,0.3198949219,0.09239662339,1.15217809,0.1647147807,0.2255306652,0.0672260928,2.025661144,0.6706697617,0.2341840159,2.013598856,1.444053615,1.713533824,1.138493028,1.401517152,1.189918958,0.6632081538,0.2560312457,0.1196202542,1.042190439,1.090182652,1.058697405,1.285824478,0.4317679097,0.5987770586,0.6334970027,0.4064333704,-0.05141931046,0.2224075522,0.9360686308,1.004573208,0.1860034252,0.3329813858,0.5146811753,0.5761426077,0.2371753444,1.410345722,0.6511229743
0.3394692237,0.1674915628,0.3385512256,0.1239477711,0.5547961336,0.9726594638,0.328777097,0.3973422303,0.3649149958,1.183002959,1.367611625,0.9671189294,1.576977927,0.1714936757,1.319448797,1.622971971,-0.1606537328,-0.05479202947,0.4921384253,0.4760118694,0.1131884993,0.4650615782,0.05254537099,0.1532032584,0.2455880283,0.09531337026,0.5895269771,0.07916042537,0.4706086619,0.1500085674,0.9772108133,0.2057209371,0.6276525543,0.09022577766,0.222329538,0.4802712992,0.1328590815,0.1627396946,0.2427377391,0.4156898102,0.08768820209,0.4958007412,0.4099592152,0.1174380966,0.06920369567,0.091046205,0.330439629,0.09200887722,1.251987144,0.1662304916,0.2279670234,0.06588645612,2.022443729,0.6950044461,0.2354782847,1.999363199,1.458296259,1.716612321,1.091545806,1.448374228,1.240390766,0.6623018004,0.2564845392,0.1183323608,1.112614033,1.092915118,1.060809927,1.304643674,0.4350583473,0.5995997207,0.6334079023,0.4066228626,-0.05219164186,0.2256984197,0.9440820464,1.004409305,0.1854558253,0.3361207013,0.5194210068,0.5786029552,0.2394162423,1.41665679,0.6540096155
0.3389013266,0.1704595695,0.33788719,0.1288393391,0.5572518931,0.9695010314,0.3355662772,0.3989380743,0.3587561566,1.200637123,1.383144862,0.9846376203,1.577499309,0.1770496223,1.3381783,1.625474395,-0.1606367557,-0.05067678078,0.5141724007,0.4663472003,0.1117108642,0.4635031361,0.05802906543,0.1483169038,0.2491941819,0.09802874422,0.6086304556,0.07877871781,0.4704229117,0.153957077,1.010509296,0.2056078847,0.621793174,0.08629991495,0.22810189,0.5090114525,0.1396295089,0.1669181953,0.2435596242,0.426931559,0.09015961404,0.5029236575,0.4202933482,0.1217067566,0.06967206504,0.09025691026,0.3372788799,0.09056703572,1.343011998,0.1713423884,0.2321064369,0.06525325266,2.018217005,0.7211562384,0.235626606,1.977162052,1.47131543,1.717314714,1.051047368,1.492852691,1.296076578,0.6616167494,0.2582604325,0.1197133672,1.181232316,1.08214228,1.062280587,1.330011766,0.4387336962,0.6028634619,0.6352630097,0.4102059575,-0.05490422151,0.2320719328,0.9516149492,1.002364563,0.1854788131,0.3364473872,0.5208191778,0.580756329,0.2398029072,1.422432051,0.6512262117
0.3390985738,0.1707990849,0.3394329935,0.1308654143,0.561553145,0.9655999199,0.345479872,0.4049710418,0.3568102614,1.216754362,1.40445094,0.995599199,1.578960369,0.1836541812,1.359769437,1.632675776,-0.1600414288,-0.04985434916,0.5379993074,0.4555764349,0.1066565806,0.454879672,0.05963905577,0.1449377802,0.2453048083,0.1019825553,0.6266063368,0.0813658005,0.4684793942,0.1526186798,1.050389218,0.2039731094,0.6116463298,0.08175700791,0.2360692539,0.5415304814,0.1514737034,0.1725977064,0.2474204418,0.4376183098,0.09848202422,0.5235235801,0.4267701712,0.1222626648,0.06794743041,0.08949112116,0.3398303622,0.08841109655,1.432719811,0.172185202,0.2347386377,0.06582977113,2.010334415,0.7430841944,0.2349260948,1.959770211,1.482148896,1.721250321,1.01302637,1.52942407,1.365101985,0.6633839837,0.2599477754,0.119629344,1.244717519,1.06965667,1.063860399,1.361919851,0.4415104924,0.6042509358,0.6347718606,0.4141805125,-0.05547148028,0.2352233896,0.9586155212,1.006336502,0.1814046386,0.3385584175,0.5239071059,0.5827765738,0.2402653708,1.426007346,0.6469363712
0.3360746618,0.1700217202,0.3419155092,0.133715684,0.5692044636,0.9652496076,0.3519008295,0.4088167574,0.3560934036,1.230030048,1.417488469,1.008950778,1.581982747,0.1896225543,1.381992251,1.638529216,-0.1600030206,-0.04796139377,0.5641637588,0.4435310234,0.1035203431,0.4511741814,0.06335136958,0.1461202884,0.2434634324,0.1017015457,0.6428764935,0.08506416902,0.4667517218,0.1514309564,1.090479927,0.2061284224,0.6030666924,0.07705652936,0.2415341227,0.5696917603,0.1536005246,0.1733990866,0.2500694402,0.4505828896,0.1008847589,0.5444254395,0.4357180861,0.1206785881,0.06653248559,0.09199252476,0.3403385286,0.08246175512,1.518055826,0.1723539903,0.2386743777,0.06496755891,2.003177972,0.7672165763,0.2388130174,1.954544435,1.493560588,1.722493031,0.9783277893,1.556382006,1.426382648,0.6622185964,0.2594041913,0.119005884,1.311885216,1.053524074,1.06592541,1.398653384,0.4434217344,0.6082038791,0.6349178996,0.421188122,-0.05666776669,0.2377560298,0.9673438281,1.012641353,0.1799314012,0.3389822015,0.5217278478,0.5849767403,0.2413630521,1.429206132,0.642138883
0.3338975529,0.1704969487,0.3458087853,0.136360678,0.5751779855,0.96240662,0.3592191351,0.4104395452,0.353013339,1.241319294,1.436366672,1.022307842,1.587178281,0.1957324278,1.404141646,1.65771845,-0.1608102704,-0.04702802777,0.5882641475,0.4359599468,0.1000975958,0.4503862711,0.06832283116,0.1450759666,0.2391911174,0.1016736745,0.6594189589,0.0865742199,0.4666130205,0.1528421624,1.129679287,0.2072784397,0.601040434,0.07271256837,0.2487256043,0.5980424566,0.1549224395,0.1768244426,0.2537173484,0.4654011877,0.1008725442,0.5610794066,0.4420880877,0.1213685724,0.06570782706,0.09162724799,0.3398997973,0.07723986831,1.601133575,0.1742405536,0.2451750651,0.06484616088,1.99666019,0.7900343843,0.238272974,1.947238364,1.504818559,1.723833377,0.9431912801,1.569679003,1.484222309,0.6589145424,0.259112872,0.1206418206,1.380484611,1.049956337,1.063882757,1.432941401,0.4471821115,0.613933188,0.639181821,0.4215198374,-0.05732181071,0.2415574118,0.9717672874,1.014531077,0.1772964148,0.3392920201,0.522280961,0.5868513548,0.2413713536,1.424414143,0.6384822067
0.3327697614,0.1712116527,0.3486930217,0.1403434122,0.583167424,0.964657784,0.3687848204,0.4109712753,0.3475997375,1.254286963,1.44837926,1.035956945,1.586148449,0.2010739479,1.425239451,1.668285838,-0.1597329045,-0.04695596023,0.6148876873,0.4256587169,0.09386531549,0.4463695436,0.07176123682,0.1441096375,0.234865674,0.1011100099,0.6752237809,0.08682498346,0.4643536322,0.1546347819,1.173489824,0.2112766137,0.5936597928,0.0692859952,0.2558256375,0.6239112903,0.1522168691,0.1796703607,0.2557346299,0.4724705309,0.1023315525,0.5824859661,0.4512478095,0.1238840415,0.06388607571,0.08967036887,0.3413626445,0.07201719271,1.679604648,0.1770496588,0.2515630021,0.06642220608,1.985677973,0.8206343048,0.2405572436,1.935874183,1.511663902,1.72727962,0.9081059857,1.571562903,1.543197239,0.6550959592,0.2593992384,0.1216787519,1.441072762,1.041533424,1.064512041,1.475299628,0.4493450443,0.6185283385,0.6428151365,0.4246627474,-0.05913684465,0.245669953,0.9733391944,1.010587612,0.1728514448,0.3361298027,0.5183861873,0.5877532204,0.2393220192,1.419709024,0.6364639718
0.3302678949,0.1711953671,0.3504171557,0.1406257553,0.5913088171,0.9630975671,0.3761127481,0.4100876423,0.3435546534,1.268846902,1.463438935,1.052799719,1.589150619,0.2056131294,1.447849783,1.673012144,-0.1585423473,-0.04745912186,0.637579677,0.4125436743,0.08714956116,0.4430681683,0.07484141339,0.1474916883,0.228798873,0.09971579547,0.6869183648,0.08807703989,0.4615170957,0.1567829391,1.214322169,0.2131039117,0.589376395,0.06637607696,0.2626634538,0.6484308619,0.1499034137,0.1810959478,0.2574811224,0.4816731306,0.1065046487,0.6030239368,0.4624338116,0.1268886246,0.06499941683,0.0908277354,0.3409153106,0.06716519897,1.738556507,0.1760070372,0.2555674836,0.06663285504,1.970274852,0.8567672796,0.2402252077,1.920559144,1.518907018,1.730369942,0.8740162861,1.564315371,1.60060364,0.6535527256,0.2585606202,0.1230053578,1.491362909,1.034619503,1.063078334,1.519422101,0.4520978488,0.6211186995,0.6458269433,0.4277235256,-0.05911076937,0.2471974353,0.9768783063,1.014408748,0.1680020623,0.3355341061,0.5144355513,0.5871444817,0.2390301378,1.421062101,0.6354360817
0.3314369651,0.1739825264,0.3487750974,0.140894897,0.6014298174,0.9608264076,0.3866446507,0.4101612823,0.3477929671,1.280160234,1.475806219,1.062988987,1.585182909,0.2122304924,1.467040269,1.681445695,-0.1597120543,-0.04834846999,0.6565474136,0.4050398418,0.08751557749,0.4440062234,0.07636927514,0.1537445306,0.2265542056,0.1018958561,0.6955536157,0.08935811259,0.460622087,0.1575865128,1.258024815,0.2173024676,0.5819704091,0.0639638675,0.2664682909,0.6698634857,0.1482725394,0.1843811739,0.2587443961,0.4852516405,0.1132846105,0.6233722664,0.4733651258,0.1253010441,0.06400328267,0.0863206086,0.3417448445,0.06028833779,1.773738899,0.1779000095,0.2551699517,0.06706842894,1.952901284,0.8982832586,0.2415250098,1.908758197,1.524672051,1.733825873,0.8412578135,1.544636066,1.654420875,0.6502678691,0.2536097981,0.1210291299,1.532889338,1.033460786,1.060920164,1.562797334,0.452911556,0.6218708525,0.6491635786,0.4314634679,-0.05854033391,0.2482149621,0.9791367993,1.013081579,0.1661100361,0.3348270411,0.512824772,0.5857735176,0.2369633599,1.418702027,0.6378941254
0.3241587451,0.1737714344,0.3480520954,0.1421544198,0.6073289011,0.956256408,0.4008569995,0.4111530171,0.3435817969,1.290300323,1.484905482,1.076381503,1.573612191,0.2169377386,1.486173781,1.692428972,-0.1603122227,-0.04746947074,0.6704957754,0.3956023484,0.08384633086,0.4416226171,0.08116582135,0.1643091789,0.2237113597,0.1058733903,0.7039793151,0.09042109978,0.4628995902,0.1599286484,1.302357266,0.2204057357,0.5768090936,0.06294379932,0.2711924136,0.6871760068,0.147921039,0.1851523757,0.255655502,0.4860033621,0.1250832729,0.6416972954,0.4827696639,0.1263997766,0.06406180279,0.08414947531,0.3369337528,0.05506992168,1.793923339,0.1775302338,0.2557697753,0.06595654446,1.93625573,0.9421901162,0.2455421015,1.896678976,1.529274254,1.735425978,0.8145399205,1.514203946,1.698049942,0.6492154994,0.2485563365,0.1235179405,1.564375881,1.032234935,1.063978865,1.608555637,0.454768288,0.6262894111,0.6512957801,0.4396313189,-0.05747032071,0.2518086809,0.9836334926,1.002904793,0.1655461862,0.3299190118,0.5042272142,0.585823696,0.2343686526,1.41399514,0.6350917343
0.3250413148,0.1764759251,0.3510550143,0.142297415,0.615568379,0.9561216342,0.41307437,0.4120525267,0.3373057837,1.289907235,1.491593512,1.093132208,1.562844024,0.2203569666,1.505431586,1.714358961,-0.1592576112,-0.04895802373,0.6848474323,0.3894135552,0.08455218011,0.442746087,0.08524901239,0.1741768389,0.2244645665,0.1087840345,0.7153104383,0.08911847347,0.4663252547,0.1623063556,1.348886928,0.2232367782,0.5717521049,0.0601738581,0.2772935914,0.7030638778,0.1484433773,0.1846173217,0.2528411029,0.4941356477,0.1466186205,0.6489812531,0.4899864428,0.1252851661,0.06364115817,0.08156532086,0.3332227664,0.04723493543,1.797898009,0.180556067,0.2573546943,0.06595818498,1.916932732,0.9932760978,0.2469575646,1.882850915,1.532823344,1.737469097,0.7862706348,1.475109312,1.739925903,0.6495542872,0.2443890144,0.1254797724,1.574361062,1.037914854,1.064230703,1.656550471,0.4564048917,0.6292118938,0.6554847288,0.4464102069,-0.05618746965,0.254242072,0.9848190123,0.9947886961,0.1652052244,0.3250487731,0.5035759947,0.5891830008,0.2379087782,1.407092781,0.636139041
0.3232773593,0.17546684,0.3550100517,0.1389180593,0.6188335834,0.9553919769,0.4219126972,0.4117973785,0.3359577986,1.295808577,1.494616747,1.110575823,1.55825323,0.2233600198,1.523087586,1.732412553,-0.1575526424,-0.0489528727,0.6973683438,0.3780450393,0.08271636162,0.442220289,0.08684068823,0.1848093187,0.2253594329,0.1128387031,0.7203524277,0.08999832447,0.4715202104,0.1623905854,1.3943257,0.2262224179,0.5647113137,0.05814826928,0.2814328605,0.7145281705,0.155404099,0.1854770649,0.2512014917,0.5079947568,0.1682789057,0.6560992487,0.4944646953,0.1262349645,0.06264389862,0.08053308866,0.3244770214,0.04052798105,1.791449171,0.1823596204,0.2597829735,0.06527475386,1.896516885,1.04483914,0.2521955067,1.876271198,1.53525627,1.738497067,0.7584912486,1.432364218,1.776099512,0.6494210988,0.2412676642,0.1284309641,1.572237827,1.044286947,1.065608671,1.702834218,0.4587856816,0.6330028577,0.6560001732,0.4501868832,-0.05360853135,0.2551906385,0.9853852642,0.9961548192,0.1632969121,0.3221365969,0.501437995,0.5874229371,0.2355997174,1.401610328,0.6394122025
0.3229876334,0.1762691759,0.3575733478,0.1383308159,0.6261253742,0.956815143,0.4339241731,0.4125864049,0.33638543,1.29546312,1.496331982,1.122104644,1.553935306,0.2273015288,1.53896291,1.752928358,-0.1578682029,-0.0489528727,0.7086586691,0.3688259278,0.07706515475,0.4405413273,0.08754598232,0.1959922898,0.2256600819,0.1135001057,0.7224404992,0.09060817589,0.4737971332,0.1627686083,1.424371165,0.2307030233,0.5556066876,0.05589933579,0.2849236646,0.7208488516,0.1605843307,0.1857328558,0.250864425,0.5142726573,0.1840511847,0.6574199647,0.4965334408,0.1263349783,0.05966024779,0.0763643423,0.3165774009,0.03617834565,1.778237287,0.1834430548,0.2629294253,0.06546896279,1.87602886,1.0942494,0.2546978383,1.877847404,1.537777838,1.739450434,0.7385735683,1.380999342,1.8159229,0.6509016972,0.239309985,0.1327863712,1.568600617,1.035161332,1.064914874,1.752768402,0.4603421651,0.6343496519,0.656437541,0.4551391185,-0.05370811158,0.2558456676,0.9813487911,0.9966707887,0.158275013,0.3214415269,0.4979105598,0.5877709738,0.2353379243,1.391365948,0.6450989927
0.3228360745,0.1776128131,0.3575385815,0.1364522155,0.6323758703,0.9579156773,0.44817011,0.4118837665,0.330580478,1.296409944,1.491977369,1.129995902,1.546325922,0.2288870375,1.555351942,1.770381109,-0.1572843983,-0.04714462828,0.7156200459,0.3562812574,0.07429754466,0.439294943,0.08653760503,0.2071097511,0.2288514568,0.1187225219,0.7221783878,0.09180664957,0.4734206583,0.1615742226,1.449094476,0.2338577376,0.5550286376,0.05538437616,0.287353556,0.7225908435,0.1649835755,0.1851207021,0.2507907358,0.5234538476,0.2002917069,0.662305125,0.498194956,0.1263591502,0.05711295532,0.07474895939,0.3094143246,0.02921382285,1.764189346,0.1871530139,0.2646708201,0.06527608024,1.853673452,1.142764451,0.2582022835,1.886595092,1.538238704,1.740660283,0.721233266,1.326619564,1.844563974,0.64913203,0.239529286,0.1334977764,1.561504539,1.038615858,1.065108954,1.794526699,0.4622010117,0.6364494725,0.6541824719,0.4641570509,-0.05276728355,0.2560028493,0.9770483616,0.9906118494,0.1546356252,0.3195715847,0.4963386198,0.5874914332,0.2357052893,1.382918132,0.6483281685
0.3213634781,0.1786930894,0.357456165,0.1351009966,0.633153833,0.9586339492,0.4589380209,0.4109770656,0.3272613354,1.295225893,1.485640708,1.138544772,1.545194027,0.23067603,1.56959311,1.788238303,-0.1557012385,-0.04479988103,0.7252503458,0.3480535698,0.07481665313,0.4402205118,0.08745535417,0.2209395621,0.2321951863,0.1231519614,0.722160059,0.09156650058,0.4802486081,0.1616945594,1.462023991,0.2363952005,0.557769733,0.05273452651,0.2879857296,0.7195410443,0.1665837561,0.1855963509,0.2506264281,0.5185141926,0.2154058891,0.6678256606,0.498516182,0.1277494086,0.05673086561,0.0776210007,0.3014733298,0.0208643308,1.747328854,0.1947121363,0.2670639135,0.06520899369,1.825502992,1.186663471,0.2603563165,1.904263322,1.534780707,1.738490324,0.7037303759,1.26870462,1.875361688,0.6507889006,0.2379431435,0.1363021929,1.548253895,1.023187663,1.061683442,1.83245894,0.4653413642,0.6410788865,0.6539331514,0.4754255331,-0.05454852109,0.2582622192,0.9788783093,0.9930051276,0.1538022271,0.3166404638,0.4927680447,0.5881370243,0.2365439096,1.380374812,0.6532013674
0.3225920367,0.1810051753,0.3614115432,0.1336111829,0.6305095995,0.9596966272,0.4699757064,0.4117761784,0.3274932647,1.292648586,1.475565238,1.146690223,1.547577924,0.2311463899,1.581433808,1.799228467,-0.1540821556,-0.04329938703,0.7300559495,0.3424577784,0.07475998366,0.442405738,0.08697792899,0.2344235202,0.2348665158,0.1261394315,0.7235355375,0.09277303949,0.4859284379,0.1597424625,1.47115149,0.2368830866,0.5573010924,0.05201287741,0.2879895596,0.7157723027,0.1674715931,0.1859681201,0.2531178106,0.5224340377,0.2314460823,0.6675924471,0.497224385,0.1267615561,0.05649703522,0.0783250703,0.2896509357,0.01289659006,1.73016273,0.1948509816,0.2697873564,0.06474947527,1.797381556,1.228242979,0.2629454614,1.925034388,1.528727406,1.735650026,0.6920817166,1.208044689,1.907797038,0.6501286649,0.2380376508,0.1388589695,1.526401391,1.007164995,1.060268599,1.872748121,0.4667062797,0.6446258399,0.6540956726,0.4805327445,-0.05658539349,0.2572589613,0.9872830543,0.9887679135,0.1555113958,0.3131957073,0.483989864,0.5914121197,0.2389235502,1.380158264,0.66152472
0.3220326322,0.1823872775,0.3664380631,0.1325189568,0.6295470106,0.9611989924,0.4813379591,0.4119429774,0.3254713139,1.288499234,1.461792563,1.152038934,1.553226578,0.2334392999,1.590124209,1.814595392,-0.154411982,-0.03943906731,0.7252507994,0.3373958939,0.07908285978,0.445753125,0.08492491642,0.2452582495,0.236679124,0.1306086381,0.7225544721,0.08922656601,0.4937112129,0.1598727926,1.475703871,0.2382569338,0.5579710002,0.04931349744,0.2874730356,0.7116375301,0.168135681,0.1872673751,0.2569801212,0.5302731789,0.2566917431,0.6649236352,0.4957740187,0.1269558179,0.05558572189,0.08084516845,0.2776595625,0.006679346972,1.708505133,0.193115569,0.2720555811,0.06578073024,1.77565734,1.270498063,0.2644499644,1.943268484,1.523077537,1.732027222,0.6887935173,1.151160296,1.93931055,0.6502754773,0.2382184997,0.141192192,1.499418358,0.9929561978,1.058219115,1.906964533,0.4680228986,0.6476853769,0.6513062153,0.4909649379,-0.05739615395,0.2595969034,0.9840937126,0.9881136688,0.1580421804,0.3120650066,0.4819449532,0.5964426342,0.2407397087,1.375298563,0.6653043843
0.3235774559,0.1834014809,0.3724537173,0.132939855,0.6322917076,0.9620244287,0.4903388816,0.4157010441,0.3254761514,1.283984354,1.450872115,1.147732175,1.558310306,0.2335714676,1.59716419,1.831856304,-0.153962832,-0.03864276545,0.7236398457,0.3373041442,0.0839871771,0.4511347038,0.08408878995,0.2566470702,0.2367566134,0.1341327586,0.7203971185,0.089287426,0.4998193336,0.1594674665,1.478129289,0.2409084574,0.5633290763,0.04690218145,0.2894252305,0.7080969048,0.1741611125,0.1878062807,0.262299473,0.5358629195,0.2891888445,0.6536715151,0.4930515293,0.1258049274,0.05574181723,0.08360857061,0.2730199078,0.003433238164,1.686261798,0.1874074782,0.2755499221,0.06713994836,1.757747216,1.315342496,0.265943367,1.968159103,1.515857268,1.729961404,0.6853077119,1.095664457,1.966805941,0.6474572004,0.236006213,0.1436459353,1.469874695,0.9987307612,1.064410732,1.93491738,0.468057124,0.6515177259,0.6531290539,0.496251661,-0.05712154723,0.2593235959,0.9862440023,0.987039245,0.1630772669,0.3136416264,0.4841148039,0.6007843678,0.244411116,1.368479021,0.6727891472
0.3264454402,0.1843145586,0.3765643848,0.1318833876,0.6331675452,0.9628702163,0.4967214398,0.4157573598,0.3235152063,1.280755657,1.43398032,1.146246872,1.564918304,0.23387009,1.60295758,1.844499794,-0.1557446171,-0.03595613053,0.7180937543,0.3350010225,0.08797551583,0.4580040481,0.08552069447,0.2681024438,0.2415944277,0.1365882064,0.7189864579,0.08471115326,0.5089573271,0.1606663134,1.477778288,0.2432027011,0.5736200263,0.048309695,0.2938762291,0.701981402,0.1811954541,0.1877645702,0.265000699,0.5450364243,0.3172937539,0.6348185277,0.4887358988,0.1261970436,0.05519208655,0.08651112802,0.2684472303,0.002558778131,1.656113572,0.1878954877,0.2794209953,0.06695107984,1.738838664,1.359017311,0.2687256737,1.995147653,1.507940948,1.726243815,0.6826469486,1.040128126,1.983768964,0.6470692688,0.2342989245,0.1438903453,1.434400978,1.001831163,1.059439412,1.953854551,0.4691373503,0.6537672649,0.6550030516,0.5029122376,-0.05928133967,0.2589238426,0.9844534421,0.9865704304,0.170231159,0.3148261688,0.4860415839,0.6084741637,0.2477424446,1.369185401,0.6781445661
0.3270403255,0.1840789607,0.3766161252,0.1324137422,0.6263865374,0.9580480317,0.5065042456,0.4161530637,0.3199749918,1.283638587,1.417131,1.144667107,1.571746427,0.2338910949,1.608207261,1.859154562,-0.1571580386,-0.03468546596,0.7122952117,0.3364937573,0.09079880248,0.4662050264,0.08581021886,0.2817054434,0.248431914,0.1441932213,0.7162648138,0.0803300682,0.5184474211,0.1611533116,1.474659312,0.2448671808,0.5802536074,0.04841248991,0.2992093234,0.6946880831,0.1866974557,0.1907587519,0.2689642123,0.5507281145,0.3522005467,0.6087667507,0.4829631477,0.129688257,0.05440744178,0.08670545049,0.2673735472,0.004029910288,1.618964821,0.1860313304,0.2825153594,0.06920909015,1.719686481,1.401539055,0.2695804782,2.009714378,1.498509465,1.725031449,0.6799005754,0.9891139043,2.001718746,0.64879886,0.2365613428,0.1447215792,1.393931064,1.009126832,1.060916826,1.962976737,0.4700517755,0.6526687473,0.6581727775,0.50810768,-0.0581274973,0.2600862193,0.9879209676,0.9857883893,0.175407235,0.3128852209,0.4865435386,0.6169596953,0.2524203576,1.363164414,0.683810079
0.327042367,0.1858564145,0.3788877937,0.131939325,0.6271172066,0.9562104397,0.513612291,0.4193062741,0.317856453,1.282638188,1.39668131,1.14170523,1.571514575,0.2352241418,1.608799359,1.867752606,-0.1566311363,-0.03226888531,0.7074218149,0.3371652007,0.0943199583,0.4682233793,0.08702336112,0.2970262007,0.2553822923,0.1491863596,0.7128583158,0.07737499809,0.5256901067,0.1615547117,1.466838972,0.246986895,0.5838928149,0.05031819334,0.3042648807,0.6869087611,0.1922825807,0.1915086794,0.2739331671,0.5624033061,0.3810147574,0.5787066878,0.4818033187,0.1319726521,0.05318202045,0.08750157241,0.2656405382,0.007135981387,1.571878435,0.1826851994,0.2852031558,0.07266478034,1.702165784,1.443077328,0.2711808705,2.022471984,1.485514619,1.722469762,0.681042784,0.9398772911,2.020573556,0.6492688456,0.2357077655,0.1459466744,1.345489892,1.002485411,1.060206494,1.967586795,0.471114354,0.6511640047,0.6603776507,0.5141494612,-0.05989316027,0.2610753573,0.9980545706,0.9917257967,0.1815867035,0.3099624346,0.4882713287,0.6239217743,0.2594973511,1.366076212,0.6858797418
0.3286859164,0.1866272649,0.3834822576,0.131829472,0.6209399593,0.9542009293,0.5184241335,0.4192121345,0.3120660133,1.279210554,1.379515886,1.138700562,1.567656927,0.234916086,1.606766436,1.883086713,-0.1564577508,-0.03037396315,0.6993659742,0.3324785224,0.09561934754,0.4704655299,0.08689175299,0.3136752566,0.2611269058,0.1542431253,0.7104475069,0.07675536643,0.5331426682,0.160131252,1.452776702,0.2463059692,0.5932195126,0.0499986517,0.3101025649,0.677397409,0.1962967097,0.1924297081,0.2811807282,0.5756207992,0.4057131434,0.543877882,0.4802065406,0.1336368728,0.05496025684,0.09026410399,0.2616477151,0.01162473424,1.515319176,0.1815598243,0.2864023778,0.07426941236,1.684998505,1.476107882,0.271779959,2.032371479,1.475847657,1.719179136,0.6882702905,0.8923382269,2.035521121,0.6524471425,0.2351367395,0.1472050375,1.292324429,0.9947239906,1.055263742,1.966295154,0.4723140167,0.6508559011,0.665895185,0.5172763607,-0.06013560306,0.2592461786,1.009210228,0.9930120755,0.1868665849,0.3100244874,0.4924395904,0.6332668063,0.2672002801,1.3683699,0.6888450516
0.3299246008,0.1904981128,0.3880426369,0.1330580331,0.6186973,0.9496368359,0.5230761425,0.4244558421,0.3120611759,1.275822367,1.357476009,1.135065935,1.560777923,0.2343816296,1.605977032,1.902610198,-0.1582051299,-0.02759390734,0.6944668869,0.3312643197,0.09741721477,0.4731009173,0.08795402822,0.3295220441,0.2692175418,0.1588389009,0.7086358099,0.07529722964,0.5397497986,0.1605367566,1.436173407,0.2465544622,0.5955125684,0.04964185923,0.315522445,0.6689852409,0.2001435004,0.1939237177,0.2841382934,0.5900100856,0.4224335574,0.5058695498,0.4743869599,0.1337870488,0.05344106785,0.0927600092,0.2540471365,0.0144500463,1.445388224,0.1796601353,0.2858869576,0.07550461462,1.674317854,1.504844277,0.2710313008,2.045077401,1.465671221,1.715521809,0.6988560772,0.8455578523,2.049090958,0.6543865353,0.2364825979,0.1492585981,1.228255136,0.9890851673,1.056191367,1.957911368,0.473000534,0.649290223,0.6705842196,0.5211107025,-0.06017112015,0.260986577,1.020249444,0.9841577891,0.1911795371,0.3077869278,0.4932782421,0.6478988442,0.2743945446,1.368646424,0.6916802172
0.3296452456,0.1907152537,0.3990143923,0.1348788724,0.6149544042,0.9496759729,0.5273794403,0.4272414597,0.3051873063,1.272391954,1.335318771,1.131854191,1.556578902,0.2324759904,1.600407379,1.92223882,-0.1565119418,-0.02593331007,0.6900793411,0.3262229542,0.09820889563,0.4745692177,0.09032746038,0.3458268621,0.2732399101,0.161643271,0.7079835478,0.07446711418,0.5475720367,0.1613331327,1.408552101,0.2471207845,0.6081355741,0.04911986638,0.3192030288,0.6594325488,0.1992826006,0.1927479175,0.2854057795,0.6112061557,0.4310837419,0.4681349754,0.4666965856,0.1369982679,0.05305460164,0.09546022563,0.2438750028,0.01535666294,1.35900207,0.1791623841,0.284790848,0.07810151322,1.665046716,1.524570376,0.2713738637,2.051739193,1.454462828,1.713292348,0.7177292618,0.8072216164,2.063110516,0.6561164361,0.2375351291,0.1519265289,1.164219009,0.977524606,1.05409049,1.943664825,0.474747724,0.6501359962,0.6746317849,0.5270503907,-0.06119432138,0.2626095456,1.035675504,0.9825089649,0.1927985201,0.3022460296,0.4858946933,0.6626184774,0.2825012318,1.365278468,0.6902095129
0.3349742668,0.1931861627,0.4081900271,0.1354753925,0.6067372437,0.9470509432,0.5262342344,0.4288137221,0.3081568081,1.267558635,1.319536787,1.128599733,1.555603078,0.2317050963,1.591699402,1.934656944,-0.1570614694,-0.02653649527,0.6856988881,0.3216141899,0.1007651996,0.4751720552,0.09174813335,0.3556106075,0.2773170408,0.1642848015,0.7070910442,0.07412258081,0.553910967,0.1587569857,1.369778743,0.2485888378,0.6109148222,0.04749278823,0.3215180754,0.6511466111,0.1980248984,0.1941655523,0.2939690552,0.630130906,0.4305326652,0.4319955897,0.4591797787,0.1386763266,0.05104657791,0.09517829538,0.242775512,0.01863674259,1.270567212,0.1805239193,0.2833036554,0.08440021399,1.65693655,1.541822647,0.2712133959,2.058417011,1.443405665,1.711979118,0.7406563304,0.7787343774,2.072105011,0.659971822,0.2373691056,0.1517714483,1.092914153,0.9678183309,1.052452921,1.925713149,0.475936422,0.6485929926,0.6783885566,0.5302794525,-0.06398230316,0.262115759,1.050162552,0.9851620502,0.1964055161,0.3018802176,0.4842004117,0.6797352141,0.2912781637,1.361089042,0.694972366
0.3344471992,0.1931691017,0.4108606215,0.1389485058,0.5999786232,0.9415449985,0.5308732358,0.4317148661,0.3098508328,1.263642265,1.296003717,1.121753671,1.550857956,0.231160301,1.577486472,1.9376415,-0.1582578039,-0.02491837055,0.6782767733,0.3198936932,0.09977350238,0.4738492473,0.09274784244,0.3715978021,0.280309419,0.1675098116,0.7041717509,0.07579463144,0.5586612993,0.1574891369,1.320299232,0.252158095,0.6211082221,0.04692598441,0.3248960885,0.6406203339,0.2022117917,0.1967810772,0.3025582448,0.6470857152,0.4213992724,0.4030001495,0.4527171917,0.1419299019,0.04777207708,0.09749027924,0.2406320374,0.02333526279,1.181213274,0.1822087774,0.278825849,0.08755534109,1.654641438,1.553937497,0.2772475023,2.06601084,1.433621343,1.70821727,0.7687711709,0.7555682831,2.083394827,0.6617548035,0.2351635121,0.1519029046,1.025362147,0.9608712391,1.046880341,1.903375069,0.47714329,0.6468504539,0.6820994135,0.5312041802,-0.06538383868,0.2617774031,1.061334608,0.9865954885,0.2002901673,0.3053792611,0.4781421486,0.6909292506,0.2986666889,1.354147117,0.6944006481
0.3360483268,0.1951427579,0.4137329283,0.1419957257,0.5926560498,0.9358373911,0.5340162709,0.4318065776,0.306225479,1.259741797,1.277675942,1.114129813,1.545142424,0.2325542999,1.562493761,1.945626547,-0.159842384,-0.0244139914,0.6698036995,0.3219132997,0.1030894934,0.4756709989,0.09458620762,0.3876168263,0.2855076456,0.1702950523,0.705064648,0.07670183004,0.5613908045,0.1575797911,1.264768924,0.2544274687,0.6340610483,0.04706848147,0.3297590074,0.6298662562,0.2000688531,0.1971439651,0.3058260031,0.659374565,0.4115291963,0.3807914954,0.4468862846,0.1454412512,0.046180905,0.09922126592,0.2396785854,0.02870007956,1.082867656,0.1813334059,0.2721239329,0.0896438549,1.653758879,1.565140811,0.2782800494,2.07092712,1.423071712,1.704072812,0.8028991814,0.7326267442,2.094785976,0.662169541,0.2314263587,0.1533211469,0.9532680693,0.9512361738,1.039137559,1.879898548,0.4770437989,0.6422145902,0.6856786266,0.5385617335,-0.06676816716,0.2603110573,1.073597609,0.9900874513,0.2041559743,0.3030553618,0.4692234384,0.7076442997,0.3069344309,1.343308279,0.6908513121
0.3337729414,0.1963866654,0.418323302,0.1430462862,0.5856794318,0.9293655436,0.52992849,0.4323125313,0.3012841211,1.250869828,1.248823464,1.107241887,1.537332884,0.2318832233,1.545651608,1.942767589,-0.1585708146,-0.02140789918,0.6623658736,0.3227978485,0.107105413,0.4783093967,0.0958589142,0.4031590115,0.2912206692,0.1762138044,0.7108739872,0.0763045019,0.5662812474,0.1578208215,1.199386456,0.2553315006,0.6504193547,0.04645262843,0.3330063284,0.6208746108,0.2045624905,0.199195096,0.3163285522,0.6690184497,0.403665201,0.3578978792,0.4409767855,0.1482603985,0.04603335427,0.1006486953,0.2390970924,0.03344671635,0.9863126277,0.1793835727,0.2673174779,0.09385348339,1.656727433,1.573012928,0.2826312689,2.071585652,1.414023518,1.699371701,0.841972417,0.7219516523,2.097928154,0.661846589,0.2265827608,0.1510109028,0.8836400271,0.9507712154,1.034236496,1.852647787,0.4797428244,0.6406482067,0.6908067414,0.5445317099,-0.0661204765,0.2605900277,1.085986934,0.9856342819,0.2095264737,0.2989929219,0.461632657,0.7219042536,0.3142343023,1.340775423,0.6880597027
0.3320018407,0.1949253067,0.422140774,0.1470036087,0.5800475979,0.9217020792,0.5258247614,0.4350209133,0.296690039,1.247160887,1.233307423,1.101227377,1.530847818,0.2332084719,1.527956255,1.945824566,-0.1587833184,-0.0213015539,0.6552060656,0.3254750626,0.1116201783,0.482423313,0.09830374933,0.4186353504,0.2922113947,0.1797565401,0.7141137228,0.07646562096,0.5754473459,0.1582927701,1.133295731,0.2573561298,0.6621856537,0.04400813949,0.3390614072,0.6160904561,0.20832924,0.2018778199,0.3279769095,0.6766279298,0.3952163971,0.3367076257,0.435874889,0.1499326913,0.04316995312,0.1019021921,0.2440306684,0.04001334379,0.8821432124,0.1767499724,0.2628764163,0.09948899769,1.66013572,1.578467561,0.2858143738,2.071673327,1.405049904,1.697989613,0.8888374555,0.7203829281,2.101425176,0.6650412967,0.2215735409,0.1513302922,0.809579469,0.9485038216,1.028162802,1.824789346,0.4816108344,0.6405298629,0.6958948279,0.5490017588,-0.0678483281,0.2608749963,1.101684663,0.9878524949,0.2178437003,0.2960199296,0.4541206293,0.7369967956,0.3244639159,1.338280659,0.6853251029
0.3297130633,0.1957600586,0.4252361985,0.1485708466,0.5736018416,0.9138528205,0.518268131,0.4309737034,0.2929486936,1.23832381,1.218142195,1.09580807,1.522122597,0.2333720841,1.508412408,1.944800239,-0.1594460372,-0.02291508953,0.6469136086,0.3258448167,0.1124804436,0.4829697051,0.097974358,0.4331742626,0.2927519885,0.1815642639,0.7142250398,0.07534316433,0.5801333018,0.1579375298,1.066230697,0.261619084,0.6696675383,0.0433195488,0.345401572,0.6120218274,0.2221273309,0.2039784324,0.3400302375,0.6916042107,0.387238425,0.3177870085,0.4359689638,0.1536897951,0.04261972227,0.1021823812,0.2501403391,0.04851173437,0.7798267715,0.1746713945,0.2598294627,0.1038678085,1.666603837,1.584310078,0.2880500577,2.067440977,1.399819135,1.695008181,0.9407694152,0.7235196464,2.103170022,0.6620039733,0.2171029188,0.152415718,0.7364275512,0.9480436181,1.029274415,1.799898726,0.4826099224,0.6368592583,0.6990239369,0.5498601574,-0.06896352081,0.2587671452,1.109274999,0.9839486678,0.2229547041,0.2966737218,0.4494100506,0.7487297723,0.3337752222,1.337180013,0.6841592449
0.3286418206,0.194157093,0.4249875175,0.1499226603,0.5691797675,0.9062450019,0.5108993986,0.4302766219,0.2906918035,1.230070268,1.205347707,1.090347131,1.510008845,0.2337624994,1.487546563,1.938668865,-0.158975908,-0.02454117493,0.6430116252,0.3258153864,0.112799646,0.4811503823,0.09673163595,0.4470454925,0.294420412,0.1817882625,0.7144638058,0.07702272396,0.5846752091,0.1570444322,0.9989817968,0.2663310164,0.6784143223,0.03953927593,0.3529267918,0.6057996158,0.2312865352,0.2057239283,0.350340139,0.7067022037,0.3837061551,0.301816868,0.4339835209,0.1569914924,0.04048890632,0.1021931948,0.2560611628,0.0555005521,0.6764510425,0.1752118042,0.2565478664,0.1076472035,1.671290245,1.589551566,0.2884580425,2.060205445,1.394640226,1.695137681,0.9947206858,0.7330947383,2.100111437,0.6607889113,0.2120243913,0.15261048,0.6686666862,0.9500806271,1.026470502,1.77200935,0.4832419558,0.6341022822,0.7038716932,0.5558732444,-0.06787709474,0.2594867757,1.110042906,0.9824164777,0.2260039035,0.2959688084,0.4444915224,0.7620701072,0.3377843965,1.334424271,0.6792428236
0.3286697479,0.1937628271,0.4217716381,0.1511645813,0.5660710652,0.899991895,0.5026808047,0.4286080718,0.2937603657,1.228292724,1.191571625,1.083301406,1.497127726,0.2331826119,1.466027806,1.930978565,-0.1585655213,-0.02427528831,0.6388381805,0.3254180195,0.1113681629,0.4810918843,0.09722464364,0.4656245486,0.2953420654,0.1830200831,0.7129095971,0.07928163548,0.5887892399,0.1576790109,0.9288247093,0.2678900443,0.68596621,0.03764663091,0.3581353275,0.5995254421,0.2405630561,0.2071970939,0.3595448625,0.7207836807,0.3737292612,0.2936890938,0.433475981,0.1563683022,0.04048307098,0.09909461954,0.2601035532,0.05920242765,0.5791222912,0.1798270778,0.2518322636,0.1103367737,1.6699671,1.592069765,0.2935429397,2.055072778,1.388725442,1.694480686,1.051278168,0.7416763162,2.100508804,0.6586402035,0.2059610339,0.1531504706,0.6056419858,0.9496301598,1.026167272,1.747905166,0.4857243252,0.6343979232,0.7097831957,0.5561108374,-0.06853700681,0.2584195871,1.117185079,0.9804475929,0.230186063,0.2925530626,0.433649392,0.7734800931,0.3438660932,1.337684875,0.6735183451
0.3285726554,0.1935475473,0.4250753193,0.1511097539,0.5623439804,0.890219939,0.4940929189,0.4249963511,0.2963131471,1.219383237,1.175763966,1.085400294,1.485798603,0.2339541098,1.446345389,1.93403544,-0.1579772628,-0.02399554074,0.6355914486,0.3259591959,0.110518599,0.4775350675,0.09641263296,0.4839989999,0.2975577671,0.1847495069,0.7132937802,0.07879016672,0.5972950357,0.1603444438,0.8586242949,0.2690002489,0.6891673736,0.03878970016,0.3638305797,0.5930360995,0.2531027384,0.2070473803,0.3683409364,0.7415168603,0.3682235504,0.2888125554,0.4342605845,0.1555510719,0.0407863836,0.09983090057,0.2632291549,0.06221329099,0.4820413101,0.1836556809,0.2465677557,0.1137485191,1.662145591,1.593233288,0.2956294926,2.051839844,1.386421659,1.693735933,1.109880857,0.7553232871,2.098819046,0.6601969285,0.2019980537,0.1518266332,0.5393877857,0.9429077922,1.020407521,1.724028094,0.4868682509,0.6322983378,0.7116581031,0.5591002268,-0.0711311226,0.2575308159,1.121901998,0.9852412111,0.2322849795,0.2892671848,0.4273468488,0.782205144,0.3463379602,1.334861347,0.6654871966
0.3259987658,0.1924427652,0.4243891969,0.1527047426,0.5597890867,0.8798040715,0.4848796868,0.4218751744,0.2996498658,1.209383647,1.163710251,1.081432922,1.473513744,0.2348266577,1.426361885,1.929748624,-0.1564278956,-0.02340303222,0.6326329201,0.328305525,0.1143911349,0.4792597672,0.09525797571,0.504146591,0.3009548232,0.1855679896,0.7130251766,0.08031333517,0.6050387206,0.1606730352,0.7891074075,0.2699363894,0.6868083807,0.03732459214,0.3663299109,0.5916047316,0.2632217942,0.2082360493,0.3790145649,0.7643382033,0.3612381634,0.2769340605,0.4378524692,0.1541539834,0.04049499175,0.09770494578,0.2678890871,0.06435150852,0.3920036386,0.1837780678,0.2412797905,0.1144637133,1.655689103,1.59349028,0.2960345758,2.044925675,1.38161151,1.692825258,1.1689722,0.7784628085,2.097029234,0.6595983548,0.1993773845,0.1530314724,0.4861113428,0.9301625889,1.022728718,1.702787848,0.4879977138,0.6315639884,0.7144929401,0.5570364662,-0.07008043423,0.2577725307,1.130483837,0.9829896252,0.2383579763,0.288230565,0.4189928544,0.7890098729,0.3520423092,1.324405429,0.6596576678
0.3269143258,0.1924846423,0.4264706053,0.1517325579,0.5625392407,0.8782739545,0.474849647,0.4219129516,0.3039745551,1.195120377,1.154425794,1.077652004,1.46035338,0.2357979919,1.403249997,1.923579165,-0.1550019834,-0.02256706745,0.6256305951,0.3281030895,0.115981116,0.4777791856,0.09483353781,0.5213242344,0.3028449704,0.1866138989,0.7147064737,0.07962306328,0.6131246404,0.1638757304,0.7200698783,0.2684354261,0.6875813616,0.0361381323,0.3692644199,0.5928814765,0.2841264981,0.2103047163,0.389133525,0.7893606385,0.3505549206,0.2669114319,0.4413610168,0.1546413233,0.03958605424,0.09714406357,0.270658911,0.06566845721,0.3166026611,0.189888082,0.2368712218,0.1172648384,1.64721261,1.594194028,0.2967848873,2.038035241,1.376751276,1.691489329,1.228366961,0.8039113957,2.099102922,0.6598563272,0.1965419657,0.153538472,0.4342937288,0.9196987045,1.022907737,1.69148165,0.4900461704,0.6332522428,0.7138379854,0.5588321376,-0.06944320016,0.2586935653,1.131633264,0.9833216453,0.2449405242,0.2898015954,0.4112007087,0.792992067,0.3580701691,1.324978962,0.6515102578
0.3249229094,0.191458186,0.4289373058,0.1511051156,0.5596932406,0.8751261959,0.4699979798,0.4164184385,0.30943766,1.184901393,1.146964423,1.073632882,1.455583479,0.2333308037,1.385343739,1.916322987,-0.1528795596,-0.02253911142,0.6160901913,0.327949079,0.1176511184,0.4780453345,0.09311905695,0.5387862584,0.3044000068,0.1884349585,0.7163347845,0.07988300451,0.6221519961,0.1621521128,0.6522056702,0.268651371,0.6902115907,0.03374530427,0.3712431195,0.5974605964,0.3089344034,0.2140018134,0.3980097931,0.8071011656,0.3474466865,0.2547723435,0.4397372909,0.1531137068,0.04102825843,0.09812580217,0.2714171664,0.06422422302,0.2490578106,0.19934797,0.2319100273,0.1188884935,1.631402724,1.593556466,0.298039444,2.032618865,1.372844659,1.69270953,1.286385063,0.8290127349,2.10111076,0.6629462889,0.1955263137,0.1544029737,0.3896908753,0.9163281808,1.021892156,1.687553696,0.4920893536,0.6325256532,0.710695712,0.5594768548,-0.06799207307,0.2573969191,1.129165403,0.97419582,0.2489999259,0.2910353298,0.4028012002,0.801684693,0.3609825028,1.315591418,0.6483780221
0.3225116843,0.1893820082,0.4298503633,0.1483954229,0.5619163808,0.8700974388,0.4641562182,0.4148384712,0.3205245272,1.175966122,1.140121313,1.068301782,1.451642052,0.2338499403,1.370439222,1.902017055,-0.150760783,-0.02104203582,0.6069614949,0.3339533762,0.1232574972,0.4802687726,0.09072828841,0.5552730706,0.3046123724,0.1902396998,0.7170785593,0.08161619324,0.6329610374,0.162246098,0.5911125337,0.2697716064,0.6883935117,0.03349691953,0.3751788153,0.6047642217,0.3407780631,0.2163427425,0.4038395038,0.8326429949,0.3518253697,0.245865733,0.4414826282,0.1520099181,0.04109607341,0.1006544228,0.2759173366,0.06145249656,0.1879412108,0.2053438521,0.2306178978,0.1229894292,1.617477506,1.591682317,0.2969035848,2.027737965,1.36693697,1.69399517,1.340886659,0.8564531195,2.103322489,0.6653475725,0.1943824545,0.1548590796,0.3499578331,0.9151936914,1.022877616,1.689282972,0.4946804036,0.6301646567,0.7046360835,0.5634322804,-0.07229952478,0.2604828804,1.132014185,0.9798603217,0.2545871522,0.2911186521,0.389115601,0.8090489805,0.3656011848,1.303579137,0.6457768582
0.3205189205,0.1869273848,0.4364760631,0.1486659125,0.5631364949,0.871630402,0.4571533921,0.4130173178,0.326970819,1.163176393,1.13472702,1.06579013,1.450903733,0.2341128417,1.354491834,1.893071695,-0.149085508,-0.02303276707,0.5908942255,0.3336756063,0.1298750269,0.4827778931,0.08914180674,0.5690667116,0.3049888768,0.1921515724,0.7172808317,0.08087289482,0.6444542581,0.1633440596,0.5301105585,0.2703710455,0.6831509778,0.03265689707,0.3777182228,0.6121492923,0.3777216244,0.2197916839,0.4179991056,0.8593315613,0.3592095137,0.2350481176,0.4442539561,0.1494077852,0.04417425675,0.09759337416,0.2812675229,0.05799475359,0.1427312446,0.2107434889,0.2300891899,0.1266835872,1.600992578,1.59105895,0.3036530142,2.018271466,1.361543443,1.696889461,1.39378667,0.8882866425,2.101777577,0.6675816518,0.1941069645,0.1519535677,0.3257010145,0.9175937687,1.021232361,1.69388022,0.4979622261,0.6321020612,0.6971478522,0.5655062989,-0.07416353261,0.2630674923,1.128314378,0.9915385442,0.2598101766,0.2925811829,0.3785259487,0.8112007916,0.3671467935,1.298644355,0.6437467443
0.3200222709,0.188329495,0.436182595,0.1472970916,0.5695106815,0.8720046947,0.4523060013,0.4077026318,0.3323125574,1.147599303,1.128451455,1.06744613,1.453019573,0.2343382361,1.340894044,1.879346751,-0.1474728803,-0.02327285173,0.5764807547,0.3359318272,0.1328547889,0.4821394094,0.08740513262,0.5823974433,0.3101565037,0.1918723456,0.7194452677,0.0807039423,0.6553443811,0.1629085154,0.4805810198,0.2692645895,0.678196859,0.03040613083,0.3803222686,0.6213676187,0.4228813621,0.2252611699,0.429559937,0.8762264163,0.380278519,0.2232770397,0.4497561902,0.1468834901,0.04692391046,0.09875348989,0.2861183503,0.05912875404,0.1138213501,0.2138078275,0.2318382384,0.1307618001,1.580619887,1.591373943,0.3065620485,2.007599146,1.354369586,1.697833901,1.439144723,0.9213692365,2.097806634,0.6706147287,0.1937394771,0.1512776451,0.3089767353,0.9150570455,1.019113008,1.706894109,0.5002241279,0.6345362541,0.6892600337,0.5644752503,-0.07535774534,0.2669363815,1.123163447,0.9970501914,0.2658196867,0.298050457,0.3708757211,0.8141514203,0.3681204436,1.295063092,0.6407054377
0.3173374476,0.1872560431,0.4354122836,0.1470427371,0.5758414925,0.8785678383,0.4467638606,0.4062056904,0.3384611304,1.138062897,1.119581365,1.066416537,1.458008936,0.234424042,1.331837812,1.861438508,-0.1437146226,-0.02140747774,0.5670430303,0.3376072406,0.1350369126,0.48319795,0.08451285684,0.598718378,0.313018264,0.1935879194,0.7184491851,0.08215563618,0.6643890642,0.1624923631,0.4443611528,0.2707259987,0.6794927956,0.02918991155,0.3849289654,0.6304026424,0.4723348752,0.2302301984,0.4376686272,0.8944101889,0.4117511639,0.2096610307,0.4565419775,0.1467401,0.04850249488,0.09836571551,0.2849662199,0.05878875636,0.09037435875,0.2131195486,0.2370802104,0.1325583722,1.556577727,1.590640585,0.306284739,1.99431854,1.346816874,1.6971307,1.481535659,0.9483271726,2.09385832,0.6717363686,0.1948141961,0.1509268335,0.2960627594,0.9089395653,1.013592442,1.722481097,0.5025003098,0.636261661,0.6805025634,0.5642818767,-0.0771610432,0.268213692,1.115406949,1.003996758,0.2678913277,0.3029404072,0.360032426,0.8159057108,0.3704946549,1.291466872,0.6371531438
0.3169641846,0.1860445517,0.4368833056,0.143230828,0.5803348564,0.8808619819,0.438635251,0.4037517563,0.3437062809,1.127672767,1.123072377,1.067511011,1.466489494,0.2357449135,1.326781416,1.849772144,-0.1425556312,-0.02044456358,0.5599862317,0.335215535,0.1349495733,0.4853393882,0.08104703001,0.6147397575,0.3147204065,0.1946916968,0.7185721749,0.08652610667,0.6747915357,0.1614692328,0.41866532,0.27082734,0.6802192546,0.02724260448,0.3895433223,0.6432323026,0.5229020936,0.2350275591,0.4450319475,0.9104256109,0.4554330385,0.1975636221,0.4631573149,0.1454102935,0.05302521654,0.09811223946,0.2875336785,0.05717779684,0.06736572222,0.2193807646,0.242788704,0.139458653,1.523746997,1.589769588,0.3040768231,1.976751738,1.337085088,1.697775728,1.517287457,0.9736327238,2.084893201,0.673827705,0.1994490012,0.1502970521,0.2843638691,0.9017077473,1.011905421,1.739498196,0.5047842713,0.6384417994,0.671631537,0.5618468942,-0.0776102352,0.2684120784,1.116735716,1.014075589,0.2734016636,0.3058770186,0.3549266895,0.8210350629,0.3694798829,1.29229733,0.6347346491
0.3147672327,0.1851569104,0.4365528216,0.1416106259,0.5897393894,0.8820627071,0.4317361296,0.4030866617,0.3527537287,1.116386376,1.119368912,1.067785672,1.478404593,0.2345266015,1.322296561,1.837296184,-0.1412563369,-0.01886671052,0.5557747255,0.3329192139,0.1335606749,0.4858501341,0.08019198192,0.6279811239,0.3136547664,0.1939043765,0.7184076749,0.08570266589,0.6844899304,0.1648567458,0.4007294864,0.2716613378,0.6763385943,0.02482120831,0.3936756253,0.6561735233,0.5732241478,0.2420529521,0.4553170282,0.9247960758,0.5048102347,0.1790399095,0.4750628716,0.147005192,0.05637303425,0.09685283187,0.2891198292,0.05526138894,0.05215654684,0.2296984378,0.2516809613,0.1434440895,1.494568507,1.58761184,0.3031798435,1.95615336,1.324782871,1.700619113,1.545458673,1.003781935,2.069776649,0.6762414626,0.2008462965,0.1476328587,0.2758176464,0.8934013286,1.014774855,1.754948251,0.5081017029,0.6407369225,0.6655164683,0.5544555872,-0.08210467008,0.2694509899,1.119428745,1.015573039,0.2805176871,0.3113505466,0.3509678108,0.8231975956,0.3694717566,1.293830999,0.6319475242
0.3151429862,0.1848709048,0.4405738466,0.1427600977,0.5933676197,0.8840074635,0.4294814443,0.4011256531,0.3551096255,1.107952038,1.121275521,1.068536665,1.498457433,0.2344360161,1.318156437,1.832093216,-0.1389639165,-0.01722638956,0.5538116926,0.3266767193,0.1336381588,0.4849531986,0.0793183495,0.645178114,0.3098964562,0.1920152329,0.7165292532,0.0890617388,0.695568208,0.1636539729,0.3953231136,0.2729847212,0.6783642428,0.02367522955,0.3994859998,0.6672914502,0.6182426818,0.2467000555,0.4613548762,0.9467690019,0.5570925452,0.1668076618,0.486582673,0.1463152077,0.05806715839,0.09751167716,0.2944761602,0.05325621512,0.03990761806,0.2377167546,0.2602182779,0.1453156715,1.457289134,1.586612825,0.3028099512,1.942505918,1.309463591,1.702743483,1.567590646,1.025310635,2.051482726,0.6779879511,0.2029168223,0.1483943271,0.2627973517,0.8808567356,1.016989851,1.771653631,0.5100393644,0.6423655851,0.6591729494,0.5490676722,-0.08602236026,0.2741152503,1.11817763,1.019226855,0.2851207974,0.3173865561,0.3482686343,0.8233223037,0.3713427327,1.289614827,0.6249301445
0.3136647962,0.1842729916,0.4447975386,0.1404259109,0.5962091423,0.8878198406,0.4240101328,0.3974087257,0.3614762067,1.091674769,1.118420362,1.07468781,1.518347105,0.2334382937,1.314634707,1.823664223,-0.1364756143,-0.01520447119,0.5556781491,0.3158455105,0.127793224,0.4804668106,0.07742325319,0.6625656109,0.3053770665,0.1898935203,0.7133936212,0.09162309621,0.7018891477,0.1642619026,0.3869856107,0.2735691401,0.68398051,0.02407483987,0.4022873466,0.6758226717,0.66699374,0.250674082,0.4702496733,0.9679797371,0.616396725,0.1506602454,0.4995167834,0.147074736,0.06490705174,0.09667395072,0.3001491479,0.0508210945,0.0330331105,0.2466519735,0.2716185759,0.1466520621,1.420608838,1.58617517,0.3040122446,1.926007462,1.294039747,1.703269269,1.581546816,1.040059212,2.026420114,0.6789403521,0.2048645287,0.1480831969,0.2556543208,0.8724063123,1.018331952,1.790321292,0.5116796491,0.6450342485,0.6572299724,0.5431936895,-0.08904568142,0.2760679688,1.122126641,1.026127633,0.2843731532,0.3242643461,0.3447041517,0.8228526842,0.3726585631,1.28484428,0.6227900665
0.3130733405,0.1840752383,0.4503769784,0.1427415444,0.6024382305,0.8916415395,0.4229869848,0.3995916816,0.3663523127,1.079984174,1.108807043,1.080172307,1.545317561,0.2328708834,1.310013812,1.809662864,-0.1338280634,-0.01251746165,0.55440612,0.3030126348,0.1247130309,0.4773464029,0.07698903406,0.6782085676,0.3004500775,0.1888330753,0.712178413,0.09565343675,0.7083560016,0.1624301425,0.3798055111,0.2712023547,0.6942073867,0.02379701643,0.4063482671,0.6832765275,0.7069894918,0.2560432681,0.4774205592,0.9865076289,0.6738354952,0.1396593819,0.5115091065,0.1448939029,0.06548783476,0.09806321209,0.3054712735,0.04691694518,0.02641630276,0.2564378507,0.2799685186,0.1461424556,1.388484573,1.586575203,0.3036791627,1.913473064,1.276217311,1.706241964,1.591722884,1.057669239,1.999168752,0.6837195637,0.2082776333,0.1465313297,0.2453502325,0.8721896261,1.015095708,1.809702247,0.5136362116,0.648063956,0.655119551,0.5370536967,-0.09327578969,0.2815259239,1.128280606,1.030997564,0.2855514405,0.3303505616,0.3427531363,0.8268814105,0.3726594038,1.272814242,0.6142021322
0.3109868731,0.18504074,0.4575735266,0.143473448,0.6080214417,0.8921033569,0.4197779316,0.3995449854,0.3691569645,1.069873575,1.100183243,1.087007942,1.577925845,0.2314926822,1.307724576,1.813498138,-0.1322220523,-0.009282195584,0.5579166019,0.2884705186,0.1205948047,0.4782377622,0.07686025912,0.69241808,0.2963856224,0.1910058681,0.7076250709,0.0996902202,0.7128725397,0.1617346518,0.3785018842,0.2690697401,0.7084886097,0.0261602912,0.4098215864,0.6916765233,0.7504543994,0.2621585527,0.4850115855,0.9972425705,0.7237020474,0.1306367324,0.5273332467,0.1433075643,0.06599713486,0.09686318718,0.3099415394,0.043577995,0.02538612737,0.2648749595,0.2908047102,0.1480493611,1.358587936,1.584815834,0.3025988397,1.907659239,1.252545845,1.708327204,1.594491328,1.074392921,1.96662718,0.6870729828,0.2108774533,0.1448906867,0.2391374784,0.8608831107,1.015589602,1.823799303,0.5161513967,0.6500759006,0.6497185696,0.5313441162,-0.0964879912,0.2808040954,1.132992658,1.038526846,0.2858418507,0.3348780386,0.3407080463,0.8307378113,0.3753295947,1.271513478,0.6091091005
0.3100012089,0.1847514773,0.4602321232,0.1429350854,0.6119003411,0.8939745356,0.4189905246,0.3992862415,0.3744286672,1.058744436,1.093163974,1.093633257,1.619857474,0.2297068342,1.30262083,1.803929046,-0.1322916711,-0.007706918037,0.5605609066,0.2755759097,0.118153899,0.4767113059,0.0761916615,0.7006517286,0.2929985681,0.1930107135,0.7064176663,0.1053343007,0.7172968037,0.1600535655,0.3793802812,0.2714413599,0.7241674194,0.02787376107,0.4142401687,0.6979603717,0.7913325622,0.2668615042,0.4923862631,1.008408171,0.7743187515,0.122048167,0.5409548029,0.1452636213,0.06410669323,0.09614743348,0.317671976,0.04257935207,0.02274378159,0.2716376696,0.2989829761,0.1484119496,1.324047035,1.583848257,0.2972020831,1.9052161,1.230425649,1.710626235,1.590554468,1.094057479,1.929177469,0.6926038617,0.2133216575,0.1439429463,0.2316208354,0.8474991699,1.016490133,1.833224945,0.5164958954,0.6513412684,0.6420574354,0.524588932,-0.0962934634,0.2821637782,1.141291371,1.047782631,0.2835072191,0.3424961089,0.3383802401,0.8337323678,0.3771652283,1.267895817,0.604112198
0.3061491528,0.1835733324,0.462286673,0.145824642,0.6135276263,0.8987592197,0.4188593792,0.3983166874,0.3741055786,1.046289356,1.089542605,1.100872619,1.662881546,0.2275617134,1.296666008,1.790970246,-0.1314553085,-0.004825246524,0.5617795754,0.2604780778,0.1108090438,0.4748540791,0.07714978351,0.7074136096,0.2871066505,0.1921983331,0.7033640712,0.1147809024,0.717942515,0.1551149393,0.3795122925,0.2744823755,0.7411888907,0.02760045079,0.418433169,0.7036989057,0.8265464258,0.2717198334,0.5010893723,1.013247837,0.812155533,0.1137912316,0.5548926668,0.1487568306,0.06562984191,0.09436746525,0.3236816929,0.04010957699,0.01866061471,0.2778146454,0.3054783839,0.1468331818,1.291574953,1.582668755,0.2934989089,1.902799745,1.204445247,1.711550635,1.582698012,1.113789492,1.884243912,0.6943358858,0.2153839172,0.1427405987,0.2320516545,0.8344353903,1.015996161,1.84113318,0.5179324465,0.6527316647,0.6368829242,0.5169192779,-0.09490132558,0.2832254157,1.149752427,1.051428132,0.2789050817,0.3474536023,0.3329255769,0.8375380693,0.3797156262,1.261339096,0.5994961863
0.3041665147,0.1850184055,0.4678308012,0.1456808936,0.6127535815,0.9035303838,0.416744214,0.3985655784,0.3734859538,1.03588479,1.084844787,1.114882119,1.712037522,0.2250879345,1.288975013,1.784923346,-0.1319972836,-0.002945215521,0.5642489127,0.2463374909,0.1042735947,0.4733509536,0.07742102711,0.7110006016,0.2797252529,0.1931778382,0.6983196554,0.1226537194,0.7184822313,0.1524703854,0.3826215629,0.2778525694,0.7585634944,0.02831075968,0.4231004244,0.7036071826,0.8575763178,0.2761633915,0.510081693,1.012162975,0.853681353,0.1099492864,0.5642434478,0.1520529839,0.06657991857,0.09740981938,0.3331133908,0.03840162176,0.01938801751,0.2822551318,0.312404277,0.1465368422,1.261777273,1.580005425,0.2923406464,1.900681796,1.179747231,1.711733321,1.574526126,1.130763669,1.835455696,0.6993899229,0.2159047781,0.1419679642,0.2287502289,0.8316205071,1.015351738,1.849970932,0.5181404093,0.6552713021,0.6298254784,0.5146685202,-0.09534231114,0.2834546125,1.15684046,1.059338639,0.2728312922,0.3508875756,0.3275562527,0.8415129276,0.3789758175,1.260652315,0.5976423489
0.3029928309,0.183090504,0.4736857808,0.1457496359,0.6137744475,0.9033297174,0.4163793768,0.3954937596,0.3747934655,1.022700197,1.081312251,1.135376204,1.761731358,0.2216717504,1.280746001,1.769082798,-0.1328585954,-0.0004054316828,0.5691140621,0.2337248144,0.09722569331,0.4697517856,0.07743080834,0.7114112242,0.27507069,0.1916384395,0.6901582643,0.1307652948,0.7198910068,0.1461364356,0.3901384517,0.2825988597,0.7701366922,0.03034487084,0.4285581882,0.6986514096,0.8817440546,0.278139371,0.5195058578,1.009933651,0.8966267869,0.107328505,0.5724805713,0.1527585802,0.06881281128,0.1000905165,0.3445124154,0.03621807471,0.009861962459,0.2831185056,0.317327451,0.1436408465,1.227172891,1.575858573,0.2908484584,1.897274067,1.155642897,1.710290164,1.567282022,1.145769166,1.786434795,0.7011015994,0.2135242592,0.1415240396,0.2288707758,0.8239649396,1.014907838,1.851087724,0.5178035075,0.6567600215,0.6252057442,0.5088264892,-0.09750002991,0.2841160496,1.163622379,1.063391789,0.2665681956,0.3517707825,0.3238067121,0.8465318959,0.3790975019,1.251742445,0.5937520049
0.3012549246,0.1839781452,0.4792605169,0.1461318021,0.61658064,0.9046956722,0.4134342181,0.3951616092,0.3713504839,1.01189683,1.077155273,1.15240242,1.809073534,0.2215089432,1.268904671,1.764058705,-0.1346266956,0.003095346383,0.5736303902,0.2238842675,0.0984957733,0.4716480111,0.07701456644,0.7106757105,0.2706000715,0.1916745385,0.6831002069,0.1370094002,0.7223305492,0.1459287758,0.3962246563,0.2850303278,0.7742898763,0.03094402286,0.434310169,0.6896204625,0.9000569088,0.2787788485,0.5291861753,1.004718222,0.9356135693,0.1081658866,0.5809548216,0.1524529061,0.06856493439,0.1029020755,0.3575248321,0.03338051001,0.002314898439,0.2818685388,0.324171563,0.1408619206,1.196038783,1.572952316,0.288571814,1.890073638,1.134692668,1.707521192,1.561781667,1.160383857,1.72905684,0.7017011019,0.2101247752,0.1406900372,0.2247537327,0.8083944378,1.021283909,1.847406288,0.5173048251,0.6592086925,0.6232351542,0.5085955498,-0.09907597423,0.2875418199,1.173612734,1.072912849,0.2662307288,0.3521491831,0.3205414311,0.8474262086,0.3786252306,1.255598465,0.5902015716
0.3001725763,0.1860338497,0.4805746817,0.1474907912,0.6170451089,0.909506258,0.4127561286,0.3943773926,0.3672407928,1.002598269,1.081301712,1.173244002,1.863965191,0.2190400445,1.254108498,1.758663797,-0.1377793627,0.007103266418,0.5738291512,0.2147865703,0.09760366135,0.4764558987,0.07612265324,0.708640464,0.2734324205,0.1939760602,0.6793087717,0.1352220725,0.7264935773,0.147305243,0.4038260063,0.2881963913,0.7794411962,0.03110097581,0.4361690004,0.6746468939,0.9165854203,0.2805204247,0.5407167739,0.9915680157,0.9661433373,0.1146049343,0.5862656502,0.1506191275,0.06694283501,0.1027236525,0.3687130936,0.03416670369,0.0006415392745,0.2853464396,0.3264134958,0.139084546,1.167091869,1.571229871,0.2886999925,1.879456385,1.111087293,1.70561726,1.55814155,1.168638676,1.665926622,0.6996188335,0.2049283814,0.140171733,0.2243878726,0.7996771757,1.019496432,1.837310328,0.5176248099,0.6609018513,0.6202339965,0.5005900217,-0.09510511871,0.2874611986,1.180138334,1.073172543,0.2673274058,0.3527116398,0.3256372674,0.8480192773,0.378071381,1.25769793,0.5868535582
0.299993539,0.1856764977,0.4743119143,0.1451023321,0.6138881336,0.910136934,0.4090719405,0.3947136522,0.3638140974,0.9953348579,1.082287031,1.191355655,1.913604238,0.2173318015,1.238211036,1.739834844,-0.1392638232,0.01055417318,0.5788651856,0.2096592592,0.09630956763,0.479143558,0.07619483197,0.7076182143,0.2702261914,0.1966133055,0.6765645363,0.1403679632,0.7324725724,0.1484199196,0.4178536393,0.2911328339,0.7871488456,0.03013233945,0.439896599,0.6570958067,0.9288041675,0.2799562799,0.5483122525,0.9697617379,0.9961833447,0.1228768845,0.5915802888,0.1516755039,0.06446043985,0.1050259225,0.383881684,0.03762515657,-0.001658731726,0.2906439933,0.3309421143,0.1376853272,1.138678736,1.568207309,0.2857997981,1.868934903,1.085945387,1.704800991,1.558229162,1.171633137,1.601930293,0.6979094572,0.2006607959,0.1413714045,0.2209716894,0.7930810385,1.023304747,1.829936375,0.5169783136,0.6601608508,0.618538039,0.4933679686,-0.0957627365,0.2860709289,1.194932621,1.076670884,0.2666392128,0.3535114007,0.3274636117,0.8473117012,0.3799868766,1.254923989,0.5847141958
0.2944225215,0.184073222,0.4743753116,0.1440236246,0.6056816771,0.9053743089,0.4089639594,0.3969025852,0.3656210499,0.9878623199,1.087143336,1.209355313,1.964813023,0.2171162429,1.220101915,1.730093663,-0.1415341992,0.01472936109,0.5794583758,0.202870605,0.09224852577,0.4810423491,0.07640458875,0.7024795441,0.2621559056,0.2000062631,0.670380457,0.141623357,0.732810206,0.1514758671,0.4411965766,0.2958620358,0.7885604938,0.03055064392,0.4466439105,0.6355513066,0.9372728604,0.2771824772,0.5613817661,0.948990484,1.016354287,0.1415838033,0.5972518645,0.1513080918,0.06466905324,0.1046515276,0.3996489725,0.03752137722,-0.001306051579,0.2953842687,0.335183152,0.1355220828,1.119865408,1.565026597,0.284644842,1.858186831,1.06252093,1.705837319,1.560499786,1.165891498,1.537370924,0.6996801418,0.1968846884,0.1403330889,0.2127604665,0.7907650771,1.02586901,1.814428102,0.5156587186,0.6588069351,0.61927594,0.4898541833,-0.0947498595,0.2837520618,1.211312442,1.079888574,0.263711294,0.3536359761,0.3330804862,0.8472366506,0.3784079221,1.253882509,0.5787414989
0.2923946852,0.1845064182,0.4749916289,0.1402180189,0.6053451663,0.9012371653,0.4043502605,0.3967309765,0.3625543153,0.9787473335,1.090032412,1.225197998,2.007931278,0.2171680635,1.202045791,1.721343283,-0.1447157208,0.01888586483,0.5831252274,0.1964128358,0.08698043536,0.4827349262,0.0778348743,0.6973088087,0.2574221698,0.2003937525,0.6662267086,0.1440989635,0.7339635076,0.1541646178,0.4706807807,0.2988590506,0.787690166,0.02826441377,0.4493190613,0.6100278914,0.9411510511,0.2749035813,0.5736734109,0.9253646409,1.02657681,0.1618150004,0.6027985728,0.1506422793,0.06561000176,0.1049408807,0.4161167564,0.035287242,-0.0001935287093,0.303748776,0.3373902534,0.1328368757,1.10074742,1.562363442,0.2836768734,1.846811393,1.041212244,1.707460883,1.560661973,1.158776198,1.471299103,0.7014003554,0.1919137868,0.1377037321,0.2044389998,0.787918608,1.028841849,1.797606603,0.5151734809,0.6562159359,0.6192038035,0.485762911,-0.09519441883,0.2867790846,1.221368393,1.081085897,0.2600929843,0.3533924641,0.3436226982,0.8454598752,0.3786829203,1.255012259,0.573602955
0.2913803996,0.1878364299,0.4789741384,0.1393275004,0.5988132184,0.9026657393,0.4017569314,0.3975909812,0.3649090296,0.9696298768,1.088567825,1.241354119,2.046689269,0.2153351493,1.179147881,1.706879645,-0.1444265297,0.02185266876,0.5885839795,0.1879225038,0.08546620964,0.4831129739,0.07963509269,0.6904125098,0.2503359251,0.2012552247,0.6577820903,0.1445141834,0.7369200086,0.1547616619,0.5128508615,0.3038836159,0.7789521239,0.02703935144,0.4522580942,0.5823214096,0.9411165689,0.2719576804,0.5866364964,0.9015639934,1.027463871,0.1871990592,0.6037237689,0.1494896147,0.06410711004,0.1049124265,0.4283733756,0.03428738959,0.004702403709,0.2993988876,0.340489649,0.1278835708,1.087025717,1.560914101,0.2825955382,1.834488002,1.01984832,1.710868566,1.558311435,1.149857982,1.409442894,0.7029990141,0.1840429109,0.1376956112,0.1988210813,0.785924506,1.030298458,1.778932538,0.5139905785,0.6559320519,0.6194465418,0.4865604558,-0.09573692594,0.2884928453,1.232270952,1.082333905,0.2555134023,0.3513249622,0.3501878884,0.8467361688,0.3778723917,1.257115408,0.5725142388
0.2912133662,0.1897008952,0.4843847914,0.1345650522,0.5890073909,0.9036643038,0.3984537065,0.3965761785,0.3660202479,0.9596983753,1.088325814,1.262060997,2.077622263,0.215448249,1.153973296,1.688841246,-0.1442052146,0.02341225909,0.5897981535,0.1871338085,0.08313801773,0.4849763926,0.08004806294,0.6787512529,0.2470422048,0.2017305446,0.6494317717,0.1485372931,0.7410463509,0.1521649334,0.5669029346,0.3081259916,0.7730609271,0.02530908892,0.453780301,0.5516028802,0.9401993867,0.2670607221,0.597309645,0.8719626873,1.023851518,0.2137517931,0.6035828298,0.1497557268,0.06336818932,0.1066435964,0.4405431497,0.0325746227,0.009198555714,0.2933267124,0.3404148837,0.1260556544,1.073499848,1.558452552,0.280093409,1.831055373,0.9992555751,1.712512122,1.557864296,1.132243233,1.346028916,0.7053028061,0.1795334351,0.137205407,0.1928057553,0.7908548536,1.027569228,1.761240829,0.5112744794,0.6562521814,0.6190540185,0.4871409231,-0.09462716006,0.291431833,1.240360297,1.083777822,0.2502152171,0.3520687297,0.3562275158,0.8451175249,0.3771195879,1.257617102,0.5728027216
0.2873345669,0.1903909382,0.4835092951,0.1297848435,0.5836015999,0.9060447624,0.3944520788,0.3958687771,0.374390075,0.9500152172,1.087330511,1.286054618,2.099769652,0.2152924602,1.13035529,1.664639466,-0.1459263212,0.02472483429,0.5874830828,0.18974073,0.0851445801,0.4896517189,0.07992481945,0.6628000938,0.2472543722,0.2029930476,0.6426443836,0.1490245902,0.7469609698,0.1522825339,0.6188740938,0.3127948023,0.7613313577,0.02158006459,0.455808763,0.5220017931,0.9387831112,0.2617984969,0.6068125646,0.843302729,1.018252296,0.2380427556,0.6004363111,0.1469194596,0.06335560165,0.1094337575,0.4487176429,0.03055972039,0.009952056016,0.2913712392,0.3409063861,0.126458767,1.068676447,1.554469728,0.2775486998,1.827584092,0.9778361172,1.713642476,1.559123262,1.116099385,1.284931958,0.7043918082,0.1748237001,0.1346571665,0.1891645709,0.7902734009,1.02893361,1.740621841,0.5091946169,0.6554615322,0.6172263637,0.4862902872,-0.09208894509,0.2912865732,1.254486568,1.091739698,0.2500993052,0.351404278,0.3631852655,0.843032951,0.3753985281,1.258963327,0.575576441
0.2843489529,0.1932742599,0.4823481701,0.1265038838,0.5787856474,0.9069000852,0.393883396,0.3993223844,0.3822713187,0.9449415061,1.089024667,1.308298625,2.114546125,0.2157171626,1.101508884,1.645741942,-0.1463847989,0.0272594671,0.5829552909,0.1928640878,0.08772405198,0.4934688005,0.08199911463,0.6465571181,0.2498994097,0.204255722,0.6389737413,0.1515055271,0.7502056511,0.1524251178,0.6787400652,0.316498828,0.7493380741,0.02079330671,0.4584848851,0.4868414269,0.9368810666,0.2558925576,0.6134621075,0.8188732092,1.00647321,0.2629780939,0.5985500347,0.1452071169,0.06146261748,0.1123484572,0.4512467996,0.03051141974,0.01673750975,0.2860161068,0.3427484837,0.1254754011,1.071589841,1.54810247,0.2733242079,1.830483851,0.955666553,1.713834185,1.558349702,1.096109431,1.230700136,0.7061564327,0.1691976396,0.1333288534,0.1882699625,0.7843160013,1.027961735,1.716958751,0.507835497,0.6519490776,0.614345505,0.4849770795,-0.08920469212,0.2912209287,1.262240295,1.097457619,0.248876952,0.3513092821,0.3676909411,0.8402941047,0.3726220648,1.261970099,0.5755783015
0.2847392826,0.1952541202,0.4858168888,0.1220030053,0.569812212,0.9079470373,0.3910809648,0.3990588308,0.3887417978,0.945122302,1.09125158,1.336264253,2.120066193,0.2171423042,1.076158183,1.628251816,-0.1474005503,0.02873195825,0.5842782474,0.1967995914,0.09377396769,0.5013120173,0.08207493602,0.6306072039,0.2523521349,0.2064272122,0.6344083658,0.1552226218,0.7559574431,0.1543344455,0.7394717644,0.3222000276,0.7367920175,0.01846286124,0.460163373,0.4541582725,0.9358431003,0.2494046881,0.6200481988,0.7917820595,0.9952966472,0.2793549386,0.5927122001,0.1467896856,0.0591708712,0.1131829762,0.4530146285,0.02886627902,0.021678307,0.2801478927,0.3473933606,0.1262994278,1.079444692,1.541306266,0.2733390198,1.839264424,0.9332954204,1.715330528,1.558686624,1.071652703,1.168365642,0.70945279,0.1619275743,0.132619663,0.1944939029,0.7737655103,1.026847173,1.695061251,0.5049105214,0.6491382539,0.6099545419,0.4833760987,-0.0848993582,0.2910804749,1.273661032,1.104490977,0.2472527445,0.3485658528,0.3702599363,0.8368322728,0.3707595304,1.267463899,0.5749908881
0.2854179092,0.195836058,0.4890037962,0.1196503049,0.5646970376,0.9132301142,0.3918613334,0.3972441682,0.3930194025,0.9388105789,1.091853596,1.36044904,2.111212806,0.2171448449,1.04725512,1.606503031,-0.1481364384,0.02644991305,0.5788891441,0.203505583,0.09943024944,0.5063519813,0.0819356041,0.610938807,0.2540025849,0.2077864247,0.6341412377,0.1574159454,0.76413344,0.156570937,0.8026283542,0.3257424501,0.7203216589,0.01795825671,0.4611406083,0.4230863437,0.9332117919,0.241855728,0.6260437102,0.7622005159,0.9775153349,0.3002793413,0.5859079857,0.1478591901,0.05886630815,0.113173858,0.4519683916,0.02750471073,0.02055699832,0.2776572395,0.3469928876,0.1240381713,1.089278259,1.536978927,0.2766842457,1.844510275,0.9152711626,1.715185785,1.558881739,1.047565805,1.11842011,0.7138338961,0.1571324014,0.1323572118,0.198909345,0.7645363072,1.026328513,1.672003216,0.5043199708,0.6461301123,0.6085437057,0.4837002594,-0.08048689942,0.2961722813,1.282859967,1.107117637,0.2490459376,0.3487102881,0.3734607986,0.8325122427,0.3709583445,1.266909892,0.5734258675
0.282992598,0.1981903313,0.4973100017,0.1161536829,0.5595656323,0.9173141737,0.3908691008,0.3958714388,0.3905245631,0.931323605,1.095875463,1.3873161,2.089430126,0.2191274603,1.017965622,1.586935385,-0.1471573199,0.02631973256,0.5755101661,0.2102043049,0.1024895179,0.5115807468,0.08148361012,0.5906608018,0.2575929435,0.2057774655,0.6299667013,0.1555046265,0.7719371486,0.1603534854,0.8699831148,0.327284648,0.7050902789,0.01658962056,0.4650774143,0.3919540412,0.9316153998,0.2342386853,0.6314559999,0.7296800786,0.9616579575,0.3159941456,0.5790436064,0.147886644,0.05741514255,0.1151835676,0.4442072316,0.02499131519,0.02081729747,0.2721452651,0.3475378951,0.1235596299,1.100061601,1.532729052,0.279898189,1.846862856,0.8938281821,1.715253693,1.561243846,1.023514094,1.071646189,0.7139143134,0.1534464506,0.1342701341,0.2016304576,0.7656676267,1.02493696,1.64825981,0.5038982236,0.6422061251,0.6080030563,0.4854790192,-0.07892458838,0.2990717035,1.290659597,1.106371703,0.2499000535,0.3443359026,0.377211056,0.832536811,0.3718067725,1.262921984,0.5749208068
0.2831999709,0.2003105576,0.5014111937,0.1094181236,0.5547743059,0.9191619414,0.3907427665,0.399103846,0.3913748811,0.9267058979,1.094891095,1.409261811,2.056708292,0.2193931037,0.9906955839,1.565375503,-0.1477414795,0.02671224078,0.575778947,0.2175158443,0.1088966241,0.5154264275,0.08070060585,0.5691697037,0.2622948419,0.2063312569,0.6242991069,0.1557869093,0.7799971604,0.1627320849,0.938559315,0.3276955975,0.6972060972,0.01390054986,0.4683900674,0.3615230829,0.9305970184,0.2274748833,0.634537749,0.6977464789,0.9457871521,0.3312688515,0.5724337417,0.1466815997,0.05435800811,0.1154928523,0.4389602762,0.02569676238,0.024616875,0.2666086288,0.344959908,0.1240288518,1.113257204,1.52574117,0.2783576515,1.848629884,0.8752281474,1.713724535,1.564825139,0.9953187188,1.02746054,0.7173537233,0.1482861663,0.1354483037,0.2049101975,0.7536470883,1.024631789,1.630802643,0.5041843225,0.6380968121,0.6041048478,0.4824606584,-0.07757533579,0.3063099579,1.29854564,1.105408446,0.2533668167,0.3431715169,0.3836517543,0.8340034874,0.3722017038,1.265141991,0.576941284
0.2809181344,0.204271519,0.5013711103,0.1056918054,0.5534936059,0.9225213248,0.3914129266,0.3996938063,0.3934813799,0.9198858309,1.093847611,1.426994685,2.012679768,0.2203767137,0.9631216124,1.545187264,-0.1486944222,0.02720847194,0.5741374369,0.2256460955,0.1124765087,0.5180963321,0.07920033391,0.5475962725,0.2668819172,0.2071718171,0.6211243582,0.154492719,0.7892869542,0.1666224784,1.006243678,0.3286972221,0.6960900135,0.01204185671,0.4740411635,0.3301322621,0.9318366447,0.2204513935,0.6359933237,0.6618793494,0.9294090731,0.3500039493,0.5661534507,0.1488775125,0.05463677062,0.112480831,0.4354291245,0.02572523794,0.02937337815,0.2671359641,0.3486003072,0.1263300739,1.126915692,1.518430284,0.2805622946,1.847808091,0.8526210705,1.713143473,1.566517895,0.9719148314,0.9837735921,0.7202009734,0.1453220382,0.1351835916,0.208610944,0.739564408,1.028721131,1.613928818,0.5041368613,0.6335754963,0.6051582658,0.4776231304,-0.07703896145,0.31054168,1.305566954,1.102976214,0.2561162017,0.3437324649,0.3899439046,0.8349032694,0.3728998653,1.265080615,0.5730818539
0.2781989736,0.2061364496,0.5011381763,0.1006820593,0.5467842377,0.9256791167,0.3917594106,0.4011497951,0.3932434307,0.9233742196,1.089376034,1.439785356,1.960531124,0.2222333497,0.941221572,1.52834761,-0.1490812799,0.02535541358,0.5738943877,0.2340334802,0.1182180705,0.5196050338,0.07764471371,0.5313679667,0.268170717,0.2079814207,0.6181958185,0.1566986504,0.7973130989,0.1709031485,1.072180707,0.3284043405,0.7068337129,0.008821973,0.4780187119,0.3008822491,0.9337053629,0.2134924518,0.6366869992,0.628959897,0.9020764396,0.3721052285,0.5623094412,0.1513108416,0.05240954653,0.1100635987,0.4272007628,0.02570722708,0.04082685308,0.2631569282,0.350026341,0.1269934,1.146842461,1.511229519,0.2811379338,1.848161175,0.8308045993,1.715539427,1.566745936,0.956822121,0.9387802349,0.7225897388,0.1417682437,0.1345447665,0.2103774446,0.7232563352,1.029967047,1.602220468,0.5039826775,0.6272638071,0.6046123186,0.4741236921,-0.07676563423,0.3117836349,1.320583113,1.106807145,0.259772416,0.3447420774,0.3968483454,0.8352743117,0.3721600565,1.269599247,0.5744638714
0.2791412768,0.2073625205,0.5002825854,0.0959542597,0.5377942916,0.9248100604,0.3900421364,0.402473867,0.3914944738,0.9198927015,1.077268909,1.454192018,1.901644513,0.2232147209,0.9162985556,1.508810451,-0.1496262244,0.0242583386,0.5782295628,0.2370982121,0.1161382533,0.5184689406,0.07766171281,0.5128100744,0.270440686,0.2077068562,0.6153723005,0.1587666386,0.8044300165,0.173476797,1.142617573,0.3304020315,0.7253968768,0.007095123994,0.4820609264,0.2756649506,0.9349377653,0.2055608247,0.6370214799,0.5976143114,0.8682492716,0.3975753386,0.5561635082,0.1564864116,0.05011196491,0.1077068488,0.4154004897,0.02502667957,0.05162321169,0.2589900306,0.3476711617,0.1255800799,1.166713431,1.504171097,0.2821087703,1.852422695,0.8086375267,1.716489185,1.566778463,0.9612070343,0.897909706,0.7255052419,0.1415493442,0.1331517173,0.2189545277,0.7139996217,1.032105809,1.593590933,0.5041986027,0.6216241546,0.6035262573,0.4678780717,-0.07687359738,0.3145271794,1.335933767,1.106252905,0.2589044642,0.3457268094,0.3994947057,0.836414134,0.3729836152,1.266759288,0.5740430977
0.2769101914,0.2105023788,0.5065509426,0.09246675579,0.5367960928,0.9262108827,0.3882935013,0.4036713921,0.3910880197,0.9171831557,1.065337942,1.46374252,1.833220807,0.224506261,0.8948012594,1.485706837,-0.1491573862,0.0204936875,0.5896944843,0.2374426983,0.1152054321,0.5138209133,0.07816308513,0.4953590864,0.2667768981,0.2054877484,0.6097854641,0.1655778126,0.8096225679,0.1736663736,1.210634989,0.3311633066,0.7480429846,0.005507839631,0.4865381522,0.2569148318,0.9344962066,0.1980666704,0.6372339095,0.5635809418,0.8302315348,0.4170449854,0.5501468414,0.1609886294,0.05078982297,0.1065882917,0.4027063682,0.02446755417,0.06224811702,0.2531356087,0.3454523317,0.1195774395,1.188675091,1.497335312,0.2838323813,1.865113976,0.7863516162,1.716599214,1.563201663,0.9840273892,0.8642901054,0.7293201979,0.1419425333,0.1331834625,0.2222242098,0.6974456542,1.040385726,1.59379614,0.5048082108,0.6191837808,0.6046842411,0.4672374437,-0.07860647873,0.3211623391,1.343317506,1.106410543,0.2563611767,0.3471418546,0.3983646022,0.8337058895,0.3709620574,1.265254281,0.5755678537
0.2764391827,0.2153655608,0.5093663964,0.0926358762,0.5361816282,0.9273307009,0.3904142793,0.4048318403,0.3897998578,0.9141849695,1.058531047,1.474435231,1.76627909,0.2256426412,0.8733050927,1.468904457,-0.1489904558,0.02058003743,0.6000342208,0.2377486087,0.1133864563,0.5099958609,0.07641032257,0.4754493764,0.267371066,0.203239638,0.6047506881,0.1673841446,0.8114472815,0.1718504362,1.275248454,0.3331455378,0.7741497009,0.007099866259,0.4921129534,0.2419534356,0.9326422573,0.1925438738,0.637243294,0.5393218347,0.7914695108,0.4467362808,0.548854698,0.1616760856,0.05143058494,0.1056627742,0.3877047087,0.02225434836,0.07086289107,0.2455120884,0.3441677851,0.116231559,1.208544513,1.491335038,0.2845596484,1.8827486,0.7633327874,1.716295197,1.555721732,1.01469302,0.8363725075,0.7331703641,0.1436023004,0.1331317382,0.2222599765,0.6784464381,1.04273456,1.590136865,0.5051375417,0.6179842529,0.6051933708,0.4640658396,-0.07829216345,0.328883725,1.347492285,1.104360333,0.2559285159,0.3479637754,0.3986974916,0.8326952463,0.3679289151,1.268547599,0.5729100619
0.276851397,0.2186633116,0.5132665575,0.0897350211,0.5392498234,0.9335748418,0.3879605595,0.4050037292,0.3835081498,0.9136953846,1.048709554,1.484207563,1.700148044,0.2250910286,0.8533454445,1.442176552,-0.1474332134,0.02029190774,0.6108938285,0.2418047645,0.1181868857,0.5120700093,0.0756248224,0.4566438455,0.2706765211,0.2034835544,0.6030403076,0.173333962,0.818782407,0.1739053815,1.328414902,0.3343665975,0.8020563346,0.01023784852,0.4985731252,0.2311141804,0.9308611252,0.187229267,0.6372074891,0.5225218712,0.7520761653,0.4697151914,0.5409743384,0.1643949087,0.05009404208,0.1049966894,0.3780450426,0.02295958521,0.08229453144,0.2424525693,0.3412859177,0.1125669651,1.226869404,1.48326641,0.2822317866,1.906985069,0.7417952517,1.71429249,1.544371328,1.055199812,0.8095384652,0.7358168364,0.1434781425,0.1348043108,0.2225265338,0.6609496477,1.0507069,1.592942134,0.507297655,0.6148537701,0.6024905523,0.4614469096,-0.07967291816,0.3337314695,1.354545873,1.108972622,0.2608565542,0.3481220359,0.4012603944,0.8303005734,0.369282645,1.266646409,0.5783728687
0.2771662738,0.2214304629,0.5173141004,0.08769760776,0.5339628955,0.9352330437,0.3903585069,0.4056909111,0.3789134765,0.917063114,1.036179028,1.501345621,1.637005757,0.2240386683,0.8297122576,1.423656832,-0.1461513803,0.01882639389,0.6138989132,0.2436727642,0.1230489492,0.5137523577,0.07387222848,0.4374519174,0.2722659698,0.2005844289,0.6018137874,0.1734453918,0.826567379,0.175214334,1.373897772,0.3344931707,0.8311853781,0.01733397297,0.5072724927,0.2260986367,0.9285340567,0.1801654487,0.6371282546,0.5083085656,0.7123649547,0.4973730502,0.5359171239,0.1653565491,0.05074226495,0.1063082859,0.3711293927,0.02373323702,0.09399161768,0.2386988238,0.338832197,0.1080329337,1.250705275,1.475496664,0.283792062,1.933792169,0.7201784063,1.713127612,1.529971401,1.101930155,0.7846399544,0.7387671959,0.1434487261,0.1356320841,0.2256295991,0.6613960395,1.052868407,1.595136009,0.5087093269,0.6133877251,0.6022077857,0.4585388203,-0.07986744596,0.3346262016,1.370890725,1.108563491,0.2655535253,0.3477832066,0.3995364121,0.830498509,0.3663787528,1.26272135,0.5797414806
0.2767330732,0.2227140762,0.5182994172,0.08487512844,0.5336263847,0.9355770229,0.3937217807,0.4056083521,0.3706644246,0.9183970051,1.021081632,1.514894932,1.572979123,0.2251057698,0.808917437,1.406586342,-0.1454485104,0.0173463635,0.6149375837,0.2487245064,0.1275369794,0.5129212753,0.07272718381,0.4158994816,0.2740901149,0.2000168219,0.6030442095,0.1748660763,0.8334756644,0.1762119455,1.40608965,0.3330549253,0.8638303615,0.02273007542,0.5154283874,0.2239820012,0.9248108434,0.1732499394,0.6370231062,0.4930198483,0.6669976147,0.5250362083,0.5348263963,0.169969159,0.05179179247,0.1087804564,0.3649252985,0.02466517404,0.1030273829,0.2431037272,0.3369863433,0.106096883,1.267979566,1.466509489,0.2823120204,1.964546023,0.7004501716,1.711992652,1.518737221,1.150498797,0.7582344596,0.7444273264,0.1422561408,0.1349984269,0.2275456427,0.6657417644,1.057693701,1.598824106,0.5097087804,0.6101582474,0.6010373867,0.4551246328,-0.08106752674,0.337793343,1.373975607,1.109171948,0.269465452,0.3477897358,0.396050952,0.8250828448,0.36500187,1.261076644,0.5773531842
0.2787115875,0.2263282324,0.5210750602,0.0862908082,0.5354392056,0.9366534345,0.4003045316,0.4083978455,0.3613216767,0.9211823585,1.01279969,1.525002559,1.511037595,0.2262612934,0.7913507146,1.39114335,-0.1468687421,0.01805453598,0.6185193228,0.2468297147,0.1296537181,0.5123160773,0.07123129656,0.3978681915,0.2735990351,0.1998854876,0.6032893037,0.1790757522,0.8397789038,0.1761313443,1.425166157,0.3324129072,0.8969356164,0.02857119482,0.52457903,0.2305543395,0.9212468776,0.1663044556,0.6366724427,0.489060635,0.6242697802,0.5588807648,0.5327374226,0.1702625033,0.05227091553,0.109712572,0.3613560497,0.02796389559,0.1085035428,0.2440221161,0.3361125809,0.1054910447,1.282786971,1.460684607,0.2821056662,1.985241559,0.6809554318,1.71171746,1.505066492,1.206215151,0.7413081423,0.745662913,0.1435897842,0.1361185509,0.2332981401,0.6698124994,1.060583086,1.601321372,0.5121315491,0.6069220849,0.6013012629,0.4506965855,-0.08133392703,0.3417419966,1.383834246,1.114353739,0.2709399145,0.3467763394,0.3933067542,0.8235955068,0.3660491122,1.261757456,0.5730711676
0.2836660392,0.2279839322,0.5289337353,0.08611387797,0.5390755513,0.9368785082,0.4076172244,0.412086615,0.3516739538,0.9266125665,1.005784225,1.535611388,1.453858992,0.2274799074,0.7717556325,1.374794133,-0.1473410983,0.01758171858,0.6249666427,0.2440910019,0.1275826166,0.5097286515,0.06917905974,0.3826850824,0.274699137,0.2000867229,0.6001416055,0.1820056533,0.8445513719,0.1748855047,1.442916623,0.3322145161,0.9275129021,0.03409630065,0.5303479683,0.2401914341,0.9170569021,0.1610628025,0.635789692,0.4892135594,0.5788798713,0.5998673742,0.5345083223,0.1762082018,0.05302830093,0.1114350361,0.3544264718,0.03000290879,0.1148249601,0.2464682137,0.3358158582,0.10178652,1.292488613,1.455752059,0.2859833103,1.994740943,0.6646307168,1.71169742,1.490417121,1.264770715,0.7228593092,0.7532303667,0.1444245873,0.1382998765,0.2393896604,0.680858629,1.060846026,1.606321349,0.5144672012,0.6042009513,0.601915119,0.4466771179,-0.08420662039,0.3461322043,1.389702839,1.114132886,0.2707599034,0.347536059,0.390031349,0.8225163674,0.3656355465,1.268991895,0.569465967
0.2881807984,0.2304836899,0.5368097936,0.08609683114,0.542608845,0.9322385601,0.4127037417,0.4127201429,0.3444044876,0.9282223604,0.9970406871,1.546165377,1.404346186,0.2286803841,0.7569790228,1.355453473,-0.1483152462,0.01628403454,0.6328375367,0.2429202997,0.1268437438,0.5049746436,0.06656494188,0.3641814619,0.2722720105,0.1995179503,0.5985173605,0.1841847469,0.8516597503,0.1737889113,1.456034226,0.3338655784,0.9542333814,0.03866905876,0.5366980967,0.2554084204,0.9094326705,0.1552556225,0.6343997817,0.4794102413,0.530718603,0.6466817134,0.5313501307,0.1820049662,0.05213816155,0.1128471617,0.3493339531,0.02683349732,0.1125878533,0.2501268492,0.3307939655,0.1004921894,1.290683165,1.449459913,0.2914127609,1.998537026,0.6522727557,1.713269269,1.474934165,1.330108153,0.7065425683,0.756095045,0.1459822505,0.1409892168,0.2422539869,0.6912781347,1.061082338,1.614479368,0.5161866924,0.6036970749,0.6005653955,0.4389837599,-0.08683095881,0.3515684766,1.397017163,1.111721497,0.2724198897,0.3459853831,0.3879247075,0.8213883084,0.3647778012,1.269926096,0.5648171807
0.2933407448,0.231163186,0.5356121299,0.08326416336,0.5455157808,0.9277738748,0.4158515878,0.4170604651,0.340393212,0.925810796,0.988755417,1.550772595,1.35727279,0.2286708501,0.739058668,1.340513072,-0.1489824191,0.01546694126,0.6409314389,0.2383699269,0.1188658896,0.4956431482,0.0648175084,0.3464848205,0.2696174168,0.1984004944,0.5928423558,0.1875449786,0.8575919036,0.171504297,1.466811847,0.3341303584,0.9776063887,0.04525262908,0.5436026051,0.2712700807,0.9015046164,0.1511727999,0.6332117968,0.4647120083,0.4805807391,0.697548626,0.5289803874,0.1838843829,0.05352772265,0.1130319078,0.3442461452,0.02870928219,0.1147706856,0.2515194042,0.3253654344,0.0970010711,1.286043274,1.440586038,0.2945474826,1.989289409,0.6365574757,1.712385472,1.456298855,1.395116886,0.7003681569,0.7595135322,0.1467401492,0.1432634247,0.2406264807,0.6939637307,1.062125013,1.619443863,0.5188527196,0.6010353315,0.5987534202,0.4331729181,-0.09083146339,0.3532679684,1.399268542,1.116723326,0.2692100279,0.346812003,0.3861462516,0.8194943344,0.3609172122,1.268188625,0.5663516213
0.294655127,0.2333209468,0.5375634716,0.08039982019,0.5478591135,0.9229564578,0.4193135771,0.4207754779,0.3373391622,0.9285626458,0.982078878,1.558461411,1.320091274,0.2318108506,0.7237296744,1.325517065,-0.1492139979,0.01788132101,0.6526361932,0.2297529628,0.1097715623,0.4831417098,0.06334968316,0.3364411554,0.2627787421,0.193443318,0.5840961486,0.1943615294,0.8598968901,0.169764797,1.469098757,0.3346357725,1.001442107,0.04749203221,0.551040484,0.2912179965,0.8920904877,0.147747965,0.6323393904,0.4541814365,0.4375036534,0.749087715,0.528788774,0.1851768895,0.05531066899,0.1154106971,0.3429088547,0.03023307967,0.1160593926,0.2510411364,0.3230592956,0.09507050037,1.285278237,1.430993828,0.2952282558,1.980987249,0.6246969531,1.712908598,1.436321684,1.463889476,0.6886720737,0.7598802758,0.1455506093,0.1460605509,0.2386690773,0.6932982753,1.059710658,1.62704467,0.5176945138,0.5996858835,0.5975576556,0.4246198448,-0.09692385878,0.3554116222,1.405596831,1.121848167,0.263315601,0.3468456881,0.3875778862,0.8178989999,0.3551747886,1.26632796,0.5642782374
0.2990400077,0.2346405434,0.5383136049,0.08270732667,0.5490273867,0.916461128,0.4238937769,0.4249670726,0.3386086192,0.9345581691,0.9727519463,1.566869165,1.28341027,0.2331741345,0.7133955854,1.304918305,-0.1490962236,0.01996294446,0.6684510526,0.2223697825,0.1020142078,0.4729555959,0.06240431049,0.3290718195,0.2551763141,0.1930744437,0.5784896719,0.2030843005,0.8614129042,0.1643875335,1.468006608,0.3351272262,1.023415054,0.05404946279,0.5574409021,0.3190947185,0.8806468521,0.1452826974,0.6292251956,0.4418270645,0.3861300835,0.8024387193,0.5311825903,0.1877664264,0.05751005018,0.1178879536,0.3484716475,0.03210586711,0.1167813367,0.2524322557,0.3225249891,0.09359822641,1.289149035,1.420249505,0.2961098161,1.977142199,0.6140630709,1.712610137,1.417160299,1.531565425,0.6802608037,0.7625265711,0.1470833404,0.1444713554,0.2408831765,0.6891321032,1.061881947,1.638420551,0.5177560724,0.6000028889,0.5961654421,0.4141707399,-0.1028761712,0.3589011369,1.407684819,1.126277759,0.2594988683,0.3511700158,0.3854504587,0.8141246816,0.3520375806,1.266339822,0.5600088631
0.3024888319,0.2361270284,0.539928191,0.08359598189,0.5486742952,0.9119696161,0.4284347756,0.4266553284,0.3387680941,0.942901492,0.9654767986,1.570961973,1.251608808,0.2357322099,0.7013402777,1.288629253,-0.1482492745,0.02251008022,0.6776917892,0.2170402703,0.09639282504,0.4640370075,0.06132641902,0.3279108115,0.25031607,0.1936096199,0.5783051709,0.209443173,0.8695177264,0.1641095633,1.464473854,0.3379399653,1.038937289,0.05769560056,0.5650612893,0.3499418038,0.8722965674,0.1434616197,0.6242961246,0.4327777421,0.3364069932,0.8581543696,0.5306044943,0.1930092784,0.06058602442,0.11864018,0.3529888179,0.03161187003,0.1200884929,0.2633902683,0.324572284,0.09115543139,1.290091075,1.414897242,0.301020041,1.973504108,0.6043229648,1.714152069,1.396383894,1.599205504,0.6806924925,0.7660563952,0.1476510868,0.146282444,0.2413427463,0.6891733121,1.063450113,1.645937073,0.5170847229,0.6007241039,0.5951100976,0.4096790664,-0.1093831239,0.3562105699,1.415447308,1.129419705,0.2572789235,0.3530149044,0.3833855235,0.8133383653,0.350503671,1.26547024,0.5587304647
0.3070649578,0.2351308167,0.5418429259,0.07956991707,0.545785829,0.9042804635,0.4312570747,0.4285691272,0.3358227259,0.9547351334,0.9600003297,1.57900879,1.222949289,0.2374487794,0.6891463996,1.271225222,-0.1469900668,0.0227537706,0.6872751617,0.2116419899,0.09108009042,0.4549931103,0.06113821467,0.3262219899,0.2453106509,0.191484959,0.5754575533,0.2158933124,0.8736431153,0.1621896474,1.456670934,0.340312309,1.045111175,0.05939463744,0.5710469284,0.3876446934,0.863683749,0.1405537817,0.6157638283,0.4217005243,0.284252492,0.9087580811,0.5309379472,0.1929515765,0.0598723207,0.1203527013,0.3561015158,0.03043256636,0.1201239481,0.2723232312,0.319642909,0.08900244887,1.286496557,1.411442034,0.303460021,1.980256237,0.5970496956,1.715106765,1.379155142,1.658125156,0.6874942225,0.7659810648,0.1475573827,0.147986485,0.2393757757,0.690440485,1.062365129,1.651483052,0.5180882489,0.6008978404,0.5928700124,0.4052799905,-0.1144645395,0.3550747192,1.421408828,1.131292116,0.2537036349,0.3525736596,0.3827472505,0.8113191623,0.3482426674,1.263265263,0.5581971508
0.309546287,0.2388904573,0.5432283956,0.07948840944,0.5455843423,0.8989724812,0.4353398663,0.4308132084,0.3311924167,0.963845488,0.959806499,1.584060827,1.200162698,0.2390313449,0.67725903,1.256017522,-0.1461547693,0.02313096622,0.6957589158,0.2063690518,0.08793807942,0.4502834036,0.06168245576,0.3198490294,0.2420305469,0.1909441948,0.575499621,0.2229323521,0.8805057197,0.1613790545,1.446085869,0.3426428752,1.040852884,0.06158691575,0.5768946039,0.4265051309,0.8587964877,0.138633922,0.6054372641,0.4111245848,0.2386374203,0.9526617308,0.5300020136,0.1925055282,0.06227556365,0.1220590826,0.3608044609,0.02965749471,0.1164923927,0.2854964623,0.3161880059,0.08820320446,1.283344545,1.408137833,0.3057183445,1.991255189,0.5878848596,1.715037908,1.363293526,1.708312163,0.7040363188,0.7660536084,0.1478227327,0.1512799522,0.2372606849,0.7019774984,1.059391901,1.649830633,0.5175345605,0.603300625,0.5940730013,0.3985952248,-0.1193453386,0.359329428,1.415878549,1.134036891,0.2528227479,0.3514775838,0.3768330557,0.8112396842,0.3499347948,1.264856625,0.5561968059
0.3145016778,0.2398868241,0.5484524697,0.08043022698,0.5490441772,0.8918412097,0.4382435076,0.4357678197,0.3330108179,0.9738893115,0.9634455389,1.591139996,1.179864834,0.2417141671,0.6652586625,1.231125059,-0.1457647486,0.0227934335,0.702334317,0.2071936849,0.08606872261,0.446909949,0.05990922007,0.3171395733,0.240703968,0.1919296308,0.5767276167,0.2311723686,0.88879252,0.1594647302,1.431753322,0.3440939177,1.029728946,0.06414455468,0.5832947722,0.4639231478,0.856736544,0.1371500172,0.5915995593,0.397266456,0.202144376,0.990921656,0.5320037014,0.1893093887,0.06319308745,0.1222272877,0.3673370915,0.03143528474,0.1138473956,0.3033470577,0.315358961,0.09046777683,1.284196217,1.405123979,0.3063575837,1.998296295,0.5802864965,1.71608777,1.345745028,1.740296606,0.722100989,0.7688250858,0.1481424309,0.152558202,0.2314315517,0.7105581146,1.05383151,1.647756591,0.516482555,0.6026007744,0.5929828729,0.3929973712,-0.1227750106,0.3605400882,1.414435587,1.141226521,0.2545063706,0.350777048,0.3734461499,0.8085706796,0.3479268975,1.26729038,0.554047759
0.3175304485,0.2388623841,0.5468871016,0.07841208052,0.5422488974,0.8793221163,0.4411171244,0.437580521,0.3299325808,0.9845118055,0.9587333777,1.598525881,1.161240335,0.2448624941,0.6555490665,1.206503642,-0.1458965629,0.02492427267,0.7017104467,0.2061018932,0.08616187235,0.4457994444,0.05953503746,0.3132431002,0.2409496564,0.1922536642,0.5798697736,0.23401828,0.8991483571,0.1583700997,1.412662359,0.345115035,1.008718218,0.06450828874,0.5923272951,0.500887602,0.8567739479,0.133113527,0.5676789392,0.3866545597,0.1698137098,1.029037784,0.5347460379,0.1879498663,0.0631826672,0.123711763,0.3771096151,0.03128588664,0.107655634,0.3243140844,0.3180083826,0.09578258812,1.283997342,1.404017891,0.3099437137,2.003971758,0.5745190145,1.717237594,1.333757666,1.754804665,0.7372533745,0.777455658,0.1474209094,0.1518178202,0.2303365224,0.7119312532,1.046488067,1.63650778,0.5147434841,0.6001298657,0.5899519081,0.3851325415,-0.1259857121,0.3578291423,1.416045833,1.14861001,0.2590575601,0.3497053581,0.3709898648,0.808612003,0.3468413707,1.271182282,0.551075007
0.3217637702,0.2380059181,0.5513291393,0.07475470297,0.5370848205,0.8714614722,0.4442300459,0.4354755479,0.3305522057,0.9949510333,0.9558982675,1.602196888,1.14320506,0.2485902809,0.6438058697,1.180707891,-0.1446837678,0.02520800057,0.69906841,0.2106022581,0.08894022059,0.4443372333,0.06021496781,0.3110944312,0.2409295537,0.1952883064,0.5814508362,0.2387612341,0.9107428057,0.1598402547,1.384967312,0.3452051823,0.9866305758,0.06469346619,0.5986224711,0.5341158986,0.8575050096,0.1306730002,0.5418317361,0.369241134,0.1396675721,1.053169177,0.5357317453,0.1900374271,0.06273751414,0.1279666509,0.3854817627,0.0322572372,0.1044815646,0.3476298938,0.3188356913,0.09916627021,1.28367081,1.404499872,0.3135839289,2.004386508,0.566515023,1.717984816,1.325500214,1.759669252,0.7515212663,0.7852633462,0.1464122184,0.1512142009,0.2328896445,0.7120023498,1.046286223,1.62696903,0.5147108512,0.5980423061,0.5877498712,0.377857328,-0.1291378213,0.3547654599,1.418466594,1.152159606,0.2623335749,0.3480205602,0.367489532,0.8084713212,0.3478989459,1.269197907,0.553842763
0.3281790594,0.2402876043,0.5521736868,0.07563130647,0.5349293322,0.8617391135,0.4478769038,0.4377039392,0.3314822343,1.005023034,0.951826318,1.601538736,1.124248691,0.2521290232,0.6358496613,1.160604836,-0.1456243812,0.02351429624,0.6952051067,0.2106791168,0.08760666786,0.4432019269,0.05932335817,0.3091004017,0.2395510842,0.196301785,0.5856307498,0.2379651409,0.9214486293,0.1575670614,1.350652656,0.3425065039,0.9608871908,0.06431777338,0.6041037701,0.5678477103,0.8567293201,0.1283884176,0.5141338519,0.3496771205,0.113060661,1.080591593,0.5418782325,0.1935062428,0.0630916359,0.1323594569,0.3962982701,0.03164781286,0.09902412008,0.3721874664,0.3239142072,0.103488431,1.28494589,1.403024232,0.3198387964,2.002603121,0.5595739426,1.720097552,1.322904771,1.758223951,0.7678716302,0.7911268643,0.1478074053,0.1507418534,0.2346154722,0.7141501926,1.039385205,1.616553666,0.5131698749,0.5986189422,0.5868005909,0.3687314806,-0.1323840398,0.3569623893,1.414884875,1.152154025,0.2656554211,0.34798596,0.3622357403,0.8084517013,0.3457770002,1.270255376,0.5499822357
0.3346261956,0.2425816985,0.5509368941,0.07437178359,0.5343239626,0.8536410854,0.4496663437,0.4397985458,0.3310709427,1.013889677,0.9545339247,1.593678682,1.102456569,0.2550417929,0.6295182098,1.142975337,-0.1464347941,0.02368156412,0.6959418832,0.2111277814,0.08931123825,0.4409500266,0.05813733352,0.3067303383,0.2381817252,0.1991537727,0.5872988987,0.2401587426,0.9331455079,0.1569363492,1.313367278,0.3413342019,0.9298635258,0.0604503757,0.6096469876,0.599007946,0.8578330081,0.127163453,0.4825826949,0.3334396836,0.08927797229,1.104915992,0.5441360283,0.1964266901,0.06194945153,0.1355727653,0.4026879341,0.03136686977,0.09293082193,0.3935860006,0.3291188674,0.1075743228,1.282373538,1.400514175,0.324367961,2.000962475,0.5538143155,1.720292822,1.322415717,1.746429051,0.7825739448,0.7995817835,0.1493431819,0.1510589819,0.2375157616,0.7129622675,1.038360463,1.606232195,0.5108783425,0.5974552566,0.583319522,0.3592276884,-0.1338375053,0.3569743111,1.409283533,1.150968548,0.268145851,0.3484124893,0.3572610809,0.8077744231,0.3436655627,1.271680734,0.5493646239
0.3375006309,0.24372386,0.5542878846,0.07335325532,0.5330219245,0.8447657239,0.4496280335,0.4388417865,0.3287259033,1.025537427,0.9603120753,1.581736865,1.084027355,0.2577814165,0.6272761436,1.121420823,-0.1480436455,0.02393831937,0.6979106066,0.2087230609,0.08920565874,0.4422654796,0.05759184448,0.3120421537,0.2383326438,0.2012709944,0.5886893615,0.243375469,0.9435577624,0.1584540321,1.270705941,0.341776562,0.8965994596,0.05761390531,0.6150344791,0.6288664891,0.8581932735,0.1250545708,0.4474086905,0.3182426818,0.0711472066,1.126170805,0.5458691733,0.198258739,0.06374411023,0.1370462437,0.4081198449,0.02907268083,0.08799595121,0.4144279741,0.3329747041,0.1096673742,1.288082805,1.398028894,0.3326585689,1.999816491,0.5487041161,1.72042878,1.323222649,1.730834473,0.8003958083,0.8037465415,0.153670236,0.1518980598,0.238160592,0.7274791128,1.035803886,1.597561222,0.508902383,0.5979673629,0.5803319569,0.3486017056,-0.1363845003,0.3562848205,1.413762779,1.153945225,0.2694034426,0.3480255808,0.355209809,0.8062936395,0.3423876666,1.268201814,0.5496407984
0.3419593312,0.2437081948,0.5576004278,0.07326064742,0.5315018891,0.835376813,0.4490188132,0.4384574297,0.3313523753,1.036232101,0.9582698799,1.564271546,1.066276017,0.2600430077,0.6222127897,1.104521713,-0.1485466314,0.02194220297,0.698983916,0.2098333197,0.09010152169,0.4417139903,0.05895706799,0.316358132,0.2382604029,0.2049721129,0.5885641094,0.2434994139,0.9556139544,0.1591311421,1.225007857,0.3411621026,0.8580742915,0.05349370135,0.6220291038,0.6532300023,0.8590758772,0.1238660831,0.4098531709,0.297720734,0.04870433182,1.144615995,0.5442067576,0.1977224787,0.0630030221,0.1402321976,0.4107917633,0.026379203,0.08574891495,0.4374664519,0.3357793968,0.1104674564,1.296394619,1.39403366,0.3398762766,2.002522932,0.5496398275,1.721041374,1.32692644,1.711373737,0.8229380931,0.8138253328,0.1560723069,0.1548136305,0.2397878038,0.7321409234,1.03905426,1.590523005,0.5051855773,0.5955698858,0.5764966805,0.3402702148,-0.1392969022,0.3525150314,1.41218316,1.153970853,0.2716835953,0.3454988044,0.35002393,0.8085568328,0.3411860947,1.274039041,0.5532996691
0.3426354264,0.2433013657,0.5538865047,0.07093018719,0.523397785,0.8264547718,0.4474642234,0.4402179247,0.3315824772,1.044124051,0.9591305483,1.545310498,1.046856906,0.262883455,0.6160134025,1.090153995,-0.1482637986,0.02026708916,0.6987790107,0.2105696621,0.08991136088,0.4389020826,0.05815497346,0.3199886963,0.2355710999,0.2048000516,0.5920826785,0.2467577178,0.9670670902,0.1611741906,1.174242179,0.3410814949,0.814217002,0.0506874944,0.6307932762,0.6739678849,0.8613641933,0.1227723898,0.3706746762,0.270669619,0.03184975854,1.157082928,0.5411730524,0.1955887918,0.06314815533,0.1419307438,0.4122855387,0.02260352237,0.08416258211,0.4536632602,0.3369298264,0.1120297841,1.307270731,1.387255266,0.3405706133,2.010038736,0.5466637695,1.719916006,1.326935428,1.685479203,0.8528934876,0.8179960182,0.159272402,0.1548725066,0.2408954421,0.7449499778,1.039949435,1.583625116,0.5019007525,0.5941639365,0.5725930136,0.3307592837,-0.1412900952,0.3485404851,1.409907219,1.154165395,0.2738902446,0.3408998518,0.3407152587,0.8125000475,0.3397806297,1.264981219,0.5546462404
0.3478385295,0.24430161,0.5502672686,0.07005727056,0.5168804589,0.8208104953,0.4451114463,0.4399729095,0.3266290793,1.050265786,0.958759132,1.519207098,1.026189702,0.2641811079,0.6103649083,1.075883008,-0.1485923339,0.02031550881,0.7001733067,0.2087136807,0.08916991395,0.4386506437,0.05681089764,0.3311662503,0.2339397623,0.2048658044,0.5877568232,0.2513032593,0.9805338818,0.1612442631,1.114894386,0.3381189413,0.7683683539,0.04698660294,0.6395047999,0.6936455406,0.8655066193,0.1241667564,0.3299465491,0.2454790846,0.01476618005,1.159002176,0.5412151713,0.1953476055,0.0637634919,0.1436371252,0.4119946898,0.0217160209,0.09035335598,0.4712930772,0.3385867824,0.1122040276,1.326528699,1.384884504,0.3412892429,2.016476377,0.5415540769,1.71687963,1.332256865,1.653837822,0.8821714199,0.8260960927,0.1600753122,0.1520618149,0.2430516474,0.7519876386,1.04654761,1.582012727,0.4988466552,0.5912854926,0.569367794,0.3245772201,-0.1422971041,0.3482149451,1.400595213,1.155801007,0.2727203166,0.3382532238,0.3332770123,0.8136848393,0.3378207898,1.262176332,0.55955479
0.3504430821,0.2472629474,0.5575784092,0.07175695844,0.51682505,0.8104593107,0.4433433889,0.4365009973,0.3216635878,1.05818105,0.9602967812,1.490217361,1.006639659,0.2651408705,0.6076086362,1.057322975,-0.1502936555,0.02002283685,0.6974322607,0.2087871391,0.08899744167,0.4395076569,0.05631556269,0.3376661929,0.2322481168,0.2055394113,0.5849784877,0.252520969,0.9911519911,0.163304562,1.05172533,0.3352046024,0.7156929897,0.04158539166,0.6475364135,0.711912929,0.8683763494,0.1227802969,0.288606487,0.2297994298,0.00196417393,1.15794361,0.5387947536,0.1927386424,0.06247450705,0.1450301896,0.4105535539,0.01952274535,0.09276758259,0.4934445959,0.33789313,0.1150129364,1.341941743,1.386357532,0.3424170719,2.03084618,0.5376258376,1.714381293,1.339649407,1.612297949,0.9198106529,0.8314092964,0.161647031,0.1516229198,0.246682774,0.7730488835,1.053012415,1.580421665,0.4946057918,0.5896074501,0.5713481235,0.3176845952,-0.1423857425,0.3497518904,1.396332449,1.152895176,0.2776895023,0.3332104542,0.3237971702,0.8131409506,0.337412303,1.259903643,0.5598358306
0.3552683494,0.247026574,0.5556529717,0.0737080276,0.5068984005,0.800651562,0.4399538325,0.4375172476,0.3147480087,1.064782881,0.9641759302,1.458290078,0.9849751605,0.2653260913,0.6072884379,1.038664693,-0.1509285526,0.02021927827,0.6937614091,0.2068819119,0.09016859833,0.4421123584,0.05732616605,0.3456121971,0.2323911627,0.2086542734,0.5824763956,0.2523793641,1.004082921,0.1659302593,0.9920419245,0.3319979248,0.6653670294,0.04055327309,0.6548926411,0.7252391857,0.8748892196,0.1207281011,0.2450858222,0.2113602734,-0.01414425167,1.149546999,0.5341141848,0.1931695666,0.06329862373,0.1509503125,0.413802664,0.01654264509,0.09602826235,0.5104939082,0.3379648481,0.1171590777,1.353685903,1.389929873,0.3434963153,2.045087494,0.5314490953,1.712367331,1.350216595,1.562148563,0.9592115438,0.8374245812,0.1634864757,0.1493615853,0.2503085037,0.787297305,1.059002654,1.580113405,0.4941450417,0.589669091,0.5734544778,0.310027694,-0.1415033301,0.3479748323,1.390512979,1.154031448,0.2804070358,0.3280690779,0.3156251876,0.8129259995,0.3374488363,1.258600153,0.5645293658
0.3591826704,0.2454961955,0.5545834661,0.07288161314,0.5024928372,0.7916967168,0.4348004952,0.4349698743,0.3093096286,1.066186326,0.9673194578,1.423114902,0.9712091537,0.26570574,0.6063576623,1.028682042,-0.1525337245,0.01871147917,0.6853371183,0.2067839479,0.09112249139,0.442833013,0.05844975947,0.3491081751,0.2337985979,0.2096858872,0.5808612657,0.2509561766,1.017444091,0.1677559521,0.9333440359,0.3295044627,0.6125692107,0.0357672963,0.6611830157,0.733152231,0.8844694346,0.1192763231,0.2023524906,0.2001933791,-0.02732163705,1.140187546,0.5279255786,0.1917253762,0.06188805542,0.1552143186,0.4136664566,0.01318368576,0.1005662119,0.5310278893,0.3398096387,0.1193622878,1.367682339,1.393934338,0.3447311003,2.051473229,0.5273578444,1.709586156,1.362151407,1.50074245,1.000613525,0.8463417451,0.1626126851,0.1509263259,0.2523628549,0.7960517003,1.057619796,1.578752914,0.4923008407,0.5885841445,0.5715966948,0.3054197885,-0.1420117761,0.3455741517,1.390637581,1.157376935,0.2823836269,0.3212201007,0.3081390977,0.8095551919,0.3359956293,1.256093601,0.5679157832
0.3634720917,0.2498799613,0.5538203125,0.07027233812,0.5026648705,0.7889528527,0.4308090242,0.4353535773,0.3048067057,1.066597788,0.9694298822,1.388006074,0.9620329786,0.2661533592,0.6038831394,1.010700668,-0.1558528379,0.01653179891,0.6809647477,0.2058954711,0.09536277204,0.44705356,0.05720734098,0.3490327732,0.2345429913,0.208379846,0.5762015904,0.2480611321,1.025814792,0.1687771789,0.8799364264,0.3253475808,0.5609215963,0.03375437643,0.6670431527,0.7384855758,0.8919511782,0.1166491754,0.1639426936,0.1808672218,-0.03644916517,1.129013907,0.5215931585,0.1874590225,0.05976761804,0.1612695188,0.4110563948,0.01042907619,0.1082974141,0.5455862408,0.339997367,0.1225736462,1.380328476,1.396713275,0.3463127669,2.05585736,0.5211277644,1.705596793,1.376173564,1.437754813,1.045687682,0.8546077411,0.1626380186,0.1488207642,0.266398501,0.8072102487,1.061562026,1.582196478,0.4910720696,0.5857368402,0.570668499,0.2977088952,-0.1409453367,0.3454633906,1.383527682,1.165808992,0.2856300602,0.3165348331,0.2965217038,0.801228139,0.3318478875,1.252345377,0.5712828316
0.367122981,0.2497540195,0.554917972,0.07367595578,0.5008753465,0.7884089898,0.426462338,0.4354619126,0.3021494352,1.063440035,0.9750877405,1.347632108,0.9526364988,0.2696497897,0.6056988769,0.9976534434,-0.1563824513,0.01752486998,0.6765753875,0.2059838205,0.09719656793,0.4515301983,0.05835427444,0.351641458,0.2364977047,0.2095479022,0.5726193132,0.2475546453,1.038549567,0.1717121947,0.829588507,0.3229484024,0.5151845939,0.03338097457,0.6724519868,0.7396085016,0.8974129827,0.1177763775,0.1294845728,0.1672151096,-0.04187293237,1.114361075,0.5155232196,0.1894551295,0.05803293829,0.1702996719,0.403717785,0.008380176732,0.1131063202,0.5534282836,0.3417861722,0.1235460171,1.39333534,1.400645545,0.3478215887,2.055721161,0.5185055175,1.702803033,1.386444632,1.369000278,1.092229325,0.8661481986,0.1621268294,0.1473654704,0.2820901587,0.8228738101,1.063610113,1.587344789,0.4882091748,0.5836181074,0.5677225675,0.2909103926,-0.1413004194,0.3453498726,1.373405087,1.174571702,0.2906007232,0.3127858969,0.2847671404,0.7959599282,0.3275437494,1.247215929,0.5722604388
0.3736815409,0.2502714354,0.5562207525,0.07420428858,0.5015727145,0.7849403072,0.4204792744,0.4378025149,0.2974605389,1.058820707,0.9761461225,1.309660191,0.9455877707,0.2713217331,0.6042950102,0.9880333017,-0.15688037,0.01790389187,0.6703847249,0.2073260037,0.1038834175,0.456070466,0.05918122679,0.3573563254,0.2406427687,0.2104594947,0.5708144362,0.2404807027,1.054913707,0.174950521,0.7789979644,0.3205631842,0.4698164118,0.0302984562,0.6782723249,0.7401541031,0.9008237691,0.1179657172,0.09368258393,0.154166539,-0.04608776885,1.099721408,0.5082377203,0.1926716709,0.05621414629,0.1828078812,0.3990900101,0.005100912168,0.1236553764,0.5594858974,0.3449557268,0.1271537864,1.40790162,1.407226122,0.3483850815,2.052852791,0.5150354418,1.700252601,1.395382292,1.295089439,1.139419984,0.8777101981,0.1627421975,0.1462626956,0.3000466464,0.8239566752,1.065545013,1.596019477,0.4875780289,0.5788863729,0.5626249555,0.2880456911,-0.1412018539,0.3412817401,1.36677952,1.176279527,0.2956952248,0.3121851797,0.2766312197,0.7895270664,0.3201924581,1.242598638,0.5733755845
0.3760210285,0.2503224635,0.5527375138,0.07127084628,0.4970135875,0.7863938579,0.4182719867,0.4360465962,0.291906221,1.053951877,0.982538572,1.266031149,0.9471874607,0.2714469075,0.6067675903,0.9882837872,-0.1570908404,0.02009012799,0.6637362522,0.2050633339,0.1061084203,0.458502205,0.05951409214,0.3598273621,0.2425001376,0.2110013902,0.5646920649,0.2370891834,1.070428643,0.1772862323,0.734156553,0.3194628034,0.4291833265,0.02835073675,0.6833494746,0.7397801199,0.9017226185,0.1200055652,0.06443618699,0.1425107964,-0.0488463069,1.084074192,0.4998633293,0.1972369128,0.05663645815,0.1947015531,0.3937865234,0.0004208235273,0.1391250589,0.5626344764,0.3493864772,0.1284379947,1.41954773,1.414958377,0.3540223372,2.053038843,0.5115427726,1.69681709,1.4061017,1.218525594,1.202534845,0.8885603408,0.1638636347,0.1486672062,0.3246398876,0.8291069922,1.070657545,1.603586659,0.4872388037,0.5764920198,0.5586626376,0.2840911665,-0.142267058,0.3354893409,1.355368069,1.174700865,0.2983622068,0.3110567544,0.2658927952,0.7848045673,0.3181058899,1.235519372,0.5738765056
0.3827092219,0.2487368692,0.5529026195,0.06935942091,0.4980788786,0.7879090316,0.4144262725,0.4358819453,0.2935567624,1.047200824,0.9878235876,1.222154866,0.9526566468,0.2712322797,0.6070226375,0.9947631873,-0.1577200893,0.02019609865,0.6617261683,0.205782792,0.1071037214,0.4594645488,0.06077765832,0.3662069846,0.2443665676,0.2124369487,0.5548099321,0.2373373976,1.082332413,0.1791146614,0.6963916136,0.3221286492,0.3988760911,0.02649376181,0.6866352066,0.7376037425,0.9010168246,0.1231443175,0.03927154197,0.1343321237,-0.04858320572,1.065896703,0.4911766833,0.1982229912,0.05620831095,0.2052087587,0.3841690509,-0.005051558823,0.166563408,0.5620371544,0.3482298466,0.1275772834,1.429835219,1.421183989,0.3563088337,2.050881964,0.5078519557,1.694891266,1.414040873,1.146902163,1.285278833,0.894948562,0.1668694946,0.1508741402,0.3444887707,0.8371280054,1.074080107,1.615762811,0.4867009879,0.5761612418,0.5535534666,0.2820169402,-0.1435759843,0.3312286711,1.346226492,1.173302053,0.2990351227,0.309777513,0.255834843,0.7818513342,0.3142131459,1.224805128,0.5724736403
0.3865667899,0.2480268183,0.5513641101,0.06639240032,0.4947427341,0.7862605784,0.4073075359,0.4373264001,0.2920723071,1.039632407,0.9889291989,1.177921662,0.9625621189,0.270848254,0.6100239267,1.00191352,-0.1582512197,0.01988773948,0.6636819022,0.2028158483,0.1080921824,0.4605918844,0.06307354894,0.3718295596,0.2484889046,0.2121076359,0.5471479758,0.2362579092,1.09551977,0.1784200035,0.6661984223,0.3259559649,0.372387069,0.0277170143,0.6909419416,0.7361043645,0.9002025111,0.1243429101,0.01875035566,0.1288621347,-0.05016059944,1.044906185,0.4805123877,0.199860246,0.05547122419,0.2120516041,0.3774563808,-0.01254323446,0.2113841991,0.5550195698,0.3484038621,0.1289260999,1.439236149,1.42529126,0.3568626768,2.052130042,0.5108047021,1.692748992,1.419748178,1.077497956,1.369193284,0.9022476926,0.1680242302,0.1525176439,0.3673907733,0.8422839829,1.076060732,1.630949183,0.4848578572,0.5741584006,0.550918343,0.2826028829,-0.1458628883,0.3277401623,1.338691942,1.177053139,0.301102476,0.3099394091,0.2469411746,0.7803161184,0.3108835336,1.216759389,0.5704229648
0.3873113969,0.2440793507,0.5490554939,0.06268721236,0.4886253731,0.7857594104,0.4016641852,0.4377303226,0.2889699365,1.031568075,0.9938189458,1.135953873,0.9725905839,0.2720267195,0.6143587356,0.9972299579,-0.1593663806,0.0207843927,0.6658124799,0.198016315,0.1093651308,0.4588692715,0.06366173811,0.3770104225,0.2533517729,0.2133653394,0.5347553897,0.2403268145,1.110674979,0.1805876121,0.6365572746,0.3317830398,0.3522378931,0.03093870786,0.6943724646,0.7345629864,0.8987196471,0.1277697161,-0.00406175398,0.1214601613,-0.05306134561,1.017609187,0.4639845914,0.1945871015,0.05175848935,0.2193683654,0.3624612756,-0.01850225179,0.2774884884,0.5414971233,0.3443465842,0.127156893,1.442732617,1.432615209,0.3570295214,2.053564172,0.5138836347,1.689974323,1.423876637,1.010416247,1.458026928,0.9091999849,0.1672209184,0.155757172,0.3918707288,0.8571590284,1.079552696,1.646462196,0.4829117112,0.5679717399,0.5514742437,0.2835622655,-0.146773229,0.3223463987,1.331280871,1.177735859,0.301285874,0.3083051141,0.2327677319,0.7764516005,0.3063748369,1.207458346,0.5701206947
0.3903113012,0.2416645882,0.5499394432,0.06228133923,0.487151022,0.7901041228,0.4000162256,0.4375719289,0.2878206635,1.023504901,0.9937454867,1.095699549,0.9896223088,0.2728257124,0.6201825776,0.9911032429,-0.1594490711,0.02105561766,0.6651224658,0.1943919396,0.1087539023,0.4557597081,0.06670265484,0.3798323928,0.254549665,0.2153024435,0.5226871806,0.2451907005,1.124303809,0.1789509605,0.6048935236,0.336303432,0.3335550871,0.03666809765,0.6965459951,0.7322923882,0.8953774077,0.1318614427,-0.02198059749,0.1123301027,-0.05623170476,0.9835325103,0.4513004235,0.1904540256,0.04978981248,0.2284390234,0.3541526232,-0.02654939807,0.3619762305,0.5314941593,0.3385217259,0.1264724845,1.443254983,1.441360239,0.3554742058,2.053500342,0.5155294174,1.690449581,1.429454683,0.9466260707,1.55356219,0.913431138,0.167742047,0.1568525182,0.41927315,0.8681243252,1.086218878,1.66570039,0.4815114999,0.565327565,0.5521266832,0.2834525485,-0.1504266367,0.3218631182,1.319275836,1.183155133,0.3021443137,0.3055155347,0.2186587079,0.7730086071,0.3065912698,1.201681685,0.5703760213
0.3953305901,0.2400430105,0.548498143,0.06320595136,0.4923854093,0.7920761328,0.3930407511,0.4398939462,0.2897121104,1.015027641,0.9920932507,1.060569249,1.006743046,0.2722687418,0.623220102,0.9882526918,-0.1603753864,0.02265571379,0.6637228091,0.1897414922,0.1088582683,0.4523422946,0.0697107876,0.3791245702,0.2577470311,0.2164693684,0.5117891282,0.248114205,1.139823886,0.180517599,0.5777970959,0.3389025269,0.3173441394,0.04400969733,0.6987401744,0.7293884847,0.8936082192,0.1370781737,-0.03584139012,0.1049699679,-0.05630834992,0.9452646782,0.4360660521,0.1845259792,0.04638109883,0.2397851926,0.3519046888,-0.02969461978,0.4588670429,0.5219481851,0.333112896,0.1238113964,1.447447458,1.449858509,0.3525787349,2.05499453,0.5153452481,1.687997592,1.43325098,0.8874953451,1.647677142,0.9169247787,0.1654783235,0.157816731,0.4555815703,0.8546603441,1.088405694,1.685989278,0.4794697265,0.5611575181,0.5560716627,0.2822735933,-0.1519441653,0.3194624375,1.305552352,1.180242354,0.3025579861,0.3067075215,0.2060779464,0.7701759151,0.3053784892,1.191282207,0.5671617777
0.3970557984,0.2393965508,0.5470747713,0.06281078205,0.4958361494,0.7967370016,0.3884795282,0.4420946466,0.2839138232,1.005142381,0.9983262614,1.031256886,1.021036629,0.2709421851,0.629553948,0.9831227531,-0.1591787291,0.02590844651,0.666041921,0.1838869257,0.1091151747,0.4474321209,0.06886663378,0.3804487304,0.2594812092,0.2156970293,0.498354359,0.2516391712,1.15126587,0.1811274323,0.5559481075,0.3425061161,0.3063157182,0.05439645001,0.7000173994,0.7259616017,0.8934512834,0.1448371589,-0.04597258729,0.09884793265,-0.05451105133,0.9016426932,0.4248165945,0.1806479275,0.04409614656,0.2496795561,0.3516744676,-0.03263167804,0.5611163685,0.5168778188,0.3300600604,0.1205043647,1.445700585,1.458081455,0.3501801202,2.050509526,0.5107602329,1.684481778,1.43662737,0.8356404766,1.737156719,0.9189481717,0.1650763329,0.1573848032,0.4933355234,0.854915975,1.086582817,1.708069569,0.4794868522,0.5610809961,0.5628537268,0.2817781688,-0.1530858304,0.3215408939,1.290998584,1.183519045,0.3032119136,0.3085169195,0.1972299713,0.7637605896,0.305063595,1.169151542,0.5615476449
0.3988670753,0.2422891786,0.5477245596,0.06422812686,0.5004652371,0.7995034229,0.3843527244,0.4408295054,0.2803747912,0.9944676242,1.001586753,0.997647109,1.035609818,0.2681956688,0.6403991255,0.9809576186,-0.1598143686,0.02825024363,0.6669607988,0.1786319272,0.1110853304,0.4447406302,0.0699882035,0.3795344862,0.2639487083,0.2157230836,0.4821821744,0.2516121017,1.16205717,0.1798340647,0.5444746964,0.345831844,0.2996582494,0.06425145039,0.70094762,0.7229359749,0.8917638376,0.1533292831,-0.0555785757,0.09660798196,-0.05438255441,0.8545861401,0.4163015069,0.1831059163,0.0440032813,0.2558737282,0.3527731391,-0.034945955,0.6616707603,0.5082337752,0.3256714409,0.1179377284,1.444228817,1.467219899,0.3492131976,2.048390911,0.5073144823,1.682071721,1.444068145,0.7869244677,1.825458213,0.9217829037,0.1624590773,0.1580665857,0.5271480777,0.8348452148,1.08290306,1.732150823,0.4757663656,0.5599210728,0.5692385048,0.2794319026,-0.15489857,0.324405035,1.281648838,1.184954534,0.3056034022,0.3096984445,0.1866757089,0.7584767089,0.3028062693,1.159529398,0.5627887843
0.3967356546,0.2433474306,0.5500154518,0.06264534851,0.5054835859,0.8057472792,0.3831908581,0.4429322838,0.276552499,0.9875036616,1.00433311,0.9716743204,1.048517581,0.2685394205,0.6511815465,0.9785244757,-0.1614040159,0.02800894145,0.663224587,0.1781139666,0.1141936192,0.4459032699,0.07425214491,0.3754261745,0.2692739878,0.2184129175,0.4734557715,0.2485473168,1.173594828,0.1787330694,0.5336978064,0.3518101036,0.2966797672,0.07283167483,0.7017773444,0.7178121721,0.891967713,0.1606994162,-0.0619547168,0.09830140429,-0.05543160213,0.8039910926,0.4090577456,0.1874143601,0.0426326017,0.2654572949,0.3561729991,-0.03707610051,0.7582944632,0.4973910227,0.321666853,0.1157050588,1.443032689,1.475325974,0.3476037629,2.046181461,0.5059124989,1.679852374,1.446814074,0.7494488328,1.914615115,0.9270115321,0.1610200502,0.1602584315,0.5602992185,0.8255118574,1.081910846,1.749925281,0.4747027167,0.5586657153,0.5755292056,0.276842845,-0.1577289958,0.3230042965,1.274586489,1.182701581,0.3119195725,0.3090622368,0.175932088,0.7553158606,0.3017168894,1.14358388,0.5592603438
0.3949107815,0.2405568591,0.5477532588,0.06212886921,0.504412488,0.8184668255,0.3827834342,0.4473118775,0.2728637207,0.9797515924,1.004907391,0.9446963459,1.061550863,0.2685003789,0.6650008593,0.9789075473,-0.1616230071,0.02791149339,0.665719656,0.1744171295,0.1168531491,0.4437864282,0.07785430184,0.375356156,0.272698128,0.2208914372,0.4650728611,0.2498842898,1.18610381,0.1790549391,0.5274304568,0.3584405671,0.3005208518,0.0876572338,0.7023968068,0.7116428412,0.8917367077,0.1693110757,-0.06531751924,0.1035928246,-0.0567359854,0.7559101245,0.401392137,0.1931005105,0.03917545473,0.2726667459,0.3560439605,-0.0441457962,0.855139631,0.4805224451,0.323442406,0.1129597809,1.445111643,1.480046161,0.3444949536,2.040693048,0.5077839216,1.67913374,1.450386557,0.7218545104,1.995243182,0.9293424395,0.160308468,0.1601870049,0.5968838125,0.8038902171,1.076248135,1.76566675,0.4748628788,0.5569594558,0.5777920342,0.27527742,-0.158116419,0.3231246695,1.261816767,1.18835287,0.3131013188,0.3069519732,0.1713120895,0.7512771941,0.3008068487,1.131911785,0.5532980948
0.3933154518,0.2413582643,0.5497465245,0.05895700915,0.5119183584,0.8263328776,0.3847333312,0.4481476001,0.2699841957,0.9738487829,1.005571851,0.9169713946,1.073067572,0.2689930518,0.6755547543,0.9737456016,-0.1640041214,0.02980800768,0.6685127428,0.17355181,0.1186634461,0.4408001212,0.07990856237,0.3730898922,0.2761648502,0.2226091708,0.4539571585,0.2478302999,1.19410301,0.1797726174,0.5144045424,0.3640206483,0.3084601617,0.103155805,0.7026721512,0.7060676575,0.8914014853,0.1797639996,-0.06680887221,0.1100019264,-0.05726158108,0.707651544,0.3941946857,0.196294122,0.03563348694,0.2804179721,0.3538015563,-0.04691215885,0.9538878887,0.4702504042,0.3261432066,0.1105750322,1.448265842,1.480845095,0.343808647,2.031013489,0.5110150545,1.675745337,1.454294272,0.7093552832,2.07106235,0.9346740445,0.160717386,0.1611503872,0.6348984845,0.78910325,1.077044407,1.780882008,0.4740791678,0.5550531573,0.5758685897,0.2739131312,-0.1597396606,0.324062879,1.244578282,1.18349057,0.3147099248,0.305223449,0.1635216013,0.7479657237,0.2983632485,1.119534268,0.5487424322
0.3938557073,0.2438198673,0.5521049724,0.05624588924,0.5186326238,0.8370483927,0.385492852,0.4505698275,0.264927545,0.9695998471,1.005181337,0.8919202969,1.082524135,0.2689765246,0.6891151343,0.9698669762,-0.1643457284,0.03133528703,0.6708676069,0.1727560209,0.1211489592,0.4396346079,0.08137419526,0.3747103777,0.2781818027,0.2221051569,0.4407057755,0.2479511855,1.201919072,0.1846322484,0.4989011115,0.3699010309,0.3206165258,0.1197620961,0.7032215078,0.6993012223,0.8906228741,0.1910102381,-0.06723999662,0.1204914439,-0.05490180007,0.6631338846,0.3866343051,0.1994017792,0.0336059565,0.2880554732,0.3529988543,-0.04643938039,1.049905527,0.4532306247,0.3268154924,0.1070573515,1.446643585,1.482638776,0.3433579136,2.025703144,0.513338982,1.675013928,1.458102539,0.7175421614,2.140641896,0.9381840075,0.162664557,0.1615358508,0.6817107762,0.7786620078,1.078215718,1.797877779,0.4725426034,0.5514648189,0.5790824645,0.2693908922,-0.1603224498,0.3247646267,1.229045592,1.184126818,0.3192140938,0.306640918,0.1575937434,0.7475245792,0.2964543731,1.112054766,0.5435084747
0.3949234795,0.2406983109,0.5542589809,0.05636446382,0.5206034859,0.841936968,0.3840205844,0.4507599746,0.2648007498,0.9657513333,1.005255826,0.8689258371,1.086851141,0.2703623228,0.7068541322,0.9741805327,-0.1648078209,0.03089838633,0.6715275594,0.1718360033,0.119489695,0.436389849,0.0847042991,0.3796529557,0.2818824291,0.2241161044,0.4275312816,0.2465692975,1.20917552,0.185570911,0.4806698665,0.3747630881,0.3423080041,0.137617138,0.7031093829,0.689540883,0.8875822419,0.2021409742,-0.07086455032,0.139896024,-0.05308003166,0.6221195167,0.3810340129,0.1995123931,0.03195701456,0.2975304465,0.351349618,-0.04734828455,1.136870712,0.4295503207,0.3283338667,0.103050309,1.452168435,1.482598934,0.3471481034,2.022176352,0.5158225424,1.673206349,1.461507228,0.7380276076,2.203334201,0.9412982979,0.165317119,0.163745461,0.723977757,0.776646056,1.077968305,1.810573033,0.4725344844,0.5490722461,0.5832751591,0.267836418,-0.1619759141,0.3240943228,1.212555321,1.180209779,0.3217090996,0.3068043228,0.1501710865,0.7446398423,0.2946265155,1.104399241,0.5368996081
0.3939297311,0.2425221399,0.5593530565,0.05513253302,0.5215065382,0.8486998529,0.3864153245,0.4521998532,0.2630457192,0.9664691132,1.000891625,0.8507949513,1.088087085,0.2672511255,0.7233623522,0.9709751693,-0.1662771763,0.03068372901,0.6734323659,0.1645739443,0.1219045643,0.4331420455,0.08738239969,0.3822289024,0.2879855734,0.2252929025,0.4153706416,0.2459820658,1.213518495,0.1821347398,0.4633620916,0.3793445177,0.3654609391,0.1597528419,0.7029840195,0.679975387,0.8816032361,0.2103049202,-0.07426313094,0.1586135813,-0.05604140637,0.5748425778,0.3765641773,0.1979255222,0.0324557277,0.3006729173,0.351377474,-0.04889987397,1.222178653,0.4090878132,0.3328370083,0.1026383306,1.457678241,1.480463785,0.3489612268,2.020287488,0.5177322686,1.672730331,1.466407068,0.7716228731,2.262608539,0.9422459658,0.1661091528,0.1645306921,0.7706103813,0.772479884,1.07197364,1.820777938,0.4731890997,0.5475214828,0.5881392371,0.2653172938,-0.1605575245,0.3283785754,1.205631277,1.176640022,0.3248455662,0.3060925339,0.1451992495,0.7447985814,0.2957961426,1.097579626,0.5375864902
0.394321204,0.2432374642,0.5630670477,0.05345433207,0.524904458,0.8565424228,0.3901352389,0.4494428604,0.2632661462,0.9588106843,0.9979161741,0.8292373653,1.09188092,0.2660550258,0.7399846092,0.9642087187,-0.1698043071,0.03167544208,0.6812925384,0.1555351077,0.1148348189,0.4276212346,0.08818840671,0.3881105222,0.2876258047,0.2253679115,0.4001908672,0.2507506988,1.209642238,0.1779791652,0.4467356509,0.3835752857,0.3927523528,0.1852293,0.7029702259,0.669798002,0.874486028,0.2188848834,-0.07362429579,0.1855217315,-0.05659499067,0.526335769,0.3696668233,0.1925584402,0.03059271216,0.3016758705,0.3484554664,-0.05153548042,1.298951725,0.3896421886,0.3347898721,0.1005243365,1.462267826,1.477026342,0.3506309549,2.019618254,0.5266948184,1.671670543,1.472068409,0.8185668704,2.310147004,0.9467719382,0.1691750168,0.1642401409,0.8100952646,0.7715814399,1.068005714,1.831179212,0.4721415063,0.5476048911,0.5955810186,0.2596361995,-0.1603205526,0.3263351766,1.199108897,1.172909779,0.322685577,0.3043227566,0.1439062627,0.7447232704,0.2966195262,1.086231358,0.5375443651
0.3939668859,0.243609861,0.5686095399,0.0552814351,0.5305819762,0.8609336016,0.3922405147,0.4483320503,0.2695838153,0.9560032524,0.9924488975,0.8101207577,1.086162501,0.2657948664,0.7603588843,0.9506178808,-0.1715111801,0.03196193281,0.6909800748,0.1466184476,0.1098689044,0.4182325069,0.09031582409,0.3960825688,0.2874813229,0.2247421279,0.3874705927,0.2504186804,1.203216463,0.1780241948,0.4301807181,0.3859433379,0.4207940795,0.2083569393,0.702413237,0.6551842348,0.8676063749,0.2253502776,-0.0777066609,0.2179168884,-0.05936177971,0.4742949661,0.3654540308,0.1875590364,0.02873590709,0.3052674228,0.3411518814,-0.05314386321,1.366646246,0.3641003422,0.336513798,0.09722864877,1.465951806,1.472825932,0.3492597588,2.015672552,0.5315889642,1.669284325,1.476364662,0.8750104264,2.342809513,0.951834822,0.1685454592,0.1639565571,0.8446865413,0.7684527353,1.060079022,1.838741015,0.4688831533,0.547665625,0.6032514107,0.2553421968,-0.1616246257,0.330415827,1.184540378,1.172922308,0.3206435175,0.3028285193,0.1404809207,0.7438969763,0.2938755681,1.071397391,0.536956236
0.3923175796,0.2477268536,0.5735814563,0.05779175921,0.5332162053,0.8691194391,0.3945099004,0.4489928021,0.26538232,0.9532740985,0.9906243851,0.7925546421,1.081617175,0.2658730501,0.783036717,0.9372913034,-0.1734123856,0.0323543942,0.7011771734,0.1362106356,0.1022039641,0.4101988808,0.0928853193,0.403626093,0.283465441,0.2229999855,0.3751958158,0.2518687056,1.193653785,0.176881501,0.4101814717,0.3847228212,0.4465519667,0.2335515648,0.7013826591,0.644618943,0.8605824678,0.2336176728,-0.07421847487,0.2636135293,-0.06098888156,0.4245733862,0.3628837723,0.1876134563,0.02725002121,0.3104544262,0.339640696,-0.05358924412,1.423744143,0.3360293371,0.3418047041,0.09369466768,1.469309521,1.469724992,0.3462212976,2.013965582,0.540327352,1.667501154,1.480808419,0.9324452576,2.356508548,0.9623268468,0.1681461124,0.1629472181,0.8726074075,0.7675987833,1.05586213,1.845626095,0.4662390031,0.5464271642,0.6134737661,0.2507251424,-0.1626530773,0.3330829601,1.172088826,1.178736817,0.3194267851,0.3051820228,0.1351085055,0.738088523,0.2927880097,1.062794034,0.5358555931
0.3908860168,0.2488673089,0.5793597456,0.05991845037,0.5358614882,0.8789850394,0.3953588709,0.4481161736,0.2637505372,0.9486016586,0.9893899232,0.7799967687,1.070944155,0.2638957928,0.8070450424,0.9296452669,-0.1761541819,0.03349155353,0.7078489861,0.1264013363,0.09617890793,0.4028814279,0.0935819452,0.4119420411,0.2816688257,0.2211953813,0.3609843193,0.2517405427,1.18298129,0.1784322572,0.3886376809,0.3820282792,0.4689257879,0.2548469484,0.7006923692,0.6337322616,0.8512042019,0.2421734616,-0.07222969321,0.3098828133,-0.06096700028,0.3758191482,0.3622495639,0.1874466483,0.02661509458,0.3124660602,0.336845474,-0.05392209004,1.462321393,0.3139807732,0.3464143598,0.08755118744,1.476571696,1.46685309,0.3420763985,2.009120618,0.5455612881,1.665763383,1.485474121,0.995082629,2.367126951,0.9728742524,0.1650331621,0.1644895803,0.8926959616,0.7847098631,1.045672465,1.849237591,0.4616795645,0.5438216869,0.6188653826,0.2473962056,-0.1631516403,0.3326555259,1.161852486,1.17969734,0.3197420567,0.3071491867,0.1317298424,0.7353797577,0.2915634249,1.055904864,0.5320778371
0.3916253568,0.2515426406,0.589010792,0.06197992749,0.5358145446,0.8859141502,0.3949661474,0.4485356926,0.2663806105,0.9470058374,0.9881572838,0.7703583683,1.06164631,0.2620999077,0.8326320853,0.9263027595,-0.1789125679,0.03390110696,0.7155356756,0.1211841515,0.09127326673,0.397491502,0.09739436483,0.421672053,0.2795531423,0.2202793321,0.3469652586,0.2507247417,1.169815198,0.176462315,0.3723371063,0.379477399,0.4905052139,0.2744867316,0.698911609,0.6184127866,0.8408997318,0.248829351,-0.06625247083,0.3588096494,-0.05941237765,0.3253397611,0.3668417384,0.1918884142,0.02843863821,0.3145858751,0.338812391,-0.05409778136,1.470631575,0.2913771868,0.354156648,0.08462510402,1.479487544,1.46393046,0.3368933853,2.00359871,0.5511595507,1.663625478,1.488132437,1.064770621,2.373424104,0.9884551264,0.1620837255,0.1622376125,0.9129503966,0.7959210546,1.037084426,1.851769635,0.4583912154,0.5452765794,0.6172495352,0.2407235691,-0.164080291,0.3337034905,1.147481878,1.185703544,0.3212217437,0.3101349408,0.1299026021,0.733916467,0.2935147883,1.051445766,0.5311289494
0.3897580619,0.2557191919,0.596509125,0.06417254626,0.532636861,0.8917388841,0.3944674029,0.4471215903,0.2677998137,0.9420538663,0.9806730113,0.7617755907,1.050428753,0.2624737957,0.8617673344,0.9214980569,-0.1811853,0.03250283742,0.721936563,0.1168481739,0.08846700667,0.3924510591,0.09895990118,0.4335586745,0.2787061064,0.220179263,0.3345370971,0.251511889,1.153744047,0.1823982553,0.364785093,0.3765181545,0.5152902761,0.2926808798,0.6968776518,0.5993774507,0.8298948938,0.2536053015,-0.06373082889,0.4084262922,-0.05878801285,0.2808728241,0.3682392482,0.1946710155,0.02822819086,0.3130933355,0.3327225882,-0.05226072641,1.45328646,0.2711549412,0.3619597052,0.07912536842,1.489654791,1.461760607,0.3357077595,1.996426563,0.5560043286,1.660360638,1.489051765,1.139571165,2.374260839,1.00796822,0.1608969297,0.1632541033,0.9374826529,0.8047208477,1.026766203,1.850608266,0.4540506781,0.5440654959,0.6195040156,0.236234876,-0.1641235733,0.3326956875,1.138206489,1.18952821,0.3232746846,0.3111859795,0.1276035558,0.7319242197,0.2906198982,1.048039127,0.5298203527
0.3864451181,0.2574159934,0.6018085942,0.06517454307,0.5255851053,0.8969887301,0.3952032248,0.4475351322,0.2641660212,0.9380268725,0.9803794126,0.7543705507,1.041154304,0.2624083659,0.8957055136,0.912999681,-0.1824245291,0.03160932164,0.7288447858,0.1165756217,0.08861855427,0.3891257029,0.09791826771,0.448058523,0.2765695776,0.2206000402,0.3223301597,0.2493495284,1.134402722,0.1810584305,0.3615819407,0.374285,0.5435888047,0.3085160602,0.6928117912,0.5785394048,0.81904529,0.2587167482,-0.06078102183,0.4540157292,-0.06022344114,0.2348692856,0.3749984342,0.1979356789,0.02871869283,0.3085639402,0.3236761627,-0.05139247158,1.423307244,0.2468485002,0.3694857763,0.07582078004,1.493226211,1.459655503,0.3339201436,1.984819655,0.561651748,1.657596036,1.490903283,1.215803724,2.370229572,1.032242479,0.1576967008,0.1645349833,0.9529881178,0.8118078686,1.015209283,1.846500148,0.4510274645,0.5445239897,0.6172335881,0.2299949389,-0.1642563764,0.3332839172,1.125607271,1.193529308,0.328841229,0.3098371172,0.1255950206,0.7314414914,0.2896000472,1.043033832,0.5307562164
0.3848652627,0.2567091996,0.6056765795,0.06521791338,0.5204015794,0.9042732054,0.3932930635,0.4477582936,0.2680154032,0.9326262311,0.9741979104,0.7461689468,1.034451099,0.2622332828,0.9323766968,0.9121238427,-0.1849787707,0.03106780827,0.7291308449,0.1182497452,0.09350157917,0.3915635311,0.101069004,0.4608758756,0.2833470035,0.2224784878,0.3185776444,0.2460085791,1.118535643,0.183516501,0.3586585663,0.370426739,0.5781828941,0.3221445064,0.6877302564,0.554563741,0.8112936282,0.2607749479,-0.05881172889,0.4980171048,-0.05964389051,0.1942878662,0.3776292387,0.2007576204,0.02888320773,0.3044853218,0.3163817947,-0.0545158962,1.385319631,0.2228078033,0.3757927471,0.07400612733,1.498993466,1.458697375,0.3311088204,1.975277181,0.5662264589,1.655210007,1.492637375,1.287929363,2.365782847,1.055606049,0.1537659815,0.1650893699,0.9612736216,0.8263239213,1.007574099,1.840010816,0.4463263732,0.5415567964,0.6097520994,0.224836577,-0.1644702731,0.3308168842,1.114698722,1.198349237,0.337550149,0.3104827231,0.1254292703,0.7300179615,0.2851923689,1.044923601,0.5287897911
0.3833165194,0.2566291676,0.6135510699,0.06654784363,0.517584683,0.9088695335,0.3876990705,0.4483415296,0.2682509338,0.9348178606,0.9697974948,0.740784088,1.029457104,0.2636707003,0.9689903192,0.8998595751,-0.1871718462,0.03036122792,0.7270601018,0.1218600504,0.09851430763,0.3948106846,0.1047479268,0.4776443431,0.2870217835,0.2246146675,0.3167572584,0.2419466729,1.102141036,0.1866716683,0.34724842,0.3654288275,0.6182129913,0.3341951986,0.6798877286,0.5288492145,0.8075706718,0.260709063,-0.05538587474,0.5405348391,-0.0609072211,0.1544109241,0.3765243098,0.2000049223,0.02897002925,0.3009270348,0.3080356597,-0.05594440705,1.334019382,0.2060881717,0.3835283383,0.0743034443,1.501660775,1.459874962,0.3296230094,1.961286526,0.5748965592,1.655366004,1.4933029,1.362444517,2.356319027,1.082146235,0.1519400569,0.1660119172,0.9753260962,0.8395227618,1.005029245,1.830457079,0.4461854253,0.5369302377,0.6030488612,0.2227075962,-0.167293772,0.3292360145,1.097255213,1.206139009,0.3443000611,0.3095491371,0.1258885778,0.7288415472,0.2837004218,1.044436939,0.5224045261
0.3828261166,0.2559996139,0.6262535716,0.06761656094,0.5102731633,0.9126639788,0.3823325328,0.4473293419,0.2691290403,0.937890465,0.9685973454,0.7325285714,1.027294654,0.2619732994,1.011473778,0.8916453123,-0.1869845498,0.03225558815,0.7257678667,0.1228879398,0.1022128635,0.3956949969,0.105041566,0.4954086142,0.2901469087,0.2269809479,0.3139317075,0.2388441575,1.083466936,0.1922881778,0.3490086655,0.3613831626,0.662240748,0.3465661198,0.6686816752,0.5062432819,0.805486841,0.260306617,-0.05068168377,0.5884240241,-0.05906296471,0.1210473888,0.3734087914,0.1935096136,0.02747843308,0.2942262771,0.2955170717,-0.05602778286,1.268681693,0.1882858235,0.3905939824,0.07417712473,1.501858102,1.459915501,0.3287027829,1.947132056,0.5797192503,1.654591904,1.497081666,1.430655329,2.34669413,1.11002693,0.1524213278,0.1678210678,0.9954186735,0.8453409116,0.9893169955,1.818503492,0.4430002744,0.5314623398,0.598678822,0.2174961432,-0.1683140172,0.3278162011,1.085103111,1.211084571,0.3505741832,0.309939236,0.1284620976,0.7279872557,0.2819668223,1.049383584,0.5160815184
0.3841977418,0.2581682317,0.6376996479,0.06960354737,0.5084143083,0.9116829193,0.376444799,0.4434003669,0.2707873753,0.9392034356,0.9668453413,0.7264998499,1.03022772,0.2613249383,1.053562354,0.8808585342,-0.1881802711,0.03392512948,0.7188264896,0.1270217164,0.1075272898,0.4004508863,0.1062409808,0.5134400725,0.2979988378,0.2283256934,0.3117869119,0.2350354716,1.061930391,0.1935253921,0.3528304152,0.3547080779,0.7112264523,0.3530150281,0.6574440381,0.4859979766,0.8061548137,0.2598339135,-0.04956861442,0.6326319261,-0.05844571842,0.08683292919,0.3774699419,0.1899637141,0.02947253535,0.2932328544,0.2894395582,-0.05152756616,1.206524937,0.1689636626,0.395916212,0.07205520725,1.496756287,1.462480422,0.3308068131,1.936165767,0.5839872799,1.651347484,1.499058928,1.498737171,2.336836898,1.138418041,0.1523347185,0.1678828509,1.012020296,0.857682517,0.9823475834,1.803637613,0.4379765614,0.5293013486,0.5974635785,0.2132705491,-0.1699151544,0.3254506153,1.074145814,1.204835304,0.3589340704,0.3130876529,0.1290003381,0.7287685802,0.2820616058,1.0518824,0.5188134944
0.3823278747,0.2598855065,0.6525220737,0.07213238514,0.5056890604,0.9214944393,0.368755776,0.4397807078,0.2723793297,0.9403216375,0.9648208173,0.7270881779,1.03715562,0.2593359083,1.100208165,0.8764689103,-0.1897251518,0.03368743302,0.7143537075,0.1332353084,0.1145299218,0.4061688116,0.107350577,0.5320013968,0.307498345,0.230864858,0.3096169347,0.2348766238,1.04512424,0.1938186498,0.3588688261,0.3495496748,0.7556924224,0.3534652684,0.6449163261,0.4684467458,0.8064473668,0.2581561377,-0.04773955489,0.6820064386,-0.055541413,0.05820133569,0.3797357734,0.1859848502,0.03173302088,0.2913552897,0.2792733644,-0.04994658091,1.150513101,0.1476669552,0.4000834411,0.07214609871,1.484544335,1.46664295,0.3284612716,1.93232532,0.5858122908,1.650811394,1.499065869,1.557538461,2.330534219,1.162038124,0.1505036736,0.1684610003,1.023954197,0.8669358341,0.9722529403,1.787209748,0.4329542581,0.5228127989,0.597414988,0.2116593104,-0.1697096846,0.3237387547,1.069970511,1.209164891,0.370543886,0.3152024919,0.1302994621,0.7283763553,0.2820159304,1.053532043,0.5195678815
0.3821926883,0.2600544112,0.6675340778,0.07589037864,0.4998654642,0.9228656598,0.3658974832,0.4383396151,0.2743746745,0.9385146047,0.9645955268,0.727928768,1.047107703,0.2572266846,1.144159603,0.867825186,-0.1909425624,0.03310883227,0.7120485336,0.1371551588,0.1214918812,0.4099171324,0.1088339847,0.550373291,0.3222522771,0.2355054402,0.3115764424,0.2311480802,1.028938099,0.1949672325,0.371489692,0.3432409959,0.7982233821,0.3524573422,0.6284978792,0.4537807008,0.8054982066,0.2565757392,-0.04493960562,0.725957506,-0.05368409256,0.02278859192,0.3845815274,0.1849118418,0.03195109586,0.2908629541,0.2647770037,-0.04976003049,1.090496807,0.1290768085,0.4057703201,0.07250142704,1.475839039,1.470995761,0.3270046794,1.929073531,0.5865869333,1.646041995,1.497522798,1.606070747,2.323738888,1.18753085,0.145979774,0.1687784056,1.029910157,0.8821457583,0.9651491472,1.771513112,0.4289901475,0.5183055244,0.5956192274,0.2097339609,-0.1709837116,0.3203940527,1.062807073,1.203806668,0.3822250791,0.3129828136,0.1308440638,0.7244438622,0.2790086731,1.050355583,0.5233397219
0.3801018521,0.2606000554,0.6858721908,0.07847757207,0.4930073597,0.9256040447,0.3621197472,0.4353866849,0.2715827075,0.9380951921,0.9662448308,0.7283387517,1.059368024,0.254681187,1.186122395,0.8550559971,-0.1917186016,0.03578811527,0.7100471507,0.1409569365,0.1269521918,0.4130651814,0.1092838201,0.5654113162,0.3335931107,0.2394513321,0.3093664632,0.2282792709,1.011888993,0.1971870684,0.3802965234,0.337352625,0.8310542834,0.346450129,0.6107133678,0.4477926628,0.8050257616,0.2533795529,-0.04115458332,0.7656539807,-0.05402642745,-0.008556143033,0.3841381703,0.1827209408,0.03165657793,0.2906481043,0.2567637063,-0.04912759958,1.026732559,0.1180659855,0.4117916235,0.07260806044,1.463921877,1.476411815,0.3211034751,1.931290912,0.5877028442,1.645359784,1.496593591,1.644554983,2.319259121,1.210872038,0.1427052511,0.1669875731,1.033512287,0.8840299322,0.955833774,1.750416523,0.4233741349,0.5144368964,0.5914731432,0.2059809884,-0.1725888637,0.3192701238,1.055249534,1.203314276,0.3918176965,0.3111578096,0.134918699,0.727447317,0.2786013772,1.056808119,0.5233903865
0.379374516,0.2601122637,0.7056308124,0.08160221636,0.4913509709,0.9243072558,0.3584590798,0.4327567527,0.2689997188,0.9357568106,0.9664849399,0.7313719201,1.079035647,0.2548643703,1.230246108,0.8471882409,-0.1941677855,0.03698872588,0.7061702804,0.1429101197,0.128712071,0.4123087438,0.1111144277,0.5806944565,0.3418284761,0.2401071466,0.3050919218,0.2249595507,0.9925183604,0.203009572,0.3947441886,0.3308865568,0.8603188942,0.3340850269,0.5889176705,0.4428053681,0.807272789,0.2514238962,-0.03840240938,0.808107173,-0.05267993989,-0.03289929995,0.3877123901,0.1790183013,0.03175657065,0.2907219203,0.2467199968,-0.04752600045,0.9589346876,0.107036807,0.4159167571,0.07161593348,1.456316793,1.479473653,0.3170684675,1.936656269,0.5919595559,1.642095277,1.496889444,1.676432259,2.315821492,1.231071333,0.1417387938,0.1689392078,1.033077739,0.8916166673,0.9508153315,1.732762667,0.4172618938,0.5108614908,0.5866340561,0.2020688813,-0.17443037,0.3148730983,1.041788958,1.198004005,0.3968323174,0.3099224429,0.1369180956,0.7238225789,0.2757844576,1.059526136,0.5169265008
0.3768848167,0.2602647277,0.7283746971,0.08673240039,0.4861123159,0.9275803242,0.3546576449,0.4316853541,0.2682985559,0.9411089721,0.9685180223,0.734434362,1.100553576,0.2543652072,1.276783304,0.8403409624,-0.1933008254,0.03898840118,0.701851435,0.1492594308,0.1342403408,0.4148563841,0.1134705572,0.5904398449,0.3519989474,0.2440147798,0.3005743192,0.2248855731,0.9737047299,0.2058389437,0.4075135114,0.3252959019,0.8865297001,0.3204285394,0.5661269478,0.4407636327,0.8092122375,0.2477226303,-0.03673539142,0.8384067948,-0.05106189795,-0.05594201299,0.3950051631,0.1826917128,0.03222748256,0.2935985894,0.235722016,-0.04312706525,0.8886394102,0.09475202187,0.4229518928,0.06825577705,1.448053418,1.481819072,0.3152860138,1.941327881,0.585483734,1.638933818,1.496124026,1.702505601,2.315871984,1.247979579,0.138718209,0.1692901578,1.040683627,0.895605777,0.9529618561,1.711896328,0.4116850145,0.5073928734,0.5783690193,0.1984864102,-0.1729930968,0.317483342,1.033175968,1.199067266,0.4012321405,0.3084655263,0.1333783859,0.7195200852,0.2736325637,1.065049924,0.5159764681
0.3741623895,0.2612324009,0.751285528,0.09141092271,0.4793494278,0.9290086848,0.3469730765,0.4343388213,0.2610647256,0.9380815282,0.9716295353,0.7407775227,1.12525579,0.2538945455,1.32226263,0.8380440521,-0.1960045685,0.04008032513,0.700010999,0.1537775593,0.1380684899,0.4180987483,0.1154535834,0.5988889324,0.3642341523,0.2463691987,0.2936251853,0.2272300039,0.9565870604,0.2100451394,0.4146193825,0.3200804168,0.9104799443,0.3036402095,0.5390454764,0.4438012309,0.8127567148,0.2453986935,-0.0319376493,0.8661960641,-0.04749063811,-0.07542288933,0.4035807967,0.1856025358,0.03244976731,0.2941121854,0.2331615214,-0.04067143592,0.8167313386,0.09028200262,0.4286545044,0.06792931479,1.438129802,1.48181794,0.3141447899,1.947794414,0.5822768839,1.637236078,1.495768326,1.725226672,2.314974286,1.260331685,0.1382104332,0.1691120527,1.056580612,0.8931976617,0.9517808406,1.697582087,0.4062977713,0.5032448291,0.5707574923,0.1955036052,-0.1725138587,0.3176357177,1.024805144,1.196324655,0.4068520108,0.3071002667,0.134265598,0.7183015662,0.2724279444,1.072040995,0.5144990372
0.3733349395,0.2616206179,0.7776057704,0.09687308384,0.4788555055,0.9296083358,0.343374329,0.4364175044,0.264048686,0.9376098531,0.9736297314,0.7499021306,1.146522923,0.2527994709,1.365369316,0.8374134323,-0.1968696566,0.04143513875,0.6934972054,0.1596648977,0.1448995322,0.4230218531,0.1163483298,0.603593663,0.3810205843,0.2499564666,0.2904276814,0.2252810009,0.9417142707,0.2147088291,0.425642875,0.3155222543,0.9347473366,0.2837275284,0.5129656079,0.4484338918,0.8172549113,0.2418274301,-0.03033976161,0.8848423743,-0.04221919052,-0.08840163042,0.4114188297,0.188717245,0.03259656779,0.2921058665,0.2223222787,-0.03855483141,0.741675711,0.08884448193,0.4348802963,0.069503161,1.428390285,1.478982527,0.3128846998,1.953140916,0.5774924963,1.635016922,1.497255022,1.748063721,2.318171551,1.266479539,0.138311232,0.1691067465,1.091328154,0.9081973527,0.9495193431,1.681733595,0.3996431458,0.4992275912,0.563902061,0.1920631494,-0.1705956266,0.3192878948,1.017331772,1.186864646,0.4102905617,0.302512394,0.1389834788,0.7195410508,0.2731530418,1.07829474,0.5134278771
0.3729333409,0.2646089428,0.8067761647,0.1020321682,0.4786021779,0.9291801763,0.3395311984,0.4368060172,0.2606673014,0.9394441366,0.9732578396,0.7529264938,1.175121336,0.2534392287,1.407278027,0.8289729932,-0.1976796176,0.04280901116,0.6909472916,0.1639810598,0.1501312159,0.4252552119,0.116629186,0.610165441,0.3929125582,0.2539664658,0.2873812998,0.2275483484,0.92606225,0.2142262923,0.4323307036,0.3076883625,0.9582503205,0.2616622483,0.4896176466,0.4569440127,0.822542603,0.2367158475,-0.03090911991,0.9033700701,-0.03586306228,-0.09365854439,0.4138802579,0.1875927882,0.03285582359,0.2945644743,0.2176592741,-0.0377474191,0.6560314131,0.08617796486,0.4391562008,0.06964169716,1.419454961,1.47723609,0.31704296,1.960547695,0.5743202333,1.632843116,1.497971716,1.768672054,2.319025098,1.271986089,0.1394234661,0.16754925,1.135148114,0.922749067,0.9470918683,1.661711591,0.3952309989,0.4969811762,0.5578560249,0.1869816519,-0.1689362943,0.322493484,1.010066644,1.177144146,0.4098640982,0.2964494019,0.1447472439,0.7193744984,0.2699379684,1.073584611,0.5112042645
0.3728403722,0.2661804229,0.8327760121,0.1070950767,0.4792428078,0.9318469759,0.3343150503,0.4357876189,0.2555520636,0.9384629597,0.9697543861,0.7592663332,1.203020644,0.2530357073,1.444630631,0.8261955721,-0.1973230669,0.0439798863,0.6889818258,0.1635748403,0.1527461383,0.4242005027,0.1147577333,0.6164640089,0.4068343582,0.2572903109,0.2831426947,0.2280417176,0.9066830367,0.2128792699,0.4453147528,0.3029279309,0.9785037893,0.2390388241,0.4649718115,0.472515317,0.8329853551,0.2306782517,-0.03180951969,0.9257968681,-0.0250167817,-0.09461124991,0.4160775077,0.1888911049,0.03440806561,0.2975368155,0.2100560328,-0.03844955334,0.5797380778,0.0868606039,0.4418764901,0.06993461615,1.412300385,1.473370355,0.3211393071,1.965339866,0.5670228926,1.631445358,1.497787326,1.781542134,2.318361015,1.274897655,0.1403749642,0.1668881849,1.181934305,0.9245976926,0.9485383076,1.641833437,0.3919666676,0.4927764291,0.5547403479,0.1849844284,-0.1686925721,0.322942005,1.005892989,1.168354327,0.407800384,0.2900566819,0.1449973925,0.7199871437,0.2684932379,1.069216509,0.508973973
0.3722417714,0.2630264505,0.8641650393,0.1111691105,0.4792920601,0.9291835207,0.3302133708,0.4376015343,0.2522081425,0.9405768516,0.9760055437,0.7651238935,1.237495113,0.2510257981,1.477297459,0.8202858163,-0.1991769238,0.0461625167,0.688108762,0.1625841785,0.15342323,0.4248459994,0.1135838509,0.623333357,0.4220304008,0.2575746458,0.2790559988,0.2300474089,0.8890944627,0.2117526963,0.4555460557,0.3001422335,0.9994659623,0.2150865576,0.4416946776,0.491601036,0.8441857208,0.2270013415,-0.02866274601,0.9483671014,-0.01457370722,-0.09517226611,0.4205342504,0.1873319984,0.03708790366,0.3004567845,0.2062356708,-0.03527296382,0.5091863483,0.0819635379,0.4456448053,0.07167192038,1.400378262,1.468005421,0.323460151,1.969742186,0.5669111494,1.629154305,1.500343301,1.792683175,2.318395278,1.272751734,0.1385373935,0.1665852217,1.221662931,0.9261309118,0.9462112886,1.620384845,0.3883842833,0.4915606763,0.5491708517,0.1808110243,-0.1686072869,0.3247763995,1.003867901,1.156911537,0.4034964395,0.286781439,0.1463259931,0.7187657164,0.2670352672,1.061836182,0.5030631995
0.3765071441,0.2642236727,0.9039269415,0.1163491268,0.4806760221,0.9330016617,0.3302348423,0.4371863114,0.2544680426,0.9425198288,0.9768767515,0.7723328242,1.271307645,0.2482091732,1.504514274,0.8193255038,-0.1996114528,0.04582301723,0.6845981563,0.1600718793,0.1495830188,0.424493677,0.1151968093,0.6260952681,0.4387761818,0.2598870349,0.2747895891,0.23576797,0.8737686761,0.2145710039,0.4618392715,0.2943904149,1.010324967,0.1891421501,0.4162548093,0.5130096596,0.8549056471,0.2228778733,-0.02606829467,0.9767002719,-0.007831886,-0.09571187461,0.4182924918,0.1830636045,0.03709740693,0.3033118266,0.1960483802,-0.03729743687,0.4347710452,0.08164544472,0.4472412049,0.07416916649,1.389375987,1.460306389,0.326701255,1.979705288,0.566224643,1.62860525,1.501211193,1.802342463,2.322310493,1.265494051,0.1420049803,0.1653169383,1.26299728,0.9217147695,0.9514383283,1.598278679,0.3850765633,0.4870431563,0.5436351763,0.1801300582,-0.1691295868,0.326750391,1.001054687,1.144995035,0.4004998095,0.2803218187,0.1425222029,0.7199345779,0.2673579724,1.060513608,0.4964308612
0.3799698096,0.2685833979,0.9451067619,0.1207025304,0.4807773951,0.9343598602,0.3274551299,0.4350948334,0.2529799861,0.9446117967,0.9817569891,0.7787787126,1.308323587,0.2464678505,1.526694483,0.8047255324,-0.1988500346,0.04520058592,0.6877852187,0.1526097298,0.1412304327,0.4185573591,0.1158622364,0.6313256925,0.4482857404,0.2615256457,0.2640245925,0.2432632975,0.8553183799,0.2152189071,0.4695773838,0.2916407557,1.011288372,0.164672381,0.3930249677,0.5386725399,0.8604529508,0.2199247677,-0.0222526663,1.002822116,0.0008544976685,-0.09696988162,0.4187165212,0.1804533552,0.04604548344,0.3050559636,0.1878890439,-0.03531079977,0.3629169881,0.07324130403,0.4501066665,0.07661918674,1.379932807,1.454255256,0.3356184833,1.990248065,0.5680739367,1.629007472,1.502684984,1.812790761,2.321693005,1.25652823,0.1423703594,0.1641831565,1.309335332,0.9071121101,0.951929894,1.57667631,0.3837275204,0.4855490959,0.5433607043,0.1783818639,-0.1695623659,0.3281694593,1.00325028,1.124011707,0.3956975917,0.2722317122,0.1414371656,0.7182819463,0.2660760132,1.057664145,0.499301473
0.3847256259,0.2683859547,0.9856298407,0.124633014,0.479124924,0.9398459517,0.3279995793,0.4370654615,0.2552538073,0.9425518657,0.9839824757,0.7837628563,1.3477209,0.2461644737,1.543687134,0.8037218685,-0.2006298186,0.04631531487,0.6947737706,0.1438661336,0.1319072579,0.4123088806,0.1139492978,0.6307730478,0.4597749179,0.2606758636,0.2502719386,0.2566190296,0.8338997686,0.214872292,0.4863951211,0.2895439466,1.001404022,0.1423680862,0.3710583909,0.5653814076,0.8612393638,0.2176133598,-0.01758278719,1.031111017,0.009642036766,-0.09679037662,0.4201969874,0.1785709225,0.06290673899,0.3081723628,0.1784419843,-0.03518201556,0.3058012077,0.06635548913,0.4539427666,0.07607711906,1.373536815,1.447712301,0.3405218927,2.001147031,0.5676204606,1.627309163,1.503267079,1.822871176,2.325693034,1.243491736,0.144658881,0.1636214796,1.349533979,0.9052004259,0.9531152569,1.557710317,0.3800810973,0.4876671568,0.5436082589,0.1767865664,-0.168382007,0.3289614403,1.01167412,1.104897944,0.3880204206,0.2677982913,0.1429833919,0.7172542875,0.2630911033,1.055609698,0.49562247
0.3866077011,0.2677523684,1.024098711,0.1288371191,0.4789428864,0.9388155795,0.3282246291,0.4392142357,0.2600363353,0.9388447,0.9840503085,0.7895135953,1.387736847,0.245323496,1.556497282,0.8028239495,-0.2022776592,0.04794472503,0.7042114538,0.1333661029,0.1214816947,0.4061315234,0.1137168081,0.6280268832,0.4733228377,0.2591676273,0.2346190258,0.2686397818,0.8105863056,0.2122844861,0.4985713066,0.2861054766,0.9782525104,0.118620768,0.3517232251,0.5894494261,0.8608799332,0.2145308861,-0.01563508912,1.051369778,0.02631444129,-0.09632958545,0.4235345653,0.179607163,0.08595891477,0.3127747493,0.1751648134,-0.03589879513,0.2617918305,0.06323721208,0.456567668,0.07471064079,1.364847576,1.441448676,0.3449611738,2.013706273,0.5735892577,1.625591003,1.503291952,1.833863487,2.324348348,1.224947188,0.1463394973,0.1619933871,1.384069619,0.905404206,0.9579973776,1.543860355,0.3764071582,0.4882820538,0.5432896916,0.1782131645,-0.1668205784,0.3293113082,1.018013341,1.08783234,0.3791508742,0.2634762388,0.1405928694,0.715011018,0.2620038951,1.055048913,0.498419661
0.3897681468,0.2680020805,1.063903219,0.1292645188,0.4760959069,0.9435374309,0.3305627058,0.4425498883,0.260256816,0.9361941329,0.9885882915,0.8036619704,1.42204075,0.2441249312,1.563471435,0.7986916986,-0.2017041184,0.05037558807,0.7123988396,0.1211718987,0.1124724635,0.3975317322,0.1128830426,0.6235944206,0.4841883864,0.2575438263,0.2174181997,0.2774857097,0.7885367403,0.2124943468,0.5073216139,0.2843771157,0.9474693155,0.09517551151,0.3296125512,0.6098591726,0.8594041647,0.2119285472,-0.01173033522,1.06893256,0.04840721556,-0.08971250476,0.4220327626,0.1769432478,0.1123566992,0.3128801811,0.1669196562,-0.03680798851,0.2139920775,0.06391421116,0.4565172103,0.07564922417,1.363306085,1.436341954,0.3469318633,2.023259616,0.578700175,1.625012553,1.504655128,1.844522276,2.32234877,1.208417673,0.1481402222,0.1599925197,1.413148609,0.9012776579,0.957828528,1.53456364,0.3737325159,0.4871775234,0.5405236733,0.1781347061,-0.1653856436,0.32888257,1.027350582,1.074173273,0.3729400947,0.2599959918,0.136409511,0.7133725371,0.2598167989,1.051172926,0.4970410308
0.3942414233,0.2679848643,1.105607532,0.1314475438,0.47315532,0.9391806928,0.3299765607,0.4458197925,0.2665750764,0.9342693743,0.9916921179,0.8065127007,1.456495672,0.2452613868,1.567087864,0.7924735206,-0.2000925558,0.05482897824,0.7190494153,0.1097932404,0.1016808472,0.3895357022,0.1127533233,0.6155346237,0.4963637784,0.2561341507,0.2039890046,0.2836555131,0.7662460436,0.2128987807,0.5304221312,0.2834063588,0.9102009148,0.07375533985,0.3102438867,0.6252075282,0.8577121277,0.2092004424,-0.008260918062,1.083606286,0.07684410559,-0.08254530098,0.4212845976,0.1742982708,0.1329441525,0.3149842797,0.1636164727,-0.03782664058,0.1597240957,0.06990296638,0.4544543245,0.07516345753,1.368483438,1.430107373,0.3496569806,2.030361667,0.5877440193,1.623349338,1.506551719,1.855576104,2.322346268,1.19317426,0.1502666692,0.1609140981,1.44748525,0.8994574483,0.9584477208,1.527964083,0.3708394944,0.4880647152,0.5364449629,0.1735616632,-0.1690295653,0.3279702533,1.043269659,1.058439735,0.3656783617,0.2589138402,0.1330468853,0.7116059189,0.2572391498,1.050405686,0.4939993425
0.3944700274,0.2668378948,1.148227767,0.1335814501,0.4677365863,0.9361455777,0.327087798,0.4483529235,0.2676627524,0.9314823225,0.9944393465,0.8089342149,1.486393841,0.2448074787,1.568425722,0.791325825,-0.2007923918,0.06012502951,0.7227503697,0.09808475244,0.09215607474,0.3841472473,0.1113409812,0.6095039497,0.5068380675,0.2547889252,0.1881204745,0.2934385365,0.7433854116,0.2109007619,0.5614506361,0.2819431399,0.8677258966,0.05319878742,0.2924152191,0.6364615038,0.8560214713,0.2050072378,-0.004741512761,1.093900766,0.1160975889,-0.07066718459,0.4163918063,0.1711542893,0.1523751666,0.3133818639,0.1643935719,-0.04100883056,0.1082634146,0.07682882492,0.4511890278,0.0746861727,1.367509017,1.422408864,0.3508288404,2.035897162,0.6063269082,1.622673443,1.50787111,1.867688662,2.319763756,1.175222182,0.1529066481,0.1605122543,1.477675853,0.8888560123,0.9590454871,1.520317866,0.3691997579,0.4915922861,0.5322588505,0.1713761258,-0.1707650057,0.3287923368,1.060737205,1.048018519,0.3561283689,0.2596699242,0.1331188299,0.7112372206,0.2577403535,1.050769965,0.492110059
0.3968577347,0.2665292444,1.190823392,0.1338739816,0.4648889072,0.9294168488,0.3252509605,0.4513819218,0.2701684492,0.9302261691,1.000386049,0.8120657083,1.51524233,0.2451795555,1.56813837,0.7878584293,-0.1994330323,0.06419523013,0.7291188038,0.08685359718,0.08435819476,0.381023966,0.110929124,0.6010318816,0.5135305769,0.2515286732,0.1756758203,0.3042675824,0.7222915006,0.2119578577,0.6040285267,0.2795460296,0.8233370789,0.0377749699,0.2758781252,0.6412298976,0.856793276,0.2029526178,-0.0007325968917,1.1040444,0.1645670556,-0.05827650321,0.4193046274,0.1750507472,0.1704645527,0.3161142917,0.1626341407,-0.04204651893,0.06831370608,0.08179997935,0.4482789904,0.07519553482,1.367892629,1.412968098,0.3557734127,2.036999391,0.6213468978,1.621959035,1.510327192,1.878013634,2.31421358,1.159804443,0.1544485823,0.1601013207,1.495856851,0.8794829177,0.9528349278,1.515863635,0.3670914917,0.4962279483,0.5281902008,0.1693818826,-0.1716766259,0.3273559446,1.085398293,1.033663634,0.349328698,0.2635431391,0.1341638184,0.709250703,0.2571365903,1.041632199,0.495176364
0.4003780922,0.2663069851,1.235901533,0.1346175802,0.4597522549,0.9236530264,0.3206953505,0.4540496314,0.2742371294,0.9241872609,1.009476675,0.8140314363,1.539699761,0.2453320238,1.561802581,0.7838670703,-0.1966205843,0.06957346369,0.7376746809,0.07720921275,0.07507348605,0.3746923587,0.1073376927,0.5909632507,0.5205008103,0.2528940222,0.1630301725,0.3166923838,0.7012256947,0.2093522066,0.6400996931,0.2795148258,0.7724375412,0.02467115112,0.265799982,0.6422290618,0.8582626875,0.2011223869,0.004827204487,1.11032281,0.2222087029,-0.04219032372,0.4168694196,0.1773311062,0.1836494609,0.3179273878,0.1638751644,-0.04400665246,0.03470948492,0.08920528491,0.441757149,0.07676899708,1.365625257,1.403425745,0.3598403047,2.036000586,0.6362399411,1.619997548,1.510531295,1.888606623,2.303726819,1.144334552,0.1545611946,0.1574261457,1.502640106,0.8801250516,0.9519989089,1.511993324,0.3663257679,0.5004827471,0.5257250368,0.1699340717,-0.1741081131,0.3267110863,1.114877389,1.020444223,0.3437409313,0.2667628585,0.1346775547,0.7100858955,0.2568961638,1.038472097,0.4991658426
0.4039263362,0.2655040289,1.288592463,0.1344856457,0.4509025799,0.9143030391,0.3144706656,0.4594991294,0.2810953577,0.9193553315,1.01507724,0.8169686741,1.55303845,0.2458864537,1.551247782,0.782454405,-0.1947336124,0.07478578737,0.7453870609,0.06460017103,0.06618803779,0.3676815244,0.1050052068,0.5834633325,0.5298015188,0.253279866,0.1528990764,0.321650086,0.679315867,0.2101277632,0.6897988852,0.2787343424,0.7208572869,0.01265512098,0.2545072538,0.6408056748,0.8595110788,0.1999272155,0.01312944877,1.120407156,0.2824346873,-0.0111246038,0.4119478447,0.1754554593,0.1951163201,0.3163987879,0.1661876181,-0.04670239151,0.01087233077,0.09871049765,0.4346053653,0.07615743444,1.3602095,1.392842924,0.3643719661,2.036394818,0.6562294165,1.619044893,1.512742872,1.898301731,2.290419392,1.12953361,0.1542241945,0.1565418033,1.503763199,0.8906027478,0.9417883612,1.512785076,0.3663559207,0.5031665268,0.522115856,0.1701189895,-0.1788958177,0.327736474,1.141211023,1.000468574,0.3402526577,0.2704113578,0.1390663091,0.7102252751,0.2569626804,1.031645261,0.4959889057
0.4098957268,0.2664127638,1.348452878,0.1320355405,0.4468130989,0.9056575901,0.3112314098,0.460500717,0.2829180052,0.9176813867,1.018836968,0.8230330799,1.564416409,0.2457283255,1.534046168,0.7800494203,-0.1927263809,0.08245182591,0.7466734817,0.05337317822,0.06069209275,0.3631043448,0.1036322595,0.5748798607,0.5416468505,0.2528668023,0.1424971472,0.325855822,0.6595745629,0.2053589647,0.7489244807,0.2790388576,0.6683837997,0.006289488692,0.2480682581,0.6384995071,0.8600795539,0.198562846,0.02181728161,1.129355666,0.3429549567,0.03542607164,0.4042035055,0.1715308379,0.2025931408,0.318827017,0.1663760555,-0.0467295787,-0.009768607548,0.1068646347,0.425951684,0.07708959538,1.359593085,1.38399979,0.3679074859,2.034605385,0.6779398035,1.618200226,1.514777001,1.905990684,2.279462724,1.112301793,0.153099645,0.1541424604,1.486855769,0.9068234216,0.9347466737,1.512977218,0.3681188006,0.509442172,0.5184666469,0.1669774657,-0.181817882,0.3282666594,1.179186744,0.9810317888,0.3371361163,0.2751844984,0.1445280503,0.7090402228,0.257470154,1.027072915,0.4963195136
0.4150662889,0.2643421696,1.410866432,0.1284535258,0.4353922994,0.8991402013,0.3059872863,0.4598684032,0.284819772,0.9156087181,1.025658128,0.8264176077,1.575176035,0.2472527815,1.513815253,0.7756697226,-0.1907911244,0.08679531191,0.7531811309,0.0438366656,0.0537875015,0.3569604101,0.1004214529,0.5697352014,0.5579233379,0.2518640539,0.1301067908,0.3328359949,0.6390456129,0.2036872769,0.8097939573,0.2794954365,0.6135858468,0.001930063794,0.2447175824,0.6312615665,0.8584229624,0.1969873186,0.03626198908,1.129198311,0.4012820827,0.0927526826,0.3979509243,0.1641570932,0.2079745744,0.3220477483,0.1691546867,-0.04747246745,-0.02568501476,0.1171322149,0.4173322317,0.08002297386,1.353575743,1.377009427,0.3753031387,2.035406493,0.7027902735,1.616224207,1.515513051,1.91087143,2.263693432,1.096544293,0.1522805709,0.1516456212,1.447535785,0.9024518845,0.9335069684,1.514132758,0.3721956121,0.5155076,0.5126997386,0.1678333691,-0.1849639026,0.3278127736,1.212119138,0.966319142,0.334623203,0.2793103513,0.1507784942,0.7099206453,0.256358777,1.023323365,0.4969751477
0.4191476433,0.2620485407,1.475101602,0.1252575623,0.4277542733,0.8956276141,0.3051341284,0.4646612587,0.2900165478,0.9146156529,1.033504703,0.8339982116,1.574146263,0.2479916273,1.490430562,0.7733340189,-0.1893298702,0.09497701503,0.7569283529,0.03797142923,0.04696517475,0.3537640575,0.09921984578,0.5592163124,0.574106541,0.2505704229,0.119918282,0.3394821562,0.6205101726,0.2035568873,0.8814497446,0.2850067246,0.5583588629,-0.00137341666,0.2381621044,0.6195729183,0.859447733,0.1955858605,0.05287114321,1.132747412,0.4608537723,0.1561988241,0.3940786508,0.1653412477,0.2128216159,0.3286449528,0.1637967171,-0.04621814921,-0.02811780075,0.1272358263,0.4105066162,0.08420453908,1.345304632,1.368919855,0.3787119308,2.032253914,0.7267801609,1.615054201,1.515895671,1.913876938,2.250416022,1.081631838,0.1499663141,0.1504880306,1.393371308,0.892471525,0.9324326969,1.51955628,0.3760426098,0.5220488552,0.5096696835,0.1647320448,-0.187383389,0.3271971982,1.238982931,0.9547888764,0.3386551852,0.2844362701,0.1525560094,0.7054065863,0.2578315993,1.028980884,0.4970381684
0.4254471401,0.2614276726,1.540717879,0.1210414055,0.4205311839,0.8902525295,0.3042626173,0.4681824821,0.2949620983,0.9164067831,1.043278492,0.8383367933,1.568278147,0.2492116751,1.463450902,0.7722647204,-0.1875108711,0.1031569387,0.7573722662,0.03444478328,0.04491139396,0.3545499152,0.09917697701,0.5496827627,0.5939052064,0.2503683648,0.1132838852,0.344016017,0.6068471018,0.2065666749,0.9486991317,0.2868723875,0.5030781738,-0.002906153515,0.2325300196,0.6026293852,0.8569980503,0.1962587335,0.07156484294,1.127330162,0.5128310796,0.2261564799,0.3923581138,0.1633383549,0.2157775072,0.3336291571,0.1624743787,-0.04357728412,-0.03398620292,0.1351268854,0.4062500231,0.08617029359,1.340513346,1.36321045,0.3829094644,2.033522731,0.759216747,1.611237789,1.517940033,1.915799627,2.232961917,1.071154809,0.149162333,0.1485970716,1.329287296,0.9075916728,0.9267999525,1.52230602,0.3785516338,0.5284379733,0.5095279256,0.1604446959,-0.1898121407,0.3299452134,1.275018778,0.9418945378,0.3420025775,0.2907135161,0.1593654349,0.7053613563,0.2560177876,1.036513215,0.497498825
0.4305842629,0.2626656863,1.607113056,0.1181855857,0.4102841845,0.887470738,0.3020962235,0.4702166638,0.3012773486,0.9170453587,1.05009347,0.841980689,1.553463963,0.2507611861,1.432231405,0.7702396673,-0.1842417207,0.1136314105,0.7578392721,0.02992612708,0.04444012909,0.3542350179,0.09908145825,0.5411781247,0.6201652993,0.2532262833,0.108863894,0.3456506154,0.5938209127,0.205287762,1.015241521,0.2883449132,0.446061268,-0.003569727038,0.2271108056,0.5865762978,0.8537961799,0.1950571277,0.0914408756,1.12162016,0.5677670517,0.299374414,0.389628316,0.1649196374,0.2151431641,0.3396697407,0.1586097749,-0.04402206029,-0.03743491984,0.1464621594,0.3977529238,0.08962270274,1.338926564,1.356784495,0.3868743602,2.03710642,0.7890708676,1.61026595,1.519420633,1.916248105,2.214677185,1.069476706,0.1498567138,0.1460861132,1.258569818,0.9234322965,0.9227989549,1.529336808,0.3817357144,0.5343140782,0.5079210685,0.1591445184,-0.1939441247,0.3294339911,1.309388143,0.9299585584,0.3494166138,0.2948677367,0.1643754394,0.7031447386,0.2560881922,1.042105673,0.4988037005
0.4328933326,0.2621406705,1.665120225,0.1168758738,0.4027413749,0.882888855,0.2997704417,0.4744196056,0.3057228669,0.9136631162,1.053344848,0.8472203388,1.532172052,0.2548665337,1.402144913,0.7748205231,-0.1817669744,0.1272526913,0.7606132662,0.02776265247,0.04431292618,0.355203451,0.09808174915,0.5320119618,0.6443912584,0.2521103015,0.1060211291,0.3489530463,0.5784699642,0.2033525586,1.08309505,0.290965931,0.3962053714,-0.001858250303,0.2234741004,0.5658365493,0.8519590223,0.1945499184,0.1160040633,1.111229965,0.6231060277,0.37632654,0.3872443367,0.1703681498,0.2160168395,0.3432365044,0.1612991032,-0.04029049969,-0.03788710321,0.1514793563,0.3911209186,0.08851315687,1.333893832,1.352838988,0.3915559962,2.040163173,0.822772651,1.607133079,1.52113884,1.91527654,2.196147785,1.077524983,0.148418858,0.14446305,1.183646002,0.9640339071,0.912795607,1.539007687,0.3836686246,0.5424686446,0.5067233775,0.1564017323,-0.1977992078,0.3294047082,1.341879487,0.9239843611,0.3536287511,0.3011809184,0.1723550173,0.7020660767,0.2546937257,1.05054988,0.5013578733
0.4344902955,0.2593725885,1.718516569,0.1145652355,0.3963331874,0.8748513114,0.2994236904,0.476393876,0.3072502143,0.9131675871,1.055820904,0.8529407229,1.504894865,0.2589071558,1.367656518,0.7843484926,-0.180948783,0.140489003,0.7606886057,0.02895182189,0.04708972989,0.3589944651,0.0959103837,0.5185813671,0.6739803257,0.2535132236,0.1048714651,0.3510729486,0.5691089959,0.2030682236,1.146561304,0.2929733942,0.3503109808,0.002538677438,0.2178230043,0.54667438,0.8503560805,0.1951243493,0.1412170968,1.102750973,0.6751153682,0.45302783,0.3867913158,0.1749563217,0.2086954055,0.3501391907,0.1590464579,-0.04026070947,-0.03447898817,0.1678202396,0.3885661761,0.08947310184,1.329724829,1.345071201,0.3937379997,2.044056136,0.8603952832,1.601238075,1.522132611,1.911838127,2.179008677,1.090617255,0.1476090873,0.1429705665,1.106682604,1.001862636,0.9061430111,1.543587898,0.3843935964,0.5513328704,0.5003977857,0.1527082274,-0.2010664277,0.3305180193,1.369419383,0.9199908943,0.3592776985,0.3083931108,0.1775001306,0.7041953597,0.255910009,1.055205853,0.4990467188
0.4396232537,0.2589505596,1.774281791,0.113929468,0.3895742171,0.8664664441,0.3017669345,0.4763770186,0.3107946213,0.9130656868,1.055427062,0.8584597455,1.472573224,0.2609912993,1.332286912,0.7915261729,-0.1780182702,0.1581003156,0.7556991275,0.03069442058,0.05329762874,0.3662916319,0.09926541281,0.5079986506,0.7052710403,0.258598649,0.1072075818,0.3472726523,0.5655215408,0.2050134203,1.204791367,0.2948479245,0.3158197952,0.005580600187,0.2144865385,0.5285914138,0.8495074132,0.1943753734,0.1657001701,1.090186976,0.7257857845,0.5310483219,0.3853008049,0.1777608329,0.1897669393,0.3560016262,0.1583160584,-0.04090867967,-0.03096632718,0.1778501215,0.3835125348,0.08900894112,1.321610662,1.33459824,0.3975605125,2.045138845,0.9022513158,1.596972,1.524754885,1.90810605,2.156282688,1.104442749,0.1478621218,0.1416812888,1.035096962,1.042220842,0.8952134358,1.54058248,0.386680012,0.558069025,0.4931617646,0.1496093982,-0.2036504399,0.3282643123,1.392074552,0.9102342878,0.3693699945,0.3138705959,0.1792957887,0.7041812524,0.2595333591,1.058399186,0.5012356486
0.4449063826,0.2617926245,1.822397208,0.1132215885,0.3822640267,0.861558158,0.2995888695,0.4744747539,0.3129023027,0.9133168094,1.050761179,0.8670039036,1.432628848,0.2637231246,1.293476133,0.7950651793,-0.1759799249,0.1748836242,0.7466225131,0.04112720721,0.06503037737,0.3767544312,0.1003196944,0.4936380988,0.7396823249,0.2645976553,0.1156742668,0.3415200158,0.5686623827,0.2102988995,1.262366976,0.2959754243,0.2878509177,0.009692075621,0.2130561964,0.5135258064,0.8480567839,0.1951769348,0.188855665,1.073999338,0.7699667222,0.6037420409,0.3827775491,0.1796347056,0.1696202208,0.3614881548,0.1575006573,-0.04151402856,-0.0286832119,0.1896562288,0.3816431177,0.08877595324,1.316095361,1.326547813,0.4011879739,2.04605652,0.9371365373,1.593890274,1.526185026,1.90420962,2.136642857,1.119184682,0.1452306767,0.141148727,0.9619469083,1.088753134,0.889792782,1.535143011,0.3878467024,0.5693075832,0.4859561928,0.1450787035,-0.207250241,0.3311039019,1.414270025,0.9057046911,0.3840484662,0.3199487735,0.1837587724,0.7050739591,0.2608324116,1.058774811,0.5037059528
0.4465487887,0.2624161293,1.875260129,0.1145827977,0.3760941953,0.8551946846,0.2996007189,0.4749583401,0.3175380406,0.9153784388,1.050082296,0.8720290611,1.390710931,0.2670090781,1.252172398,0.8072280576,-0.1747926599,0.1926617833,0.7354733823,0.05555494414,0.08074650018,0.3899600353,0.09936551864,0.4802831416,0.7836024253,0.2713058875,0.1293448839,0.3347970493,0.5758767975,0.2132208883,1.322287279,0.2965997335,0.2630525732,0.01706561114,0.2161398538,0.5040007318,0.8473206815,0.1953277813,0.2133208492,1.064251857,0.8051697011,0.673014356,0.3827159294,0.1838829193,0.1454657077,0.3662782657,0.1618302098,-0.04331929501,-0.02353363467,0.2035592694,0.3791774203,0.08872474826,1.308869302,1.318239871,0.4072476215,2.047732546,0.9768085957,1.590103447,1.528034007,1.898921229,2.113716351,1.137814734,0.1428779678,0.1431596531,0.9024511861,1.142674835,0.884519629,1.526514501,0.3914860507,0.5790529544,0.4841289126,0.1419851419,-0.2121062443,0.3353584617,1.433832074,0.8960300931,0.399874851,0.324652417,0.1871527562,0.707153845,0.2625945932,1.057442586,0.5046034126
0.448936496,0.2634106349,1.923438398,0.1139353353,0.3652218174,0.8501687738,0.3008877614,0.4757194422,0.3219829677,0.9161382139,1.049085566,0.8872505924,1.344063169,0.2678027128,1.209444555,0.819491515,-0.1741835511,0.2108921556,0.7239823992,0.06690909671,0.09587904887,0.4039751699,0.09920190228,0.4688939844,0.8286247568,0.2783292398,0.144575251,0.3284543536,0.5807068851,0.2159201678,1.368908143,0.2966396237,0.2442152591,0.02268024727,0.2147378204,0.4989889488,0.846959164,0.1948189861,0.2376946952,1.050440625,0.8308699748,0.7402367055,0.3789322581,0.1895589576,0.1222761096,0.3664844556,0.1622074941,-0.04512109075,-0.01970083742,0.2142029317,0.3765949686,0.08833434086,1.29826579,1.308468393,0.4169534225,2.047880723,1.015733969,1.588500683,1.530351351,1.891175334,2.084434521,1.15760721,0.1396677661,0.1422228482,0.8472762641,1.191062092,0.8801130042,1.513174035,0.3936403423,0.5919575293,0.4842385622,0.1423038271,-0.2142620659,0.3382309108,1.449769722,0.88481294,0.4146891237,0.324985459,0.1908622031,0.7102239729,0.2663326923,1.05001444,0.5052642468
0.4525552933,0.263689661,1.966643115,0.1093270221,0.3569444907,0.8568704626,0.3039239735,0.4756606983,0.329451146,0.9221459344,1.043351871,0.903263976,1.291466638,0.2721644717,1.165126654,0.8269129957,-0.1717799406,0.2279492647,0.7133489748,0.07745397622,0.109014523,0.4151181542,0.1000643369,0.4549847338,0.8707637893,0.2837044166,0.1585261115,0.325843307,0.5841653803,0.2185469358,1.403601697,0.2957344285,0.2282739551,0.03108663447,0.215174497,0.5039607985,0.8477501361,0.1949608605,0.2631458322,1.036502897,0.8425475014,0.8094594759,0.3785905961,0.1967422548,0.105715249,0.3670020379,0.1635621946,-0.04519618419,-0.01215044623,0.2290124148,0.3726043062,0.08939009882,1.288887959,1.299080968,0.4271698456,2.046288046,1.046271344,1.58682797,1.531608938,1.881006343,2.053101981,1.175145082,0.1371280506,0.141829679,0.7922256178,1.243985949,0.8740208336,1.496887395,0.3949096565,0.6015968177,0.4834677503,0.1414615777,-0.2163044093,0.3399305516,1.456484997,0.8766780494,0.4291703614,0.326344956,0.1917994091,0.7149137431,0.2691079646,1.044749935,0.5044454078
0.4555584639,0.2639922625,2.004245964,0.1083442525,0.3504009294,0.869431824,0.3068807144,0.4753920548,0.3335753495,0.923329368,1.033874535,0.9215736697,1.238792944,0.274906636,1.120327438,0.8348660365,-0.1708281598,0.2515616636,0.700798909,0.08782450207,0.1206471715,0.424512458,0.1013275995,0.4424267962,0.9174976214,0.2914566041,0.1734458073,0.3223021176,0.588937807,0.2200721138,1.428876808,0.2954421931,0.2128794946,0.03924301034,0.2141195791,0.5117775561,0.8481722384,0.1942439435,0.2890492087,1.019313604,0.8438072323,0.8687046201,0.371618287,0.2022784067,0.08920115451,0.3592344998,0.1591988463,-0.04741478011,-0.009737051409,0.2425542935,0.3704901477,0.08941882526,1.280590922,1.287998618,0.4363413728,2.041898924,1.08104288,1.586186978,1.530630696,1.868085698,2.020798621,1.190756079,0.133893285,0.1430258436,0.7432265058,1.310537151,0.8721921344,1.480279943,0.3970606065,0.6101529399,0.4843220437,0.1424918639,-0.2186688331,0.3450807377,1.465326449,0.8726373139,0.4417218123,0.3223721946,0.1899438569,0.7159340661,0.2705611717,1.040596466,0.5016318056
0.4597712484,0.2657647531,2.038963622,0.105819617,0.3461233241,0.8911040809,0.3088041506,0.4770878288,0.3427079366,0.9272973059,1.022744566,0.9380871746,1.185933949,0.277174491,1.079737203,0.8447458809,-0.1696596148,0.2823791311,0.6906328616,0.0996375202,0.1352165192,0.4367106303,0.1045976668,0.4301217125,0.9673971802,0.2973484791,0.190274287,0.3187846604,0.5956924266,0.2247688767,1.45483447,0.2931313005,0.202286881,0.04703384231,0.2111574552,0.5233871129,0.8477548558,0.1915383593,0.3190486537,1.004114131,0.8416627453,0.9202865665,0.3673349384,0.2080792072,0.07592759081,0.3563187462,0.1544952868,-0.04797819131,-0.002111071048,0.2605909048,0.3707988471,0.08864338575,1.272139394,1.280950646,0.4475712799,2.033270909,1.111171966,1.583855513,1.533026131,1.851628524,1.992066974,1.207598859,0.1325759059,0.1440771249,0.707872403,1.368270785,0.8661654853,1.464469622,0.3978323347,0.617054601,0.4826726431,0.139997899,-0.2201571539,0.3474933401,1.466077508,0.8681194489,0.451462049,0.3173113706,0.1879060689,0.7172271148,0.2716600439,1.045607213,0.501253157
0.4632316274,0.2678255759,2.064891892,0.1056986638,0.3452141852,0.9193005577,0.3132697764,0.4731968645,0.3465482886,0.93197569,1.013441487,0.9561564239,1.139809072,0.2804714123,1.037275883,0.8544779459,-0.168078456,0.315485621,0.6805311848,0.1097826878,0.1454834005,0.4514711529,0.1063578496,0.416231304,1.019618896,0.2999148636,0.2073887809,0.3167560713,0.6038514692,0.2280991658,1.470125652,0.292178873,0.1925535831,0.05490236038,0.209067713,0.5367661068,0.8470604917,0.1910204788,0.3473094711,0.9831934037,0.8359055009,0.9557522618,0.3654296808,0.212698869,0.06431651537,0.3518383783,0.1568769707,-0.04894467763,0.001476451297,0.27610733,0.3723658012,0.09000766504,1.263592911,1.275045427,0.4662344599,2.027044441,1.1434406,1.581804986,1.5348845,1.833420022,1.960923316,1.227695354,0.1315778234,0.1452626771,0.6742663534,1.422049273,0.8630990216,1.446245297,0.400432052,0.6237560553,0.483328133,0.1376559993,-0.2228957647,0.3485795663,1.472558853,0.8707064719,0.462467768,0.3091148914,0.1847164956,0.7206269616,0.2746668108,1.046950344,0.5026511562
0.4645126111,0.2686739767,2.081224741,0.1036936791,0.341002343,0.9534560442,0.321099567,0.4722711116,0.3553740733,0.9403615485,1.003896,0.9705233848,1.093477844,0.2835482973,1.000097271,0.8662562332,-0.1657958151,0.3529606965,0.6711469857,0.1215930677,0.158362483,0.4659246122,0.1079960369,0.4045103581,1.069671552,0.3059171952,0.2304148487,0.3157019836,0.6134593723,0.2345251379,1.479083214,0.2889037641,0.1849598496,0.05842057153,0.2095210696,0.5492407886,0.8457944418,0.1887998326,0.3755992949,0.9553525322,0.8253236158,0.9780176526,0.3665878472,0.2201935617,0.05530425012,0.3473668994,0.1555439815,-0.05164083737,0.008298399944,0.2844677354,0.3757875028,0.09078024237,1.249560733,1.269272753,0.4904972754,2.022526829,1.174373552,1.578451439,1.537028622,1.814157853,1.928413565,1.248835063,0.1315526237,0.1462323346,0.651598674,1.471728837,0.8649413064,1.425599601,0.401299747,0.6287943818,0.4864576166,0.1357306498,-0.2240813298,0.3481103684,1.474282245,0.8785162903,0.4743572205,0.2981566071,0.1782083772,0.7247532233,0.2802273032,1.049113469,0.5012363165
0.465446871,0.2703085828,2.092936609,0.1039734057,0.3407192821,0.9841197928,0.3241431739,0.4717959773,0.3635488433,0.9478226613,0.9898512021,0.9833395447,1.049194433,0.2867215535,0.9644374212,0.8784785676,-0.163448655,0.4013987953,0.6595180657,0.1337107065,0.171560106,0.4790321038,0.1123211616,0.3903831451,1.119868195,0.3106883233,0.251931169,0.3125427799,0.6237085926,0.2367235594,1.483818445,0.2842084547,0.1825694468,0.06145727092,0.205184666,0.5622531486,0.8466755044,0.1868819667,0.3999373626,0.9273244262,0.8088856767,0.9725470822,0.3659044192,0.22570909,0.04777461962,0.3407626844,0.1538212137,-0.05420313831,0.0140649075,0.2901480879,0.3790239565,0.08782592117,1.243505142,1.261727342,0.5114761708,2.017309815,1.196954362,1.576507332,1.537399673,1.790524787,1.898468815,1.267340331,0.1294874525,0.1488508021,0.6356010125,1.523889197,0.8569238625,1.40596188,0.4021242099,0.6323889347,0.4892818043,0.1319067737,-0.2258364921,0.3502807718,1.478382742,0.8829480464,0.4870150351,0.2867645222,0.173001981,0.7289354364,0.2860478724,1.051361696,0.5037945443
0.4684223184,0.2698572398,2.094420583,0.1044163458,0.3388203397,1.013442208,0.3307664623,0.4682095192,0.3706938793,0.9546390228,0.978062003,0.9973838792,1.012896542,0.2901685784,0.9273900151,0.8874741668,-0.1603687698,0.457486262,0.6468275063,0.1448793664,0.1842403122,0.491418154,0.113153814,0.3808446831,1.169832567,0.3181205912,0.2720520098,0.3076119155,0.6334336829,0.2404896901,1.483520516,0.2795910903,0.1805847973,0.06437190851,0.199773112,0.5763495632,0.8441089224,0.1838171423,0.4225221129,0.8913363688,0.7944778433,0.957249076,0.3701263559,0.2294850878,0.04046710716,0.3297794552,0.1567362572,-0.05734967468,0.01735132085,0.2925399394,0.3787775852,0.0868352951,1.238003391,1.253774888,0.5324386011,2.01787191,1.221495701,1.572236271,1.53809501,1.763572983,1.867654872,1.283116719,0.1293438845,0.1487410783,0.6246093603,1.564273216,0.8518933094,1.390968931,0.402285599,0.63516573,0.4921446289,0.133315282,-0.2293131967,0.3513053026,1.492122101,0.8858691397,0.4957735339,0.2770384389,0.1680692968,0.7396216553,0.2908129329,1.056913188,0.5069301195
0.4690144682,0.271687583,2.09650765,0.1048322488,0.3398830422,1.044323772,0.3372586944,0.4683318167,0.3790920862,0.9609794634,0.9671978976,1.012922785,0.9806437042,0.294667687,0.8925338918,0.8945209829,-0.1575525456,0.5251936952,0.6389879935,0.1540445421,0.1926749789,0.4998053339,0.1145718225,0.3703353833,1.210932499,0.3225691943,0.2945819872,0.3070757635,0.6424835476,0.2416612933,1.482760202,0.2779504206,0.17908922,0.06576567637,0.1969363792,0.5920347822,0.8422353883,0.1795670247,0.4445012201,0.8513149493,0.7785450746,0.9329690487,0.3704388187,0.2340394634,0.03463339309,0.3204716331,0.1584176507,-0.05943588422,0.02119732281,0.2966727922,0.379374326,0.08629378589,1.232800432,1.244926225,0.5551343595,2.017980714,1.240536458,1.566699659,1.539321983,1.732139123,1.835172053,1.290515774,0.1272661301,0.1502102144,0.6193238902,1.576592179,0.848000065,1.383169064,0.4017332942,0.6362551106,0.4928840818,0.1337537341,-0.2341544638,0.348135516,1.494071784,0.889406321,0.5053480998,0.2649309543,0.1657299329,0.7471211119,0.2977612016,1.062772593,0.5082025545
0.4708543256,0.2723374549,2.091260193,0.1060802749,0.3428029208,1.074692,0.3433020743,0.4677750574,0.3822325116,0.9690468061,0.9572041283,1.030168127,0.9520164821,0.2980598223,0.8617327709,0.9040794401,-0.1525918532,0.6039792069,0.635068567,0.1618764456,0.1977367646,0.5102492497,0.1151382906,0.3600172969,1.245168207,0.3279902061,0.315515885,0.3096505166,0.6538093816,0.2457064649,1.480924672,0.276356854,0.1789308153,0.06567513805,0.1904264173,0.6068660436,0.8415350203,0.1748592928,0.4631307483,0.8051244409,0.7605167182,0.89869903,0.3700973645,0.2361703562,0.03013276235,0.3114979301,0.1618480294,-0.06341773001,0.02658338914,0.3027042059,0.3801895518,0.08301164114,1.224759937,1.2340295,0.575932813,2.01578801,1.25252663,1.561315577,1.539723558,1.696084699,1.807313557,1.289527854,0.1227625442,0.1510191159,0.6145437655,1.591169819,0.8461466012,1.372640465,0.4035180512,0.6386514792,0.4937624563,0.1315611271,-0.2361522894,0.3492492369,1.491171633,0.8966077966,0.515154057,0.252374187,0.1604577294,0.7597219232,0.3064022632,1.065752104,0.5089442039
0.472958758,0.2759514559,2.088996773,0.1037507265,0.3431115872,1.108272741,0.3499234918,0.4646278709,0.3916108954,0.9810345332,0.951543021,1.046059319,0.9274020774,0.3015410337,0.8293325106,0.910022621,-0.1478913683,0.6882822171,0.6292786016,0.1690335055,0.2056661133,0.5174972918,0.1158024698,0.3444224885,1.279807206,0.334576463,0.3357454525,0.3124299595,0.6656443812,0.2473436519,1.477625811,0.2755048888,0.1791267627,0.0674537396,0.1860152453,0.626265688,0.8392275366,0.1716030669,0.4780610207,0.7561278478,0.7444063916,0.8661634973,0.3725454921,0.2344035935,0.02919877456,0.3052625658,0.1625061263,-0.06759377755,0.04088554646,0.3149695077,0.3820788118,0.08277470905,1.219956647,1.223943682,0.5939559778,2.012505056,1.259476072,1.5582159,1.541329324,1.655130208,1.780362533,1.281906656,0.1206764904,0.1510350346,0.6190587066,1.590656293,0.851700161,1.364106168,0.4060358991,0.640591571,0.4917960939,0.1305582181,-0.2366082319,0.3495091697,1.494249926,0.9057086776,0.5268418078,0.2422175184,0.1579125216,0.7687733507,0.3147933709,1.073560443,0.5132981623
0.4739231909,0.2790402861,2.088160134,0.103074562,0.3425553999,1.146290202,0.3543776245,0.4677016042,0.3978766424,0.9913162014,0.9414647776,1.062088228,0.9054548452,0.3034372395,0.7981143683,0.921532191,-0.1411881381,0.7771181775,0.6186822078,0.1769313633,0.2118054277,0.5264350374,0.1169367888,0.3330742119,1.306697811,0.339847971,0.3572421324,0.3148536519,0.6741206626,0.2485319701,1.473293395,0.2734833878,0.1761368957,0.06891220387,0.1858908255,0.643868565,0.8392831127,0.1663070158,0.491076947,0.7002160123,0.7269613069,0.8288566141,0.3770899017,0.2351850317,0.02919531504,0.2976184667,0.1698826283,-0.0680297192,0.05870790289,0.3191483517,0.381806255,0.0825097137,1.215376558,1.215370605,0.6111105385,2.010096188,1.263036986,1.558222406,1.541769922,1.612083273,1.752864349,1.271764079,0.1205100987,0.1526990712,0.622675556,1.590582705,0.8520175206,1.358764627,0.4087735359,0.6369556666,0.4922624661,0.132699744,-0.238660723,0.3520675908,1.497085529,0.9136039214,0.5403346058,0.2338149964,0.1532514439,0.7794478064,0.3219235357,1.077905336,0.5146097169
0.4730902289,0.2814998728,2.077314287,0.1006599777,0.3407606988,1.182439117,0.3580716128,0.4671123444,0.4027564034,1.00036364,0.9407334354,1.081245849,0.885590133,0.3048397913,0.7716217609,0.9329435115,-0.1362772796,0.8601485096,0.6109756422,0.1850866478,0.2167534699,0.5322669141,0.1154124011,0.3213414897,1.330149717,0.3432214565,0.3813789442,0.3167214001,0.6802568884,0.2506792351,1.46680535,0.2730125901,0.168893821,0.06939673969,0.1837747173,0.661577548,0.837442616,0.1615634187,0.5054775049,0.6413252482,0.7137278633,0.78891772,0.3783909815,0.2334666128,0.02865746345,0.2902225743,0.1809779001,-0.06799745742,0.07766628034,0.3256868995,0.3826460009,0.08216094742,1.213522085,1.213089804,0.6257072313,2.008487374,1.262498542,1.558894454,1.541791147,1.566387228,1.727763461,1.262114667,0.1196800143,0.1551575209,0.6249300828,1.59186686,0.8596472704,1.361534415,0.4116586471,0.6352524975,0.49343035,0.1347037598,-0.2395546949,0.3556700647,1.502013463,0.9280963985,0.5494026112,0.2279260191,0.1506003798,0.7943382023,0.3297587973,1.086256704,0.5197165835
0.4735100783,0.2829494438,2.065835353,0.1005414427,0.3462123841,1.216265425,0.3642311704,0.4687558186,0.4060538849,1.011150256,0.9396034962,1.100174844,0.8711648359,0.3094333089,0.7476810264,0.9447318264,-0.1302574893,0.9425325751,0.6097513239,0.1863157415,0.2163038284,0.5323179203,0.1142128176,0.3136761987,1.342069419,0.3464050539,0.3989978568,0.3260238938,0.682378363,0.2484949709,1.460572394,0.2711656184,0.1616774801,0.07035793047,0.1817154765,0.677688052,0.8345634787,0.1564341641,0.5218102979,0.5860002896,0.6980761134,0.7541553664,0.3814636882,0.2329931106,0.02724506117,0.2837744679,0.1863235803,-0.06834434392,0.1022671762,0.3316209984,0.3821821723,0.08458262518,1.215722508,1.208368789,0.6366684325,2.009293417,1.261405731,1.558570017,1.542313395,1.52042229,1.702836155,1.252774892,0.1178506762,0.1571698313,0.6341260421,1.583554667,0.8658432349,1.369230717,0.4162851006,0.6312842027,0.4931517575,0.1361595372,-0.2399541188,0.35687156,1.512865177,0.9359818468,0.5553864672,0.2230378744,0.1511228516,0.8054590113,0.3343221714,1.092958503,0.5194307246
0.4730752445,0.2842164613,2.050122365,0.09849776567,0.348001908,1.245023127,0.3711446358,0.4700695706,0.4068896905,1.022661753,0.931765558,1.113906902,0.8578575416,0.3135347071,0.7260253705,0.9494596513,-0.123083194,1.024484516,0.6132037446,0.1854298443,0.2085871465,0.5311473098,0.1160970534,0.305883219,1.340274735,0.3507943148,0.4135148112,0.3385584564,0.6817224958,0.2494833623,1.451541091,0.2709077927,0.1550177751,0.06661765758,0.1754279882,0.6905083533,0.8302542923,0.151749587,0.5366666678,0.525779632,0.6836808992,0.7114849514,0.3828473432,0.235809996,0.02413286614,0.2800641045,0.1924570105,-0.0688414436,0.1272120185,0.3345318791,0.3812396683,0.08480220971,1.212727387,1.204547294,0.6460109206,2.007919178,1.257639321,1.558872515,1.541072138,1.469519129,1.682393271,1.240395626,0.1167003581,0.15641916,0.637928888,1.571210571,0.8666801854,1.38178289,0.4187973095,0.627190913,0.4887641658,0.1357458979,-0.2410003952,0.3586237312,1.517660871,0.9502194144,0.5552072488,0.2178920957,0.1522776833,0.8123486441,0.3405346595,1.103160148,0.5204008894
0.4754989225,0.2860472698,2.026289001,0.0989795963,0.352116295,1.27821819,0.3774141346,0.4700151695,0.4073462392,1.034715561,0.9259507175,1.127830744,0.8485912118,0.3174829075,0.7041053601,0.955607738,-0.1153844817,1.10192074,0.6163805803,0.1857936185,0.202073615,0.5262922816,0.1169196211,0.2976900808,1.333916643,0.3523060137,0.4252588402,0.3525137498,0.6843053408,0.2494981145,1.442000827,0.2688234186,0.1500148642,0.06835818356,0.1727161748,0.700684188,0.8280639648,0.1479729885,0.5511373158,0.4642001036,0.6707689609,0.6603990831,0.3902706641,0.2394002475,0.02447323317,0.2774018728,0.2032473006,-0.06917200201,0.1551376422,0.3337220336,0.3820910011,0.0835742676,1.212456015,1.207237881,0.6518144473,2.005745496,1.249118,1.557480312,1.538886102,1.422021287,1.664839344,1.227161097,0.1179531483,0.1577752962,0.6340849276,1.573366452,0.8697291819,1.400560455,0.4216785309,0.6184434857,0.4862660374,0.1341670961,-0.2422130944,0.3630810364,1.518372542,0.9666814596,0.554016711,0.2155636458,0.150979276,0.8161501352,0.343566646,1.115068244,0.5245543363
0.478741558,0.2907792366,2.001389268,0.1005555163,0.3571680151,1.30432119,0.3825200743,0.4733313497,0.4094672505,1.041214873,0.9201262885,1.142987317,0.8426486382,0.3200437249,0.6859260725,0.9653245085,-0.1090042354,1.180507422,0.6222674107,0.1867808801,0.1962458906,0.5250019042,0.1164192269,0.2890398542,1.326015893,0.3566141634,0.4379989518,0.3625927763,0.690029235,0.2474128321,1.428620663,0.268272918,0.1463040273,0.06425495554,0.1690922085,0.7039155674,0.8249414613,0.1452105367,0.5638215874,0.4058048931,0.6594287134,0.6047251125,0.3901356134,0.2365259263,0.01988703134,0.2797353004,0.2144542009,-0.06991357609,0.1908503021,0.3277085651,0.3829949177,0.08279704796,1.212470845,1.212172476,0.657105665,2.004687853,1.241703299,1.557060519,1.538098347,1.373970817,1.653778839,1.216602633,0.1185122271,0.1588267621,0.6244765967,1.578684888,0.8743681592,1.42154874,0.4231551292,0.6103298341,0.4843377767,0.1342289202,-0.2446697745,0.3652015544,1.527198644,0.9815170051,0.555670536,0.2115056329,0.1546323679,0.8197136695,0.3468898132,1.129868096,0.5279545886
0.48442306,0.2955057749,1.979178397,0.1029211802,0.3634311041,1.329056527,0.3906224904,0.4783603481,0.413066052,1.056539451,0.9188894492,1.159244157,0.8358704344,0.3238557075,0.6699513057,0.9724025213,-0.1046424203,1.248910103,0.6277266989,0.189367986,0.1942689317,0.5256920098,0.116648681,0.280948766,1.316040358,0.3613340399,0.4510223234,0.3694369528,0.6909659453,0.247914285,1.415541919,0.2702700661,0.1462428,0.06151154351,0.1652280062,0.7052895186,0.8231925961,0.144655613,0.575864038,0.3503454786,0.6482388441,0.5520925067,0.3936352592,0.2316658765,0.01674486767,0.2823801205,0.231015589,-0.06955911714,0.2387287635,0.3265723716,0.3826276462,0.08081310818,1.210971604,1.21993421,0.6565452426,2.007878308,1.233316273,1.555827164,1.53887302,1.324411436,1.641000771,1.204819641,0.1196889162,0.1585415171,0.6130349909,1.56128195,0.877615583,1.450075386,0.4245052424,0.6003586256,0.4815234891,0.1334898034,-0.2446149326,0.369707441,1.535364518,0.9940543794,0.5589449293,0.2097640749,0.1604416472,0.8260840254,0.3500845709,1.14612661,0.5294420857
0.4874818404,0.2980078592,1.941714682,0.1036223599,0.3660549791,1.348052947,0.4029119375,0.4788576163,0.4068739956,1.072140086,0.9154776809,1.176850205,0.8302425303,0.3279308181,0.6504146427,0.9836682908,-0.0987864943,1.311037523,0.6284912689,0.1944381955,0.1928652133,0.5285609787,0.1150754546,0.2771033012,1.298227303,0.3649804786,0.4632026037,0.3780248863,0.6951648301,0.2465798137,1.399910213,0.2718473457,0.147190924,0.05742581835,0.1598097636,0.7046155048,0.8209416518,0.1452675855,0.581824331,0.2898637124,0.6340869934,0.5113357041,0.3931107816,0.2354030219,0.01390764218,0.2811186052,0.2484265835,-0.07087795895,0.3011358379,0.3177265715,0.3809199135,0.07673199825,1.207259297,1.226687872,0.6514704337,2.010780617,1.225389142,1.558212433,1.537336044,1.278459736,1.631087753,1.192765804,0.1184186903,0.1588281463,0.5953416262,1.535907245,0.8822172193,1.475061308,0.4258089648,0.5905117737,0.4799707343,0.1359352516,-0.2472878037,0.3733424763,1.538486541,1.007779395,0.564440997,0.2096848581,0.1632577448,0.8312287869,0.354098649,1.153788104,0.5327256473
0.4907839644,0.298153964,1.900995276,0.1032029286,0.3663714112,1.359680427,0.4100434144,0.4845009037,0.4015787506,1.089442534,0.9159502917,1.200121798,0.822704176,0.3305349283,0.634604335,0.9945053078,-0.09577800318,1.370456065,0.6267056364,0.2004519314,0.1938632357,0.528780466,0.1178654659,0.2732359325,1.276160798,0.3715308079,0.4768956153,0.3855668437,0.7004538838,0.245480722,1.38268564,0.2730208111,0.1493996781,0.05262678315,0.1577665089,0.7029532359,0.8197014475,0.1447791131,0.5875073032,0.2357359559,0.6197497383,0.4764982763,0.3943834242,0.2367600162,0.01196964253,0.2808037762,0.264478986,-0.07189114203,0.3729906748,0.3112022262,0.3834765341,0.07408047402,1.213625096,1.234313054,0.6358979782,2.009600805,1.215354897,1.559134695,1.534938162,1.226630126,1.626125106,1.177054705,0.1183106963,0.1577965212,0.573237971,1.51872337,0.8839775248,1.49755496,0.4263661776,0.5839402188,0.4779441154,0.1408270489,-0.2492946741,0.3775395879,1.539236402,1.022023227,0.5710836446,0.2097860618,0.1620592805,0.8322702925,0.3520567404,1.166142853,0.5357885651
0.4921087173,0.299203065,1.859586271,0.1049068584,0.367278941,1.371543014,0.416398621,0.487341903,0.394983895,1.102391753,0.9150031682,1.22452324,0.8152155001,0.3332748789,0.6177568051,1.003201702,-0.09229505792,1.418380279,0.6264571027,0.203889759,0.1900310414,0.5267406981,0.117349017,0.2690943106,1.250905542,0.3748498878,0.4839807232,0.3945962323,0.70132257,0.2431667224,1.366929151,0.2751922301,0.1562620734,0.05073012897,0.153696291,0.7007030781,0.8157440184,0.14570277,0.5908536562,0.1868863663,0.6112194357,0.4432628087,0.391342272,0.2368522684,0.01043953312,0.2776120948,0.280432254,-0.07299653545,0.4482597612,0.3089810088,0.3902495303,0.07024069416,1.220129915,1.240308408,0.6152414354,2.008777516,1.200704175,1.562312015,1.531848904,1.171163975,1.619224136,1.165298165,0.1169009183,0.1578426624,0.5463897615,1.50320053,0.8825811581,1.521436899,0.424787086,0.574943843,0.4732331402,0.1464739044,-0.2519431906,0.3816168853,1.53204069,1.03037487,0.5716559618,0.211603473,0.1621760225,0.8296185639,0.3481472534,1.183512034,0.5392349976
0.4946692148,0.3013899847,1.812066379,0.1037002996,0.3669252198,1.383824012,0.4252648344,0.4906173641,0.3812028851,1.114605668,0.917203376,1.25040481,0.8065030294,0.3366036472,0.6034068404,1.014988396,-0.08987046816,1.4565927,0.6269951182,0.2022815311,0.1839550894,0.5231031472,0.1159205865,0.2667081305,1.212126034,0.381566999,0.4933545028,0.4095095259,0.7026340971,0.2439494766,1.347409953,0.2776996526,0.1566025333,0.05075567306,0.1511313224,0.6965968703,0.8110168715,0.1472673997,0.5934130492,0.1402984897,0.6057642824,0.4226512359,0.3868749648,0.238299253,0.009005748486,0.2764909719,0.301747588,-0.07294234511,0.5238825675,0.3054843936,0.3956035441,0.06796847769,1.226468294,1.248040402,0.5907716583,2.006282858,1.186723532,1.563481262,1.531224493,1.119279418,1.6099994,1.153129895,0.1166150874,0.1566743208,0.5249089566,1.494670859,0.8884002193,1.541394023,0.4231794341,0.5669935144,0.4713766415,0.1535715469,-0.2533726986,0.3828696071,1.522847745,1.038763189,0.5715560477,0.2158373556,0.1584319024,0.8278592815,0.3440741546,1.201729873,0.5375697451
0.4977314249,0.3040403452,1.763922876,0.1028642517,0.3689190989,1.398406767,0.4300039767,0.4950251157,0.3738712306,1.127114708,0.9204538036,1.274493203,0.7978611067,0.3399598854,0.5917440208,1.026634199,-0.08859370238,1.483275064,0.6311404395,0.1976484956,0.1781210766,0.5180375946,0.1162091665,0.2610636517,1.173287951,0.3866952769,0.5023155732,0.4284878313,0.7044602201,0.2429694129,1.322472403,0.2818047262,0.1609565441,0.05238444651,0.1471663742,0.69100561,0.8089829018,0.1532085697,0.597179196,0.1006093867,0.5997711165,0.399394488,0.380043387,0.2354213836,0.006773814439,0.2748794378,0.3230199092,-0.07148754105,0.6032830647,0.3037074505,0.4076307371,0.06439753269,1.233262677,1.255595044,0.568153502,2.004414735,1.17270581,1.567075668,1.529082863,1.066523944,1.596947636,1.143548249,0.1176605238,0.1567830757,0.5125138673,1.475100719,0.8897335488,1.554641941,0.4212470461,0.555729796,0.4669468275,0.1577191679,-0.2541082334,0.3881463879,1.511563067,1.047093875,0.5696695342,0.2174552532,0.1559866822,0.8204730302,0.3393209682,1.207074984,0.540240227
0.5030849438,0.3048978969,1.712326743,0.1034609304,0.3650372612,1.414774101,0.4381509396,0.4984036354,0.3671694672,1.139944194,0.9215723317,1.300349361,0.7897317248,0.340384286,0.5828422626,1.039692768,-0.0860940714,1.496699716,0.6354890578,0.1956515774,0.1701149428,0.5128678402,0.1165212215,0.2570638837,1.137736458,0.3922112156,0.5058574877,0.4445923214,0.7056930697,0.2407426769,1.292925909,0.282495657,0.1662239822,0.05591150073,0.1416163015,0.6829889563,0.8080951611,0.1597527404,0.5986277591,0.06998760416,0.5977892628,0.3770483452,0.3717029059,0.2306177939,0.003241016463,0.273592859,0.342800708,-0.07346760484,0.6809264517,0.3087003444,0.4155711712,0.0616535114,1.238807638,1.268261067,0.5412927017,1.998272172,1.158091195,1.573710438,1.526266053,1.019952015,1.593800281,1.136346699,0.1214128706,0.158426118,0.5048685329,1.460433416,0.8944923899,1.559587478,0.4202186668,0.5469205263,0.4628742713,0.1635873979,-0.2540420524,0.3930918168,1.495999826,1.056176076,0.5651374411,0.2203545193,0.1527935699,0.8106865932,0.3319686261,1.210429752,0.5412167369
0.5061349458,0.3053081382,1.659667988,0.1026227021,0.3630997704,1.432827887,0.4424336567,0.5023644105,0.3573556582,1.152869404,0.9211341128,1.323163313,0.7833774106,0.3422178291,0.5731656939,1.048666286,-0.08662320073,1.495980633,0.6381440428,0.195256321,0.1643265303,0.5073030702,0.1156600348,0.2489892487,1.097577044,0.3959308121,0.5063274784,0.4581974265,0.7066950683,0.2377345549,1.254060903,0.2817590968,0.1769090973,0.06194503698,0.138259631,0.6755519523,0.8068895997,0.1679653523,0.6013592179,0.04342663162,0.5927478316,0.3626910579,0.3645510372,0.2305140102,0.001252749526,0.2746378292,0.3654942973,-0.07220881676,0.7575380517,0.3104589833,0.4280512791,0.05942963773,1.243415147,1.283022265,0.5197034149,1.994980621,1.146816247,1.57718318,1.523088471,0.9796618945,1.581627194,1.12929227,0.1255840078,0.1609592703,0.4989452485,1.440731385,0.8899586816,1.563722561,0.4187344978,0.535725335,0.4598328713,0.171873491,-0.2555316527,0.3966413132,1.483272786,1.061305017,0.5581386987,0.2243142469,0.153034535,0.8016623818,0.3238649864,1.212432769,0.5430329813
0.5090719319,0.3046644704,1.597229144,0.1005515915,0.361263023,1.447736975,0.4468604378,0.5058858674,0.3462457861,1.165212161,0.9169703989,1.350686362,0.7802460526,0.3419201123,0.5654117159,1.059959606,-0.08740088594,1.48847732,0.6403870317,0.1937208479,0.1552282314,0.5001485224,0.1152567109,0.2479576117,1.051465653,0.3982413842,0.5079578549,0.4699861413,0.7032463145,0.2344050985,1.218210472,0.2844318969,0.1868295668,0.06968654481,0.1354802929,0.668763383,0.8047412351,0.1733736887,0.6016248349,0.02311348442,0.5863525112,0.3498189347,0.3593334176,0.2317586166,-0.002675892882,0.275507767,0.3962005694,-0.07351261884,0.8276997743,0.3103983282,0.4384874585,0.05654774347,1.249445078,1.296105259,0.4974728307,1.990734851,1.134338223,1.578482686,1.5161323,0.9481708501,1.566069762,1.120034195,0.1271772451,0.1610616115,0.4852137908,1.426279183,0.8878165044,1.558929392,0.4153129804,0.523868319,0.4571578799,0.1815469529,-0.2583377239,0.4003801055,1.467997013,1.066093055,0.5453417682,0.2249830515,0.1526212344,0.7945363115,0.3152261315,1.209386798,0.5408425727
0.5139998444,0.3040074639,1.535054114,0.09982908345,0.3578806345,1.460206044,0.4533628266,0.5088578497,0.3408007411,1.186391454,0.9187170936,1.376981855,0.7794253378,0.343968082,0.5636963256,1.062371478,-0.08990826311,1.47275339,0.6492731737,0.1895669626,0.1472338654,0.4932222536,0.1144339746,0.2451263886,1.006472287,0.4008540836,0.5090597132,0.4839338794,0.7022733743,0.2318019457,1.178316338,0.2866365879,0.2027851357,0.07220869693,0.1267790381,0.6614650688,0.7999019407,0.1781268015,0.600098157,0.007063752505,0.5795057731,0.3411808246,0.3473029935,0.2275648671,-0.008863311899,0.2729429028,0.4100212185,-0.07601983548,0.8832772059,0.310409967,0.4457512485,0.05339376823,1.255944083,1.310094912,0.4765148879,1.988050592,1.121366435,1.579860784,1.512643513,0.9242851956,1.554988141,1.11132701,0.1272530785,0.1590427029,0.4682483686,1.416066741,0.8867087735,1.561464062,0.4110467155,0.5172883325,0.4580933001,0.1855338451,-0.2591480432,0.4004893764,1.447581767,1.069954511,0.5305666252,0.224827833,0.1482818019,0.7836866655,0.30662381,1.209693385,0.5399346651
0.5173679488,0.3058097338,1.473306777,0.1009932234,0.355650918,1.475121749,0.4562659333,0.5088853071,0.3300369625,1.210187193,0.9107325542,1.405965335,0.7801008668,0.3465214533,0.5604287392,1.069825675,-0.09119471162,1.458184274,0.6596166214,0.1872724589,0.139685059,0.4872548051,0.1124988427,0.24487875,0.9625627329,0.4063561724,0.5069492144,0.5012823143,0.7043240889,0.2293450054,1.135665194,0.2868218461,0.2193224478,0.07886179756,0.1185737973,0.6546487099,0.7988286574,0.1852994839,0.5978503968,-0.006911500791,0.5688649177,0.3330710514,0.3408787154,0.2238115776,-0.01480210377,0.2714951293,0.4219943624,-0.07696967818,0.9327578562,0.3099997888,0.4521008107,0.05064929318,1.258637264,1.319443366,0.4611755088,1.984926462,1.106842913,1.577967965,1.508053365,0.9108948524,1.548073443,1.098545348,0.1237948286,0.1550060854,0.4489053214,1.394280039,0.8814928352,1.556987672,0.4084218057,0.5098560896,0.4576483333,0.1901584542,-0.2606603215,0.4033250169,1.431071802,1.072201199,0.5203512832,0.2301220041,0.1447053136,0.7699308396,0.2980050958,1.199683679,0.5378683418
0.5230610056,0.3082251168,1.411307282,0.1011842271,0.3512952366,1.498988457,0.4580613424,0.5109055265,0.3228103346,1.233000443,0.9102919579,1.434289273,0.7783064329,0.3464980334,0.5569569342,1.080823436,-0.09421569347,1.443476876,0.6656389557,0.1844279263,0.1337003812,0.4844955114,0.1112909283,0.2477012586,0.9207671789,0.4109470115,0.5077448607,0.5152537382,0.704367946,0.2289953566,1.087334152,0.2909234297,0.2460678314,0.08482598677,0.1119778545,0.6475546266,0.7994424346,0.1933644213,0.5954012177,-0.01880302158,0.5573584372,0.3181632204,0.332720357,0.2226720412,-0.01956161518,0.2655130578,0.4360710404,-0.07724226003,0.9861879108,0.3090301276,0.4535627744,0.04546373344,1.262390915,1.330801825,0.4474632442,1.982582088,1.092797191,1.577874746,1.504104002,0.9068967544,1.536594745,1.085868299,0.1231277559,0.1520973898,0.4231089169,1.390859476,0.8759950928,1.544994055,0.4057672392,0.5032986095,0.4562610431,0.1967193637,-0.2627215926,0.4053668137,1.406099209,1.073813917,0.5079007913,0.2336621769,0.1395472538,0.7586193875,0.2916700476,1.192457935,0.5368471306
0.5301369973,0.3084658331,1.347081247,0.1022588514,0.3512469637,1.524426838,0.4587244641,0.5124279641,0.3149321009,1.256862572,0.9110566619,1.467461724,0.7757051775,0.3458406415,0.5555947696,1.090737516,-0.09831462222,1.426521757,0.671390406,0.1787190454,0.1285294857,0.478932144,0.1093884118,0.2547550907,0.8782934813,0.4112023095,0.5033547398,0.528958268,0.7033854303,0.2239781516,1.038945287,0.295208772,0.2854410998,0.09367800946,0.106115525,0.6386408381,0.8000895702,0.2011362527,0.591249349,-0.02844478883,0.5502587094,0.3080061313,0.3281562733,0.2132028853,-0.01980749138,0.2597902356,0.4442412323,-0.07811590498,1.030246208,0.3044377215,0.4559570017,0.04257594031,1.269729854,1.339484588,0.4372998942,1.98138259,1.074824498,1.578964878,1.501443506,0.9198801822,1.520840753,1.072732324,0.1224819339,0.1517870902,0.3936677955,1.387954816,0.872574472,1.533645715,0.4021354617,0.4990922836,0.4541165869,0.2025452457,-0.2637487646,0.4060970993,1.386305402,1.078505366,0.4986123119,0.2379019705,0.1343547896,0.7496809915,0.2826186779,1.187237049,0.535426757
0.5348625998,0.3089033721,1.286057934,0.1016914298,0.3503122192,1.545933296,0.4631588182,0.5157977983,0.305589353,1.282643901,0.907294477,1.492989385,0.7730418542,0.3472585886,0.5558311119,1.10252654,-0.1026934144,1.411765565,0.6814254856,0.1727482823,0.1219868656,0.47545158,0.1064529637,0.2624140225,0.8337784703,0.4106988098,0.4991900401,0.5421277584,0.7025394188,0.2198442888,0.9874028497,0.3026075682,0.3324442553,0.09991381364,0.09815076999,0.6305533611,0.7978681316,0.2090930057,0.5859193865,-0.03387737015,0.5413797623,0.3060372963,0.3201499379,0.2056574983,-0.0218854975,0.2521262048,0.4483264307,-0.08178260019,1.067467896,0.2989661497,0.4547556891,0.04120838,1.274952231,1.346603405,0.4275524917,1.982239763,1.060626787,1.578112755,1.500203095,0.9374874846,1.506845626,1.060131269,0.117524017,0.1493474661,0.3653906854,1.375956807,0.8660160437,1.516118351,0.3987206537,0.4961010386,0.4488786084,0.2060294358,-0.2613597215,0.4047691583,1.371214361,1.081989128,0.4877821721,0.2410836025,0.129583152,0.7410022557,0.2747176002,1.185990809,0.5311596249
0.5413556283,0.3099338611,1.223739067,0.1012136825,0.3492695954,1.567512762,0.4646367877,0.513865181,0.2982866696,1.31015082,0.9117364164,1.521400912,0.7727032477,0.3481509843,0.5555963058,1.107108915,-0.1073446465,1.396883968,0.6868719491,0.1670839571,0.1167757756,0.4677344932,0.1042335016,0.272375018,0.7911491006,0.4113286043,0.495326175,0.5585832248,0.6988325794,0.2173920478,0.9331250458,0.3094480823,0.3853271889,0.1096689515,0.09095271076,0.6230068348,0.7962213967,0.2159390958,0.5800123874,-0.03828014272,0.5329318078,0.2982170526,0.3163895774,0.2020627228,-0.02357907979,0.2447600037,0.4497591688,-0.08317774493,1.097374902,0.2943250861,0.4551755089,0.0367731634,1.280904171,1.353816144,0.4186692059,1.983226257,1.042119281,1.578441751,1.499406263,0.9631885141,1.496277134,1.045875954,0.1153333827,0.1467649426,0.3435849386,1.364059102,0.8602848619,1.493928604,0.3974086295,0.4918669323,0.4435268597,0.2083476317,-0.2590341238,0.4062622909,1.346894358,1.081423156,0.4754872262,0.2454280869,0.1258734811,0.7332042029,0.2670926767,1.179794756,0.5250311655
0.5418354562,0.3108762528,1.158396149,0.09920239441,0.3446340713,1.586675693,0.4640754105,0.5123728158,0.2898691666,1.333105341,0.9100760975,1.545538893,0.7753549633,0.3475517019,0.5534074177,1.117855279,-0.1085043479,1.384601065,0.692983066,0.1601301535,0.1049320049,0.457485434,0.1009136511,0.2826178707,0.7475499994,0.4092182733,0.4896950414,0.5800932687,0.6982924901,0.214250205,0.8753551346,0.3141346278,0.4415331307,0.1184379731,0.08515959901,0.6175573936,0.7930503485,0.220961752,0.5717900176,-0.04493435492,0.5284136668,0.2923653075,0.3119809805,0.2004993142,-0.02476498753,0.2394499737,0.4494777418,-0.08555838599,1.107533951,0.2901233747,0.4509610112,0.03551604108,1.285485487,1.359659228,0.4118596854,1.983709883,1.024228093,1.577846348,1.499045935,0.9994850143,1.492590881,1.034002326,0.1133558918,0.1470220876,0.3280575426,1.373029505,0.8581732717,1.466064591,0.3945582919,0.4913067898,0.4398739582,0.2096102434,-0.2593982512,0.403014789,1.324923005,1.083133714,0.4604094225,0.250816042,0.1172666951,0.7224732749,0.2610920329,1.16903321,0.5246904914
0.5477727957,0.3135016421,1.097852202,0.09969334311,0.342103454,1.605479274,0.461592379,0.5127897198,0.2844603487,1.355534534,0.9108633067,1.570185182,0.7766334283,0.3457933489,0.5525724261,1.123427644,-0.1109773191,1.368009655,0.69967393,0.1559377509,0.0972389689,0.447937017,0.09697262521,0.2914719955,0.7110438273,0.408212371,0.4852298676,0.5991902348,0.697202943,0.2136353156,0.8175040106,0.316884804,0.4984722743,0.1291223201,0.08185116444,0.614582035,0.7893560309,0.225160009,0.5632341534,-0.04434049841,0.5158100887,0.2763118074,0.3054489457,0.1889942677,-0.02781082641,0.2377247145,0.4463373927,-0.08830295156,1.095747187,0.2914134363,0.4474442761,0.03374809067,1.290528354,1.365195983,0.4089547336,1.982717566,1.004048789,1.576094615,1.498348552,1.039261198,1.487091838,1.023284885,0.1135365733,0.1465411116,0.3235059517,1.372203063,0.8539952732,1.435999465,0.3919480277,0.4870804768,0.4362036647,0.2100041988,-0.2582654103,0.4027136887,1.312287769,1.08807939,0.4499260094,0.256297781,0.1112074912,0.7106030455,0.254113816,1.161023795,0.5202578645
0.5494264708,0.3160273017,1.034687492,0.09993790566,0.3422430255,1.62487418,0.4612013483,0.5106948798,0.2777615953,1.374396984,0.9097333675,1.591308918,0.7809606145,0.3456950659,0.5516881418,1.134260914,-0.1118891748,1.349054206,0.7054252566,0.1536469407,0.09315222167,0.4397011793,0.09256793528,0.3028573506,0.673866493,0.410572035,0.4806659676,0.6146893233,0.6993116502,0.214424732,0.7619410556,0.3177221109,0.5558731124,0.1382555798,0.07893896936,0.6128386364,0.7863893075,0.2312496693,0.5522112211,-0.04053060206,0.5043786355,0.2538902119,0.2982028291,0.177147267,-0.03128114457,0.2377737419,0.43610627,-0.08996878503,1.070285958,0.2886253014,0.4359179755,0.03265386789,1.291159866,1.370764438,0.4054208671,1.986817266,0.9885048399,1.573805651,1.496955164,1.086958045,1.483633092,1.013778216,0.1123241763,0.1474983571,0.3239255354,1.368793028,0.8477434913,1.409512724,0.3872518965,0.4813650077,0.4308255337,0.2073849916,-0.2586429504,0.4011471997,1.289484036,1.082217043,0.4416525606,0.2643109708,0.111378214,0.7054433954,0.248566844,1.147091683,0.5152099158
0.5551128315,0.3180619125,0.9749533259,0.102022733,0.3444620381,1.639962587,0.4595266606,0.5092824586,0.2723461662,1.399555332,0.9109487317,1.609384423,0.7898900218,0.3449888721,0.5487713413,1.143612136,-0.1126547243,1.330082929,0.7095932581,0.1526237414,0.09049442016,0.4337692059,0.09046807398,0.3135363636,0.6372003412,0.4145459696,0.4772222218,0.6310127332,0.7013157303,0.2137406623,0.7064027487,0.3165664319,0.6097415094,0.146786251,0.07629923229,0.6141860612,0.7871098383,0.2377591303,0.5401844468,-0.03577229981,0.4897319281,0.2309094508,0.2944512319,0.1700310301,-0.03072999674,0.2385823726,0.428946266,-0.09152068998,1.037674169,0.2901429094,0.4255252026,0.03085635332,1.293206759,1.376700922,0.4033769279,1.990912586,0.9739611733,1.572734419,1.496058172,1.142409888,1.483323272,1.002104393,0.1109673076,0.1457610483,0.3288233615,1.372046152,0.8437629109,1.379843091,0.3863574165,0.4759215982,0.4254094615,0.203529441,-0.2560440254,0.4016567082,1.278225567,1.077762393,0.4351676569,0.2732588349,0.1126947642,0.7009078933,0.2450091348,1.137242528,0.5099826849
0.5591526215,0.319104034,0.9183678928,0.1041496223,0.3431836467,1.656924591,0.456998726,0.5073171539,0.2694696512,1.418792806,0.9108953213,1.623754705,0.8033210909,0.3427781203,0.5435470523,1.150360354,-0.1154542619,1.308535717,0.7141802246,0.1590067038,0.09069531911,0.4304339291,0.08870822846,0.3222086624,0.6110706186,0.4174194178,0.4729777148,0.6427305297,0.7064226401,0.212637942,0.6523548986,0.3169338201,0.6652232623,0.1522740602,0.07481121801,0.6164179605,0.7869511045,0.2453212538,0.528325766,-0.03079084554,0.4745107662,0.2124041177,0.2924050698,0.162484889,-0.03018360055,0.2363015922,0.4130257697,-0.09439022723,1.007475204,0.2896466451,0.4138999708,0.02867460944,1.291603599,1.382876067,0.4050726022,1.994098438,0.9571279553,1.572243917,1.492929846,1.194797528,1.48769868,0.993435337,0.1096712127,0.1457978229,0.3326399449,1.370157223,0.8365630094,1.3480036,0.3824820412,0.470923313,0.4175523599,0.19771451,-0.2545987664,0.3992784927,1.260531206,1.077776972,0.4304254308,0.2799899144,0.1159336147,0.693654771,0.2400403213,1.124366044,0.5055127991
0.5600541362,0.3204188225,0.8658517484,0.1072707383,0.3393565182,1.666904258,0.456518602,0.5041299954,0.2646321911,1.443181188,0.9099142814,1.640602654,0.8198067752,0.3400694382,0.5376796106,1.16214401,-0.1156381371,1.287085344,0.7167970656,0.1658161703,0.08857497652,0.430574598,0.08726138227,0.3354399012,0.586864267,0.418393815,0.469359862,0.6496964262,0.7096962141,0.2161188454,0.6034922384,0.3144493029,0.7173142403,0.1570837483,0.07755378251,0.619715369,0.7843093616,0.2492975459,0.5163142948,-0.02793625631,0.4618638301,0.1975714029,0.2898721849,0.1595392941,-0.02615409013,0.236430163,0.3973141931,-0.09715519634,0.9659665079,0.2952937219,0.3955342355,0.02656955087,1.28836458,1.388063126,0.4053106046,1.994675562,0.9350866043,1.571843594,1.491187255,1.253762538,1.503477453,0.9861974262,0.1075437282,0.146165153,0.3383912648,1.378339902,0.8354228284,1.314745143,0.3808108727,0.4695905602,0.4158516397,0.194279391,-0.2524444449,0.3961335929,1.241693932,1.072695983,0.4260648455,0.2877052559,0.1175673303,0.6906672898,0.2373103741,1.115358768,0.4984745238
0.5639458377,0.3233486745,0.8125892202,0.1098464747,0.3394235406,1.678788192,0.4503613608,0.5010374434,0.2588229929,1.466136249,0.9096331239,1.649887996,0.8393158003,0.3390401958,0.5302808012,1.177542841,-0.1194622375,1.262222697,0.7163442452,0.1712222479,0.09094082549,0.4281079997,0.08500866398,0.346355113,0.5592533828,0.41965121,0.4650369576,0.6581729298,0.7132176762,0.2201807322,0.5598683277,0.311559834,0.7683315566,0.1596369657,0.08332122209,0.6277090847,0.7831688154,0.2542427625,0.5023432883,-0.02761605609,0.4432150725,0.178880971,0.290730635,0.1565701926,-0.02483455311,0.2387239105,0.3774727666,-0.09901812383,0.9217927997,0.2898382496,0.3826939428,0.02303501131,1.28837877,1.388170721,0.4093240186,1.99968728,0.9117120219,1.569647137,1.489809619,1.313034353,1.523710922,0.9749555919,0.1050055856,0.1448713536,0.338320222,1.394539632,0.8312642378,1.287230699,0.3772258516,0.4705929717,0.411993513,0.1909067199,-0.2490727915,0.3964089123,1.228160047,1.071105476,0.4232925808,0.2971958404,0.1212140609,0.6903992955,0.2370342199,1.114339539,0.4948651727
0.5695214689,0.3270031568,0.7563067307,0.1125122421,0.3410475376,1.685629636,0.4467676916,0.4973426501,0.2585107617,1.488818881,0.9087256224,1.65561734,0.8625856426,0.3374540582,0.5217254915,1.198484359,-0.1218740783,1.236962438,0.7126505897,0.1809184577,0.09490397371,0.4296737969,0.08446536728,0.3625658889,0.5378168936,0.4253265256,0.4663622041,0.6669906758,0.7172708957,0.2248761269,0.5246648382,0.309673877,0.8138850468,0.1610768503,0.08665466274,0.6343826772,0.7817459903,0.2592081659,0.4876636765,-0.02401648965,0.4322196676,0.1535043986,0.2931681982,0.1523091168,-0.02342452665,0.2406555428,0.355186161,-0.1009360304,0.8766723032,0.2847933143,0.3671714522,0.02077180021,1.289720159,1.388135843,0.4083977864,2.002935742,0.8864114966,1.567523146,1.48847283,1.371377139,1.555495045,0.9668854638,0.1026378171,0.1437880041,0.3460113809,1.40779021,0.8355325224,1.260291592,0.3732721574,0.4686766965,0.4074574207,0.185994199,-0.2448691556,0.3955299021,1.217184179,1.064605513,0.4249809236,0.309397851,0.1239905576,0.684583029,0.2351050287,1.114012985,0.4907157809
0.5750968551,0.3258827095,0.7054105579,0.1179039959,0.3422326713,1.688829625,0.4403425468,0.4967796335,0.2541087268,1.510921685,0.9149181395,1.66268392,0.8872695128,0.3378429642,0.5130209939,1.214784856,-0.1242477692,1.210330086,0.7089929339,0.1902467895,0.1016777949,0.4354863453,0.08174753467,0.3778526295,0.5234714519,0.4338314429,0.4657530918,0.6710961991,0.7300013186,0.2334552529,0.4869836292,0.3028153955,0.8557991939,0.1629712136,0.0899777235,0.6412679935,0.7839107612,0.265164697,0.4717862155,-0.02047225048,0.4222945849,0.1223031247,0.2896430247,0.1510448625,-0.02570601941,0.2428542597,0.3271128909,-0.1001823878,0.8311306597,0.2801444061,0.3524009734,0.01978120905,1.291742406,1.3894883,0.4081667345,2.007132545,0.8644820998,1.568754792,1.488774912,1.428875531,1.588479998,0.9597296069,0.1006986444,0.142748858,0.3686677759,1.412647763,0.8304879179,1.23809179,0.3702808719,0.4675951092,0.4057515631,0.1775172275,-0.242449228,0.3909205566,1.199540662,1.060332079,0.4343305837,0.3230477015,0.129771301,0.6779038329,0.2325889924,1.11625937,0.486378186
0.5800658013,0.3271778002,0.6525296405,0.1217618917,0.3470463852,1.690290078,0.4365955479,0.4909336844,0.2507261597,1.531579356,0.9164657735,1.663905452,0.9144565447,0.3370470905,0.5028958674,1.237013341,-0.1272615535,1.185197198,0.7023086678,0.1990844804,0.1080213916,0.4386648064,0.08089946836,0.3898172437,0.507886972,0.4399491335,0.4644639454,0.6772657243,0.7403940487,0.2397263873,0.4534228298,0.2972318242,0.890815402,0.1647772607,0.0966856525,0.6481291375,0.785587676,0.2716140732,0.4577952138,-0.017532847,0.4084125495,0.09150817632,0.2907951642,0.1517015385,-0.0236545224,0.2459445873,0.3097000529,-0.1011828186,0.7870782372,0.2782641494,0.3412686614,0.0172629853,1.291224362,1.389668961,0.4066124311,2.007910805,0.842185167,1.568791215,1.487666476,1.482400889,1.619318432,0.953669867,0.09657790666,0.1428849284,0.4126652944,1.416318183,0.8326514439,1.212069135,0.3709301616,0.4668968038,0.4022086859,0.1731304193,-0.240419459,0.3887370392,1.191333229,1.055155869,0.4414926909,0.3374763648,0.1399110533,0.6739240262,0.2305115663,1.114000754,0.4839529646
0.5873908935,0.3262757346,0.6051991228,0.1255267436,0.3499740993,1.69677879,0.4353533194,0.4901590872,0.2478327136,1.546381617,0.9232511937,1.662747719,0.9416919319,0.3360193827,0.4956003871,1.25952675,-0.1299782392,1.156926304,0.6974967549,0.2043199565,0.1088741916,0.4365339047,0.08083629511,0.3991583351,0.4918831581,0.4447055888,0.4597123639,0.6862753206,0.7441806019,0.2420331892,0.4236737909,0.2932957992,0.9236465405,0.1640292657,0.1029363671,0.6533515533,0.7859781214,0.2767169557,0.4395537534,-0.01360014059,0.3975121117,0.05991222691,0.2926743053,0.1544360178,-0.02088857141,0.2510112676,0.2889340546,-0.100099012,0.741194051,0.2759808413,0.3292780716,0.01868380996,1.297932109,1.388811854,0.4031390605,2.01205803,0.8189011701,1.57110435,1.489973052,1.52906373,1.646455604,0.9532507504,0.09367820012,0.1443541568,0.4707641049,1.423954278,0.839010979,1.189906416,0.3669112016,0.4636037033,0.3978174018,0.1651502585,-0.2377825462,0.3842113699,1.177594993,1.045484118,0.4467988029,0.3464049626,0.1513454498,0.6685536355,0.2281288784,1.119273069,0.4780779712
0.5928899287,0.3260601447,0.5591890415,0.1297176869,0.3528745987,1.692722269,0.4327843128,0.4865740767,0.2416787119,1.556531896,0.92416868,1.658136948,0.9748196128,0.3355887938,0.4854409681,1.279134709,-0.1320457619,1.12685213,0.6943341459,0.2060828984,0.1081300234,0.4323667586,0.08056221832,0.404745312,0.4781594141,0.4462997016,0.4517510483,0.6949336162,0.7512700363,0.2433551688,0.4009177781,0.2856628063,0.9428326837,0.1654037438,0.1150599299,0.6591988631,0.7866987806,0.281300236,0.4219258276,-0.009694999774,0.3878115852,0.03467310118,0.297501459,0.1525782449,-0.02050464774,0.2620165362,0.2667058236,-0.1024203881,0.6843958594,0.2696376921,0.322927907,0.01987642867,1.296656762,1.385460147,0.3992480554,2.012610698,0.8002070871,1.571406611,1.491470649,1.566926715,1.681911904,0.954525484,0.09111679881,0.1448134463,0.5425651809,1.418031748,0.8388537742,1.16877934,0.3628952439,0.4620969451,0.393807082,0.1572049604,-0.236570244,0.3806382907,1.162738481,1.03857924,0.4505620295,0.356327839,0.1635501373,0.6644694786,0.2258375764,1.126167249,0.4722424791
0.5994457121,0.3284151935,0.5162156228,0.1319629527,0.3523819357,1.68911006,0.431246918,0.4846920314,0.2408410788,1.564713413,0.9295124153,1.64801704,1.015951036,0.3356546009,0.475892533,1.307601225,-0.1350948882,1.097588493,0.6904152142,0.2113258786,0.1087397074,0.4318675412,0.07983830616,0.407385288,0.4678909051,0.4523674433,0.451153248,0.7044653199,0.7609100239,0.2463596623,0.3792240279,0.2767639515,0.9464189994,0.1640662416,0.1277763116,0.6657292298,0.7869412799,0.2851346083,0.403075605,-0.004591127542,0.3774184211,0.004103417314,0.2967994309,0.1525701728,-0.02236199467,0.2710059095,0.2450132052,-0.1033215357,0.6313052804,0.2616126586,0.3141854994,0.02256669695,1.296448339,1.380989943,0.3908957369,2.015318137,0.7817251302,1.572710723,1.494049496,1.592830448,1.723411845,0.9592231283,0.08646519391,0.1445622075,0.6185298113,1.410738569,0.8430943442,1.148509666,0.3609956454,0.4587279945,0.3919833337,0.1517561917,-0.2339234041,0.3749636194,1.154594996,1.032956426,0.4542877477,0.3650301879,0.1682130516,0.6612952609,0.2245869314,1.137576451,0.4681270068
0.6093809097,0.3290143474,0.4739140792,0.1385147234,0.3546663614,1.686740488,0.4249116684,0.4825798671,0.2387804821,1.567946048,0.9385318805,1.641198706,1.059708495,0.3347559917,0.4652260919,1.327612918,-0.1381800343,1.066106871,0.6818887801,0.2205588259,0.1162124275,0.4344321493,0.08022759909,0.4097946506,0.4692428351,0.4602691003,0.4505019368,0.7139965138,0.7722573305,0.2523269508,0.3609825501,0.265112025,0.9367089794,0.1672984735,0.1463448926,0.6721904669,0.789465032,0.2894915736,0.3828674378,-0.002371449143,0.3668375875,-0.02394949548,0.2992313482,0.1524454549,-0.02174519927,0.2818062712,0.2254601698,-0.1018166431,0.5819587566,0.261571487,0.3139484826,0.0250773464,1.297930936,1.37503221,0.3844293867,2.013703667,0.7631749703,1.574260063,1.495647119,1.612639649,1.769265497,0.9652367764,0.08586267661,0.1462098639,0.697508262,1.405980529,0.84444025,1.1319001,0.3579943089,0.4557479019,0.3892499053,0.1490102174,-0.2325533707,0.3712789222,1.136385227,1.021753852,0.4634860054,0.3733246802,0.1748331635,0.6633115556,0.2245454593,1.146067076,0.4608017753
0.616661457,0.3289127565,0.437361853,0.1429735398,0.3572387453,1.68756137,0.4222844838,0.4818389845,0.2365018234,1.57869638,0.9398546994,1.62720535,1.105796744,0.334747791,0.4548153306,1.359075435,-0.1421582193,1.030763571,0.6744488511,0.2322564095,0.1209602694,0.4427686994,0.08119782958,0.4095719777,0.465190808,0.4683410017,0.4502324151,0.7157095858,0.7851772759,0.2569444806,0.3515696281,0.2536204866,0.9170072332,0.1711466731,0.1672103415,0.6774191125,0.7897833022,0.2938567632,0.3654395978,-0.001959259005,0.3513842657,-0.04082313326,0.307681387,0.1534264772,-0.02167409149,0.2910799575,0.2054331735,-0.1018120681,0.5266575842,0.2580980469,0.3107596874,0.02761773454,1.302185347,1.367775927,0.3813407202,2.013256253,0.7481903703,1.575089486,1.496619354,1.625801543,1.813321657,0.9729260946,0.08358673812,0.1491911396,0.7683285266,1.397611844,0.8444140104,1.120063655,0.3528893009,0.4556153153,0.387258766,0.1484113137,-0.2333670872,0.3644276797,1.126067491,1.015682384,0.4720611421,0.3804799888,0.1776299086,0.664106727,0.2255424725,1.152587841,0.4578204838
0.6283882924,0.3266665883,0.4005864409,0.1487909886,0.3617748552,1.681311252,0.4196722669,0.4780363695,0.2353978612,1.59095368,0.9498632873,1.609643946,1.159473327,0.3365318279,0.4465104596,1.385487321,-0.1465289748,0.9883684222,0.6658882729,0.2461385144,0.1299034536,0.450774958,0.08192234884,0.409097494,0.4666688007,0.4786378045,0.4535060868,0.7149646187,0.7985029619,0.2616345812,0.3457828549,0.2410597972,0.8819098067,0.171934439,0.1874962379,0.6793572396,0.7896329161,0.2983024057,0.3458684262,0.001371944682,0.3301202298,-0.06122744252,0.3146624246,0.1541172155,-0.02205376369,0.295720512,0.1835355272,-0.1028229636,0.4753596226,0.2459682065,0.3100653264,0.02749850059,1.304560638,1.360396025,0.3790325964,2.012448269,0.7345213069,1.574754982,1.496290084,1.631601146,1.85568899,0.9783870839,0.08037375872,0.1496676399,0.8369262532,1.385608967,0.8422325514,1.112194618,0.3488279965,0.4504655313,0.3843401266,0.1469813194,-0.2333078332,0.3590826465,1.104496228,1.009214427,0.4828283717,0.3856455036,0.1803477208,0.6628691089,0.2253615922,1.162192301,0.4517658268
0.6388793832,0.3226010892,0.3716309158,0.155090268,0.3651598323,1.671022687,0.4136695136,0.478171882,0.2373727274,1.609068089,0.9596690108,1.585591469,1.221857148,0.3388346743,0.4365315391,1.412104012,-0.1523839648,0.9462413142,0.6593791804,0.2555038391,0.1354615107,0.4596548555,0.0868288833,0.4052498421,0.4640395086,0.4896766069,0.456211435,0.7122175757,0.8110418725,0.2651953126,0.339571339,0.2321011976,0.8469993146,0.1721440608,0.2088258396,0.6800740001,0.7906371386,0.3024651828,0.3231744219,0.003329259666,0.314082342,-0.07417728953,0.3279381624,0.1560793045,-0.02213383289,0.3003496116,0.1622752905,-0.1040592447,0.4234718679,0.2316864689,0.310829244,0.0284787251,1.307092608,1.354308489,0.3748196436,2.013568855,0.7225139895,1.574883721,1.495747057,1.632929059,1.899685118,0.9848886766,0.07573095531,0.1486895847,0.8928253889,1.383017223,0.8434387197,1.10931864,0.3454424537,0.4531531069,0.3802067787,0.1436829482,-0.2341301533,0.3538486724,1.083699986,0.9968499542,0.490153015,0.3888286443,0.1798865318,0.6639215964,0.2241594949,1.164641972,0.4454603275
0.6516117259,0.3229668166,0.3446186202,0.1608413927,0.3689756271,1.66180299,0.4066536799,0.4800053165,0.2383897228,1.631034948,0.9633720005,1.557618658,1.2857991,0.3402728969,0.425129821,1.437475568,-0.1579953695,0.9006898506,0.6493120599,0.2630637181,0.1411547508,0.4645302041,0.08801865179,0.3976410437,0.4627397168,0.4968516227,0.4566045366,0.7154368051,0.8225047912,0.2666835508,0.3333577929,0.2238638535,0.8047508743,0.1762957883,0.2292329918,0.6803623177,0.7917658696,0.3057312415,0.3003994501,-0.001745204024,0.2953457358,-0.08216198126,0.3361696401,0.1609360722,-0.01916898018,0.3059148131,0.147987235,-0.1041713064,0.3765298492,0.2205731013,0.3135975461,0.0304957893,1.304863164,1.348140485,0.3782230711,2.010214363,0.7062228903,1.574194672,1.496564312,1.633201553,1.940277937,0.9926688955,0.07081610884,0.1467488393,0.9489423137,1.375452337,0.8481795502,1.101936361,0.3415767899,0.4549972942,0.375606898,0.1413567817,-0.2320787652,0.3489795431,1.073199091,0.9945100954,0.4939111251,0.3913306887,0.1821200395,0.6615747146,0.2235626671,1.179713413,0.4404917628
0.6670180313,0.3238631435,0.317102282,0.1669432064,0.3708146833,1.652031248,0.4009897486,0.4804491643,0.2401423346,1.647608268,0.9673862604,1.529591085,1.348066544,0.3447713011,0.4194339771,1.461972805,-0.1634490423,0.8577910721,0.6426726181,0.2721629982,0.1458974443,0.4723988383,0.09019511023,0.3948648327,0.4580957003,0.5063704643,0.4571501048,0.7145265009,0.8334429581,0.2658743856,0.3279260006,0.2170740877,0.7578857257,0.1795631863,0.2473728338,0.6772518291,0.7919336253,0.3075267853,0.2755658466,-0.005878398283,0.2775642213,-0.09141519459,0.344126375,0.163134513,-0.02052707212,0.3092950894,0.1294687615,-0.1061496612,0.3262728762,0.2018860501,0.3115272547,0.03076612505,1.30991382,1.341700902,0.3799886547,2.00505663,0.6916146948,1.572112043,1.497614637,1.632565702,1.980355476,1.002073164,0.06747846954,0.1468161132,1.002048215,1.361307391,0.8464259987,1.093122627,0.3358034085,0.4562495276,0.3719346781,0.1426711676,-0.2331006869,0.3425805844,1.055852403,0.9874052075,0.4994941717,0.3934001444,0.1823077405,0.6590139669,0.2221045562,1.189260549,0.4377788219
0.6817247238,0.3225548692,0.2922151595,0.1705874619,0.3772202822,1.641942424,0.3971802062,0.4829242985,0.2416533958,1.671163924,0.9703588588,1.502094375,1.407479769,0.3487717497,0.4133121659,1.486304842,-0.1673455696,0.8211130477,0.6354528107,0.2779453374,0.1521693307,0.4780906961,0.09221203344,0.3904801145,0.4489482871,0.5148020181,0.4570539361,0.7123962622,0.8439193401,0.2658682587,0.3242901468,0.2100647834,0.7085378761,0.1860738127,0.2660957808,0.6740275981,0.7929444938,0.3077225595,0.2468512968,-0.007407446459,0.2596921481,-0.1059042927,0.3470585237,0.1712597141,-0.0223467811,0.3151048779,0.1171025619,-0.1060817458,0.2775581511,0.1861694066,0.3113471801,0.03009571334,1.31737887,1.332920601,0.3808339782,2.003097505,0.6831679962,1.570542283,1.50001372,1.634263981,2.015605733,1.009189918,0.06423818209,0.1474869602,1.055101766,1.347052403,0.8452721544,1.086545806,0.3325127881,0.4572141149,0.3690734588,0.1430536869,-0.2359649533,0.3370380589,1.046624488,0.978460598,0.5048220465,0.3959026339,0.1791047279,0.6584930839,0.2214328053,1.199489087,0.4360502148
0.7019362083,0.3235715542,0.2672936797,0.1748461961,0.3822143547,1.633963017,0.3896709735,0.4848648542,0.2431366686,1.689239965,0.9722951051,1.473752362,1.45825011,0.3548343558,0.4092904167,1.510088504,-0.1716654584,0.7821057291,0.6281626535,0.282474429,0.1581758158,0.4817272891,0.09436734419,0.3810464278,0.436529831,0.5230794743,0.4575430097,0.7102188372,0.8546576213,0.2648414999,0.3234682739,0.2010704816,0.6580608638,0.1897796297,0.2810347893,0.6684575533,0.7947577323,0.3086335514,0.2156768505,-0.006412300577,0.2399753333,-0.1211755919,0.3490966499,0.1725796745,-0.02556297022,0.3219201397,0.10391072,-0.1073898337,0.2384453821,0.1651088593,0.3143434279,0.03120689972,1.322905907,1.325466414,0.382134219,2.001578861,0.6778996841,1.569324789,1.500686364,1.634125617,2.047454833,1.01566006,0.05992464816,0.1468602704,1.108828408,1.333877903,0.8426651945,1.079048563,0.3274770924,0.4583916066,0.3606092439,0.1433845013,-0.2388682663,0.3321566725,1.037540346,0.9750817384,0.5093212432,0.3948434089,0.1785690409,0.6532000443,0.2178333087,1.212488324,0.4318140444
0.7192375318,0.3221688236,0.2464749598,0.1775651259,0.389483758,1.619211616,0.3839382622,0.4852894164,0.2404015149,1.713566744,0.9789887608,1.445816318,1.502701982,0.3595069124,0.4057960211,1.527860313,-0.174881031,0.7476626882,0.6255604102,0.2841756378,0.1588173097,0.4863055977,0.09719185966,0.3684034654,0.4224898411,0.5319879935,0.4579711294,0.7122066831,0.8614180443,0.2620429411,0.3221708598,0.1940309559,0.6042622664,0.1915483802,0.294275355,0.6574752158,0.7942684957,0.3064748705,0.1843166349,0.0001982693387,0.2272782441,-0.1289575204,0.3471819363,0.1770169165,-0.02858630137,0.325927279,0.09689675498,-0.1076835553,0.2009341782,0.1494951706,0.3125090902,0.03145765402,1.330478557,1.319542471,0.3815666099,1.998319087,0.6739110545,1.56805691,1.501398431,1.632095567,2.070850083,1.026834614,0.05605339753,0.1453914573,1.172885533,1.317909464,0.8380038592,1.067788736,0.3236659386,0.4565198069,0.3548339874,0.1422552411,-0.2391126063,0.3259367272,1.030032004,0.9659113781,0.5101249517,0.3916153547,0.1789170717,0.6518374143,0.2169488377,1.216465254,0.4271026669
0.7367342242,0.3224297029,0.2356190238,0.1808386722,0.392918617,1.61094843,0.3761682533,0.4867772054,0.2377847178,1.72573465,0.9855412039,1.419990901,1.535499778,0.3653976804,0.4052421462,1.54534426,-0.1776831507,0.7115114734,0.6258505106,0.2841175394,0.1594601643,0.4856644115,0.09845087251,0.3539169745,0.4090234708,0.5347010363,0.4540261127,0.7107203643,0.8673713387,0.2610433666,0.3260110042,0.1860570476,0.5513072968,0.1949114483,0.3137075754,0.6459363389,0.7969585907,0.3033964975,0.1558256054,0.008296244934,0.2099241628,-0.1349256829,0.3486332378,0.1798995315,-0.0287700312,0.3294095964,0.09147447088,-0.1078467836,0.1695187158,0.1320169657,0.3130131362,0.03608561355,1.336911252,1.313169857,0.3836414213,1.998233907,0.6702669028,1.56906598,1.503103557,1.630294257,2.090086729,1.037670779,0.054908869,0.1453921494,1.230582275,1.307658983,0.8343682754,1.059827662,0.3205349582,0.4574923889,0.3506356203,0.1430826583,-0.2399332498,0.320474823,1.016162576,0.9605990569,0.510144985,0.3868645225,0.1761756961,0.6540768206,0.2177905055,1.22145375,0.4239588861
0.7556087479,0.3248042944,0.2229992112,0.1822585939,0.3946319538,1.608384881,0.3723992483,0.4896117139,0.2323626775,1.740196085,0.9855531697,1.386270672,1.566729217,0.3702586023,0.4037057634,1.561114717,-0.1806399037,0.6774057311,0.6268856347,0.2840057397,0.158569744,0.4842343571,0.1030001223,0.340838592,0.3913828729,0.5375864832,0.4523446517,0.711434322,0.8707539337,0.2577152784,0.330756224,0.1827199447,0.5002718191,0.1926600864,0.3328062242,0.6323985019,0.7969991732,0.2996892504,0.1271154813,0.02095564238,0.197193382,-0.141623095,0.3471204898,0.1801666194,-0.02689655373,0.3345569198,0.08715515962,-0.1088663559,0.1387866232,0.1174863012,0.3157642884,0.0405465548,1.342857643,1.30633368,0.3844987225,1.994628258,0.6674290668,1.566175297,1.504765166,1.628602353,2.110459809,1.047769608,0.05256221738,0.1465416192,1.272605856,1.30143565,0.8297234757,1.051099047,0.3184611001,0.4594529381,0.3457330659,0.1471970107,-0.2406318115,0.3187553623,1.013213753,0.9510974737,0.5053350926,0.3819094528,0.1679464176,0.6554543392,0.2198911196,1.222477989,0.4223723021
0.7736020899,0.3271236701,0.2170394557,0.1827665498,0.3942465405,1.606889845,0.36508121,0.495127147,0.2246698261,1.749743299,0.9882966739,1.354832542,1.592540713,0.3750758037,0.4013913171,1.568183614,-0.1842528881,0.6443455067,0.629461404,0.2844885246,0.1557229584,0.482098324,0.1023017425,0.3275082304,0.3747349314,0.5423997781,0.4472109528,0.7081676284,0.8718954626,0.2552761833,0.3361307207,0.1773052412,0.4504392004,0.1916354821,0.3507549265,0.6184538969,0.7971735749,0.2954774901,0.09446730449,0.03400684005,0.1882032085,-0.1485300839,0.3439863365,0.178912433,-0.02816582347,0.3398711653,0.08538118604,-0.1091050984,0.111601711,0.1012909798,0.3178522967,0.0444402622,1.351692463,1.301933189,0.3866395631,1.993543885,0.6632459636,1.565536205,1.506278959,1.62575122,2.131688005,1.056968808,0.05366608503,0.1479945135,1.294970034,1.29098954,0.8198205059,1.038237269,0.3153798783,0.4572732363,0.3409637608,0.1495216524,-0.241473677,0.3152843263,1.003492371,0.9498335194,0.5002122345,0.3741024542,0.1639988278,0.6573801739,0.219586033,1.228251482,0.4187428664
0.7925580276,0.3293445568,0.2092760129,0.1838604409,0.3986006127,1.601283496,0.3592227879,0.4987389144,0.2204169999,1.765173714,0.9820798289,1.320233645,1.614311605,0.3800709057,0.3971810272,1.569710532,-0.187490376,0.6152431906,0.6283315178,0.2864528468,0.1571642971,0.4824895081,0.1047828019,0.3147825984,0.3560758306,0.5471963092,0.4443631712,0.6988724119,0.8787794567,0.2537368481,0.3395306921,0.1681045857,0.3982708666,0.1904699157,0.3673289606,0.6040819685,0.7954662232,0.2906481385,0.06611512213,0.03987239354,0.174319717,-0.1551618009,0.3362726167,0.1807863058,-0.03130015111,0.3462657998,0.08360700764,-0.1116049529,0.08907457852,0.08521994245,0.3207291326,0.0453391591,1.353328004,1.299956538,0.3886293832,1.990716939,0.6606276442,1.563993941,1.50409973,1.619789553,2.156129697,1.06639391,0.05594777963,0.1514046257,1.309111312,1.28399071,0.8083003841,1.029517236,0.3140357434,0.4571513319,0.3375645679,0.1501310911,-0.2428813012,0.3137106842,0.9937556388,0.9471422774,0.4972805324,0.3610305674,0.1543513987,0.659541361,0.2197545837,1.230488288,0.4169553414
0.8111794902,0.3302756262,0.2033522507,0.1807459851,0.3998517894,1.598162991,0.3536614922,0.5039176209,0.2192091399,1.78303067,0.983691492,1.285146135,1.627078994,0.3854239723,0.3954964956,1.565837174,-0.1908891137,0.589271762,0.6250456935,0.2939043264,0.1576622603,0.484448713,0.1057759002,0.2998355535,0.3406257812,0.5540460917,0.4457423221,0.6892153264,0.8845190615,0.2555205449,0.3461027112,0.162934032,0.3553239211,0.1875691384,0.3733960845,0.5878249373,0.793823919,0.2844524009,0.03656175798,0.04984334042,0.1633082954,-0.1547262026,0.3246496308,0.1832067728,-0.03379500889,0.3457626508,0.08160424657,-0.1121626848,0.0702381107,0.07348120699,0.3224050811,0.04827334038,1.360971017,1.296392035,0.3902036608,1.989989144,0.6548447056,1.564047745,1.502809751,1.6135642,2.177938966,1.074875458,0.05850509812,0.1530723074,1.306701404,1.276879462,0.8008064127,1.024099415,0.3127390698,0.4556261318,0.3349014566,0.1510183917,-0.243947167,0.3094129078,0.9922399676,0.9456046201,0.4976135673,0.346398285,0.1431011194,0.6678532649,0.221721359,1.228225988,0.4143612858
0.8293951895,0.3301687618,0.1949040488,0.1804432651,0.4023830364,1.598639751,0.3459430683,0.5066117605,0.2152298452,1.802614913,0.9778713421,1.253843868,1.634268938,0.390714678,0.3936082425,1.557980053,-0.1933162533,0.5640396462,0.6238072723,0.3027175116,0.159628003,0.4826359242,0.1087542508,0.2845536917,0.3247834325,0.5590641187,0.4436785141,0.6763348399,0.8892008307,0.2580583839,0.3545782352,0.1580285169,0.3153150349,0.184682542,0.3770837733,0.5723107338,0.7946796817,0.2781825542,0.01073961557,0.05750375611,0.1486238923,-0.1485642773,0.3156151227,0.1875063905,-0.03449133163,0.3479181136,0.08320842173,-0.1125140411,0.05447459741,0.06558486688,0.325459901,0.04767556504,1.367061709,1.293822672,0.3967372887,1.987833928,0.6505950886,1.560731951,1.499569296,1.608408819,2.19661775,1.082996411,0.06121331366,0.1557705991,1.302613357,1.273060169,0.7941373588,1.017239442,0.3115997649,0.4555972093,0.3299259629,0.1514062478,-0.2443980356,0.3078922806,0.9797255156,0.9403882032,0.4995668824,0.3375771233,0.1359370778,0.6760171946,0.2235430869,1.222489778,0.4079998742
0.8446988496,0.3299142416,0.1899596045,0.1752655085,0.4042628796,1.594408892,0.3406615257,0.5067862643,0.2118442144,1.821584976,0.9676550558,1.21911127,1.63408075,0.3958463499,0.3957982601,1.554025968,-0.1961751461,0.536671587,0.622310132,0.3113449111,0.1587741732,0.4793724187,0.1106154501,0.2687855698,0.3014133228,0.5635573912,0.4421061405,0.6666165699,0.8919068321,0.2566210643,0.3674526879,0.1557014666,0.2799436614,0.178863347,0.3733468772,0.556166067,0.7931093921,0.2687297751,-0.01339244768,0.07621068712,0.1378831354,-0.1413298643,0.3079677679,0.1891337991,-0.0375501333,0.3433539409,0.08716744901,-0.1129354426,0.04068679996,0.051341686,0.3252855312,0.04701209933,1.372225459,1.290680105,0.4001853543,1.986687556,0.6435294691,1.559460652,1.497004154,1.600444258,2.213500556,1.089028505,0.06278161894,0.1558874748,1.291114005,1.266350708,0.7892553157,1.011119983,0.3109587509,0.4525933003,0.3258782371,0.1513029766,-0.2452710062,0.30573365,0.974138926,0.9338743451,0.499422506,0.3289969261,0.131169472,0.6772015089,0.2266288751,1.217358489,0.4037617955
0.859955025,0.3308836209,0.1830587058,0.1747986632,0.4041744493,1.590164086,0.3346404192,0.5103217301,0.2054021689,1.830879292,0.9630737264,1.185585838,1.631317288,0.4001491691,0.3947045616,1.54659841,-0.1979533808,0.5126592343,0.6216912513,0.3199407699,0.1635951964,0.4736082765,0.1141966617,0.2556493152,0.2839798418,0.5663929236,0.4450606159,0.657789878,0.8980731527,0.2593190351,0.3772348437,0.1535017133,0.2483500785,0.1782920987,0.3679761767,0.5397865661,0.7937110651,0.2585791331,-0.04122190068,0.09417275855,0.1325354066,-0.1354037601,0.2975694866,0.1850007232,-0.04002465075,0.3392697783,0.08831077201,-0.1133034426,0.03075524592,0.0400734249,0.3241802797,0.04855145985,1.378552689,1.284544889,0.400862821,1.983638124,0.6371189363,1.557996553,1.493992452,1.591106083,2.229576642,1.095447999,0.06425043056,0.1535671257,1.288274209,1.256677603,0.7825620407,1.006453628,0.31091236,0.4496999417,0.3229477176,0.1484959406,-0.2437089598,0.307084615,0.9683719475,0.9246282409,0.4998964223,0.3215876192,0.1279424032,0.6783972827,0.2269500391,1.219629409,0.4005922531
0.8745791195,0.3320578882,0.174818488,0.171115319,0.4051026874,1.592063799,0.3277486925,0.512557873,0.1973783276,1.83160757,0.9489487331,1.15341533,1.617601742,0.4020281182,0.3921778997,1.543298545,-0.2011717937,0.4950106001,0.6235748622,0.3283680789,0.1641818596,0.4697024899,0.1183476131,0.2389036264,0.2635681437,0.5688988003,0.4400969582,0.6486632896,0.9028784929,0.2628180812,0.3842826477,0.1536392997,0.2224341933,0.1787246529,0.3632388987,0.5235482814,0.793766256,0.2491880248,-0.06529544448,0.1107897224,0.1267343187,-0.1313905533,0.2869143353,0.1828279622,-0.04204784637,0.3372689578,0.09390858957,-0.113140188,0.02220368812,0.03452402179,0.3299077658,0.05132549905,1.384805874,1.277963093,0.4012590643,1.979781151,0.6296084558,1.555477796,1.491637687,1.582597216,2.243969718,1.103803304,0.06624890454,0.1527140671,1.282976866,1.249075472,0.7774228028,0.9975147453,0.3117789846,0.4515074468,0.3202474142,0.145630546,-0.2417014718,0.3092656734,0.9617686953,0.9144966739,0.4984957875,0.3149495571,0.1274218129,0.683286855,0.2284218456,1.218493691,0.3949718231
0.8870939228,0.3343254602,0.1686100515,0.1660879709,0.4028179818,1.594299095,0.3250335728,0.5107384007,0.189039299,1.823960258,0.9363059976,1.122555718,1.598983618,0.4047408755,0.3931899109,1.543242228,-0.2029520296,0.4819260563,0.6228338795,0.3391343888,0.1683819825,0.4660163276,0.1202110047,0.222730501,0.2444383134,0.572571259,0.4372923263,0.6416661056,0.9085144656,0.2635290973,0.3948188637,0.151142089,0.1976691561,0.1789203916,0.3517785382,0.5116714502,0.7929677388,0.2406757817,-0.08503358984,0.1324211958,0.1246865381,-0.1259657845,0.2746051505,0.1828755519,-0.04182664531,0.3340891438,0.09896751735,-0.1138499998,0.01581214026,0.03087692251,0.3337912764,0.05468069903,1.390696785,1.27129077,0.4006955377,1.975698808,0.6253222669,1.554726205,1.487509628,1.575331482,2.254679974,1.109616837,0.07167614506,0.1554976739,1.277663872,1.238597775,0.7709400657,0.9850980966,0.3137345029,0.4486336722,0.3174723521,0.1451059422,-0.23981333,0.3073624305,0.9606903306,0.9059451352,0.4988973895,0.3095745122,0.1295089228,0.6891253459,0.2346086588,1.222870856,0.3937273443
0.9014294754,0.3340935847,0.16637908,0.1598575924,0.3998070845,1.597880208,0.3221070345,0.5067908873,0.1818133161,1.807846261,0.9248514457,1.088765975,1.578386362,0.407738143,0.3940235922,1.542659619,-0.2061409746,0.4742346373,0.6276540398,0.353741873,0.1693519092,0.4642863597,0.1228721062,0.2095799466,0.2266838332,0.576187838,0.4345071381,0.6306670411,0.9125588971,0.2677399328,0.4065187365,0.1502209687,0.1827139255,0.1760123062,0.3391640126,0.5010529619,0.7911953718,0.2314235573,-0.1011953034,0.1548743046,0.1236555698,-0.1207013841,0.2674383186,0.1874546761,-0.04386847233,0.3288769393,0.1030981865,-0.1150782089,0.01121461351,0.02514042687,0.3376196519,0.05766210617,1.398494289,1.266783466,0.3944169847,1.972410197,0.6190573463,1.555299716,1.48429151,1.567995519,2.26574996,1.115561967,0.07629756386,0.156513611,1.270889252,1.226966118,0.7669799025,0.9787086145,0.3165665139,0.4464126189,0.3158548992,0.144341666,-0.23816216,0.3068843658,0.9558525533,0.8908539969,0.501426841,0.3045895661,0.1260510131,0.6946477042,0.239967815,1.218401737,0.3905727341
0.9147099129,0.3332510778,0.1628282856,0.1527980244,0.3954474853,1.601692158,0.3178336722,0.5015004834,0.1769704273,1.787026862,0.9136656099,1.056061901,1.556143946,0.4090202497,0.3926889882,1.540357442,-0.2079729163,0.4642024045,0.6307001963,0.3674069445,0.1694804728,0.4590050143,0.1270479491,0.1893290605,0.2124919344,0.5768159527,0.4325296295,0.6182796456,0.9172720047,0.2764235133,0.4151125875,0.1496439694,0.1699896763,0.1746307262,0.3281839298,0.4928743646,0.7909959271,0.2228559645,-0.1145343531,0.1789896236,0.1233050648,-0.1157576365,0.2586041871,0.1903501532,-0.0463409891,0.3239867118,0.1083326477,-0.1130568384,0.0147911146,0.02273063008,0.3406290456,0.06460825146,1.402754567,1.261700868,0.389202087,1.972542846,0.6123929209,1.554792023,1.48054705,1.557133103,2.277160713,1.11829182,0.08103644743,0.1572359516,1.259505786,1.216397852,0.7645413264,0.9749647964,0.3213053289,0.4488472485,0.310604345,0.141248243,-0.2362246031,0.3058563702,0.9523669815,0.8814662004,0.5015217828,0.2982362938,0.1238104274,0.7032440971,0.2426547489,1.212485893,0.3867442657
0.9295752687,0.3358454469,0.1566094192,0.1481806328,0.3939019142,1.606710668,0.313080364,0.4993449849,0.1731511451,1.764148689,0.9031413817,1.024374212,1.536199424,0.4101433226,0.390899772,1.540792272,-0.210401121,0.4534564736,0.6362775039,0.3811488747,0.1683013361,0.4571634897,0.1288571392,0.1707829108,0.198584444,0.5799952649,0.4323686707,0.609656253,0.9205033382,0.2862765555,0.4209242524,0.148449486,0.1621944723,0.1731398908,0.3134301773,0.4889377368,0.79007486,0.2118701162,-0.1231571081,0.2007493182,0.1254320791,-0.1091589774,0.2536011107,0.1902241491,-0.04566875797,0.3182333277,0.1113320784,-0.1120390803,0.01175912587,0.02292561853,0.3401065386,0.07222250477,1.404461005,1.25836758,0.3834761624,1.971429747,0.6037832109,1.554659247,1.476466646,1.544146025,2.289771656,1.120788163,0.08458789939,0.1581220013,1.244312703,1.204322293,0.7625253012,0.9745727632,0.3245066918,0.4511619556,0.3061173248,0.1373601169,-0.2347906831,0.3083118911,0.9502883532,0.8713234711,0.5023230773,0.2936810427,0.1249178634,0.7123692296,0.246591487,1.204508308,0.3843186627
0.9380495879,0.3359116749,0.1536689433,0.1420777091,0.3953892781,1.613267906,0.3120535632,0.4969870582,0.1625528076,1.739442177,0.8915731939,0.98920452,1.522303448,0.4103540009,0.3877227284,1.539192223,-0.2126081396,0.4403352639,0.6394632467,0.3986167792,0.1694197213,0.4535962733,0.131997015,0.1561435973,0.185853604,0.5824301093,0.4299515664,0.6039172902,0.9228789189,0.2938816258,0.4271308142,0.1496299315,0.158310322,0.1742253656,0.302197175,0.490172826,0.7928361349,0.2021273577,-0.1284648625,0.2286809249,0.1268120964,-0.102997052,0.2546322275,0.1943241827,-0.04763893535,0.3124186824,0.1117941595,-0.1083690985,0.01012730436,0.02378976141,0.3434299468,0.0770659999,1.4103405,1.255002201,0.3776053918,1.970744818,0.5966933086,1.554528418,1.473128078,1.528924052,2.297772004,1.124399864,0.08886756599,0.1608496388,1.220096999,1.190884917,0.7599958957,0.9786395076,0.3292652693,0.452722091,0.302017316,0.1327731428,-0.2319785232,0.3093522929,0.9383489142,0.8592888539,0.503233798,0.2930305646,0.1279390882,0.7192858615,0.2501109465,1.193504352,0.3826917664
0.9454447844,0.3346718,0.1506382795,0.1383591612,0.392329828,1.619311665,0.3111011553,0.4950828789,0.1591556744,1.70124375,0.8741438872,0.9542678575,1.511859754,0.4125234723,0.3846608514,1.531112775,-0.2144192311,0.4262586324,0.6404452992,0.4174193041,0.1734412307,0.4508659207,0.1335337136,0.144175753,0.1786229271,0.58367482,0.4289041698,0.5917909948,0.9275714659,0.3037791027,0.4333114286,0.1531057583,0.1560968582,0.1785629806,0.2889098444,0.4962215246,0.7925607908,0.1920254949,-0.1311085555,0.2471014559,0.1261329273,-0.09261124967,0.2605575905,0.1988460484,-0.04624612315,0.3053993384,0.1095396707,-0.1071426774,0.01421858122,0.02310973726,0.3452230041,0.08350882157,1.412397902,1.251745245,0.3721596784,1.971186409,0.5858028733,1.556705025,1.471029564,1.517471338,2.306516362,1.126375573,0.0915151416,0.1638957891,1.194008034,1.18330622,0.7589647875,0.9796776495,0.3331776633,0.4546715213,0.2973097122,0.1276105531,-0.2311001258,0.31000382,0.9335538193,0.8478438997,0.5078637874,0.2928738375,0.1254686024,0.7267053192,0.2525731811,1.184472982,0.381353353
0.9507170935,0.3323012412,0.1398391284,0.1326597319,0.3857917236,1.623957377,0.3102429191,0.4900553282,0.154050649,1.669368085,0.8615130383,0.9219557701,1.504532322,0.4138044973,0.3820687673,1.519936038,-0.2172847082,0.4159089559,0.6433129419,0.4326131068,0.1728519933,0.4485911686,0.1358296042,0.1328061108,0.1677453959,0.5844204534,0.427099883,0.5813838899,0.9301022875,0.3090954543,0.4358537122,0.1574639009,0.1522835579,0.1798133579,0.2750085465,0.5056252205,0.7914377748,0.1811152738,-0.1341406631,0.2635245194,0.1223411154,-0.06767141108,0.2624885143,0.2013647995,-0.04852173888,0.3008065283,0.1067399426,-0.1067201978,0.01651843632,0.02285711877,0.3455158646,0.08813388402,1.415469735,1.249354628,0.3663537223,1.969175599,0.5790383183,1.556565411,1.46876477,1.502664797,2.309571283,1.126441658,0.09412978691,0.1641923386,1.17374727,1.179156237,0.7549419754,0.9794436208,0.3371870944,0.4565261893,0.2924181816,0.1223729011,-0.231007649,0.3079710763,0.9344540415,0.8374713191,0.5056809546,0.2902096003,0.1261167756,0.7294213768,0.2526286641,1.178033192,0.3792199539
0.954451724,0.3311386064,0.1340384797,0.1270184602,0.3811176512,1.622233638,0.3072960676,0.4815515691,0.1544105561,1.632178625,0.8456532369,0.888211675,1.495572362,0.4159234561,0.3806674759,1.51043025,-0.2210916056,0.4026313891,0.6462238007,0.4551729123,0.1750731347,0.4473922328,0.1362390667,0.1164084956,0.1634307466,0.5877372364,0.4250591909,0.5772150036,0.9323545044,0.3142272261,0.4398401208,0.1593347601,0.1470218461,0.1854800215,0.2601396716,0.5160783202,0.7914169377,0.1715608807,-0.1343332041,0.2737715929,0.1109960144,-0.01498846144,0.2662721857,0.2065711498,-0.05137288582,0.2961492495,0.1059990972,-0.1062852553,0.02531381339,0.01594997461,0.3448395748,0.09014602668,1.418329143,1.246567722,0.3621781873,1.96988332,0.5687747594,1.557719271,1.467281545,1.48705231,2.313431701,1.134579199,0.09554204141,0.1647991878,1.162091407,1.168162637,0.7538424735,0.9813768231,0.3404385554,0.4573116989,0.2871986653,0.1153281418,-0.2290340014,0.3064993285,0.9294080944,0.8290003081,0.5084259077,0.289218339,0.129962541,0.7293382526,0.2495689362,1.170107036,0.3766870107
0.9594075639,0.3309143308,0.1257502708,0.1249141678,0.3800014987,1.620489548,0.3055231991,0.4751193021,0.1587002544,1.587863166,0.8323416826,0.8603739551,1.485355949,0.4174522892,0.3791558975,1.506517288,-0.2234552909,0.3890353484,0.6470034222,0.479888102,0.179287048,0.4479673949,0.1423757426,0.102901927,0.1637905152,0.5909151088,0.427361601,0.5682132407,0.9368537567,0.3200625188,0.4481188257,0.163446633,0.146312532,0.1921115185,0.2480163587,0.5279225388,0.7897476963,0.1634798799,-0.1296999829,0.2846653015,0.1006191096,0.04691729336,0.2738209281,0.2123003661,-0.05187197409,0.2905517907,0.1012652238,-0.1069937788,0.0383831498,0.01197022084,0.3415110287,0.09211506222,1.418849321,1.243711496,0.3574058243,1.969348842,0.5603794137,1.557021627,1.466878368,1.475337469,2.316710755,1.14335791,0.09609439356,0.16480251,1.157930404,1.163686719,0.7557556363,0.9839074581,0.3405390907,0.4586249014,0.2787665586,0.1083018881,-0.2282698765,0.3066400431,0.9235618916,0.8147905322,0.5104349268,0.2886401033,0.1291007738,0.7305450083,0.2502669575,1.159704832,0.373777661
0.9619472793,0.3296910517,0.1180850597,0.1192495854,0.3769086074,1.618009966,0.3010383291,0.4715602547,0.1587823837,1.539717335,0.8258599251,0.831427472,1.47285716,0.4196715687,0.3778554051,1.506676412,-0.2251398614,0.3729411536,0.6496631081,0.505824002,0.1818920782,0.4473931906,0.143821813,0.09084199205,0.1656825439,0.5936270203,0.4325572047,0.5601362902,0.9371451289,0.3292417227,0.4570437404,0.1711262119,0.1488695053,0.1983791898,0.2376526021,0.5404245223,0.7881511436,0.1550449857,-0.1278716432,0.3032281306,0.09030578586,0.1146135983,0.2907458061,0.2137435364,-0.04996852798,0.2821943205,0.09944209266,-0.1077806824,0.05448182361,0.01255964688,0.3379475564,0.09137316598,1.424077833,1.241640008,0.3532811018,1.970604849,0.5537469571,1.556987103,1.467170528,1.472194327,2.316612213,1.148040117,0.09653416693,0.1638852689,1.152652637,1.155505512,0.7551962201,0.9853218136,0.3387194296,0.4602433185,0.2707931717,0.1063557458,-0.2284751697,0.3082280659,0.9219484255,0.8054915781,0.5093041285,0.290789963,0.1286096154,0.7320720637,0.2498283474,1.152520054,0.3692868796
0.9650856363,0.3278683085,0.1126697029,0.1197984934,0.3725879064,1.618009966,0.2966516401,0.4675614688,0.1613998259,1.489131607,0.8153662851,0.8028951434,1.461632626,0.4209795605,0.3785055158,1.506847791,-0.2275359516,0.3522854906,0.6526426673,0.53090578,0.1883843173,0.4468223388,0.1480375228,0.08178639171,0.1679685555,0.59929164,0.4358951418,0.5513782917,0.9384236181,0.3357138546,0.4671101001,0.1780377425,0.145885534,0.2019377217,0.2319151088,0.5557588108,0.7866308757,0.1474931935,-0.1255789603,0.312999962,0.07871465187,0.1838735483,0.310505987,0.214588265,-0.04975662179,0.278563913,0.1013932383,-0.1081372448,0.07529582682,0.01543315011,0.335165187,0.0908402782,1.427106509,1.241726006,0.3494118928,1.970997639,0.5456854894,1.554943747,1.466013502,1.471638681,2.317988428,1.1530961,0.09591511755,0.1637330029,1.153381806,1.147491745,0.7538760105,0.984448081,0.3372643691,0.4609881149,0.262674709,0.1029046856,-0.2271351383,0.3088620083,0.9150855601,0.7997194404,0.5077375706,0.2928516775,0.1297896679,0.7273569438,0.2501517182,1.144003567,0.3664598718
0.966901976,0.3260199736,0.1067793436,0.1176362417,0.3669369732,1.61698856,0.292519847,0.4649341982,0.1586924607,1.432460345,0.8064957193,0.7746700708,1.443533179,0.421426576,0.3791363341,1.500110309,-0.2301590052,0.3309444602,0.6581932948,0.5561170628,0.1948063906,0.4513120793,0.1519875205,0.07096377522,0.1750426197,0.6048532423,0.4405862941,0.5462711975,0.9407922346,0.3414468343,0.479557049,0.184974324,0.1438153967,0.2072626672,0.2337660026,0.5710556637,0.7838131579,0.1432580292,-0.1247028748,0.3222138154,0.06915127774,0.2502547731,0.3267114835,0.2167237259,-0.05199334915,0.2737511212,0.101805957,-0.1086457821,0.09533979785,0.01827819722,0.333532893,0.09310237235,1.428418558,1.240590439,0.3406353605,1.970004878,0.5396236575,1.555893695,1.464191352,1.477295393,2.317525851,1.152392162,0.09629150681,0.1605133155,1.153372926,1.138599005,0.7507610268,0.9876952767,0.334544354,0.458671829,0.2539762109,0.09810472333,-0.228382737,0.3079307657,0.9140110143,0.7916311352,0.5060427783,0.2881072262,0.1336875326,0.7235954305,0.2480453596,1.12945703,0.3641867396
0.9686239588,0.3252927065,0.100368922,0.1145614297,0.363490081,1.614499229,0.2897134066,0.4637129047,0.1596086219,1.377201869,0.7978228671,0.7513732984,1.421371055,0.4221498002,0.3786204113,1.494418424,-0.2319279123,0.311526308,0.6606920751,0.5776565418,0.2005311465,0.4553516929,0.1554397885,0.06024462189,0.1849054606,0.6126896264,0.4466373504,0.5344520295,0.9426906928,0.3473855109,0.4860772544,0.1913916088,0.1445953237,0.2094179467,0.2447363716,0.5864033877,0.7823127637,0.1423094955,-0.1241530052,0.3251925871,0.05852304151,0.3134444008,0.3453204255,0.2191786989,-0.05138255582,0.2745207591,0.1009033012,-0.1086491739,0.1220050995,0.02303339285,0.3316976341,0.09405177614,1.431688732,1.239391777,0.3392789763,1.970492053,0.5390255827,1.554812918,1.461443377,1.488258115,2.312621143,1.153276354,0.09791690465,0.1613901369,1.162762584,1.135517283,0.7481278273,0.9875277291,0.3330479933,0.4588182219,0.248805071,0.09388210946,-0.2281927978,0.3080122438,0.9125783865,0.7866118801,0.5034489394,0.2859919419,0.1353598636,0.7240038462,0.246934473,1.119667925,0.3653898566
0.9704642653,0.3240315828,0.09538125844,0.109853452,0.3595619293,1.611149808,0.2835526909,0.4581218704,0.1618557834,1.322235738,0.7894860092,0.7278039501,1.396993494,0.4229909036,0.3804330765,1.489876463,-0.2341328975,0.2903874319,0.665069023,0.5953329202,0.2016629912,0.4571102941,0.1569251188,0.04945003297,0.1901910299,0.6184994303,0.4468318519,0.5255971557,0.9414992961,0.3514712509,0.4998268556,0.1979592769,0.1447751426,0.2043665176,0.2605343847,0.6006525592,0.7788501577,0.1421490654,-0.1211696328,0.3280602729,0.04531997292,0.3808999639,0.3629026842,0.223916071,-0.04967255122,0.2714752434,0.1029929073,-0.109120664,0.1555106492,0.0268757882,0.3366759431,0.09200019134,1.429830898,1.239385855,0.3376590485,1.970360014,0.5353556701,1.552366579,1.458856922,1.503750294,2.304350705,1.154047086,0.09861456507,0.1631222317,1.170321765,1.12213572,0.7477464213,0.9859796429,0.3306693181,0.4553638474,0.2438963625,0.08977822281,-0.2297168121,0.3058093535,0.90696776,0.7844151942,0.4994303968,0.2814787353,0.1326635542,0.7220639043,0.243189929,1.105066864,0.3640779204
0.9698907746,0.3217740923,0.09375624241,0.1068272036,0.3571794187,1.606732798,0.2786621789,0.4554645275,0.1661890188,1.265195473,0.7808561072,0.7065440425,1.374102494,0.4253753298,0.3832210657,1.47847122,-0.2354629184,0.2697226376,0.6686252365,0.6166172589,0.2062307118,0.4592678791,0.1581925975,0.04146856528,0.1955631991,0.6255030019,0.4500130599,0.5184011685,0.9414951094,0.355197884,0.5173090349,0.2032430898,0.1495269778,0.1991755238,0.2791716006,0.6151721058,0.773493951,0.1409723137,-0.1199252346,0.3298496063,0.03241939991,0.4472725247,0.3796375768,0.2296349532,-0.05006814556,0.2715437901,0.1006724655,-0.1085989801,0.1952098321,0.02998170864,0.3351578168,0.08922056741,1.428499751,1.239991717,0.3385478292,1.971195615,0.532239152,1.551436434,1.455679784,1.521253106,2.295877309,1.157677542,0.09971605665,0.1638651052,1.177004784,1.114115499,0.74458579,0.9873863128,0.3255517791,0.4504343246,0.2373021317,0.08645455356,-0.2312582982,0.3023052718,0.9100575845,0.7773859362,0.4984041966,0.2758240449,0.1270770522,0.7181627509,0.2414742634,1.09092653,0.3642318225
0.9687161925,0.3190063206,0.09194471561,0.1051141558,0.355908793,1.602783299,0.2768394181,0.4516219405,0.1647250959,1.213186074,0.7673660163,0.6910609034,1.346649569,0.4251832163,0.3854540505,1.461705303,-0.2369001594,0.2464676262,0.6741160295,0.6372416449,0.2080653535,0.4573908451,0.1604331735,0.0355037039,0.2013366793,0.630935224,0.450838347,0.5082716185,0.9395243159,0.3591321769,0.5319487682,0.2105589517,0.1544823164,0.1934941524,0.3054040311,0.62556265,0.7707644935,0.1402596787,-0.1177995787,0.3266341155,0.01675037957,0.5086247496,0.3982602005,0.2328655986,-0.05191857344,0.2713288945,0.1049569568,-0.1040981587,0.2416868267,0.03766957569,0.3339291493,0.08892695033,1.429789288,1.240868071,0.3403950975,1.972198857,0.5284240917,1.549612804,1.455893142,1.538235313,2.284624548,1.16368168,0.09901772692,0.1627337689,1.187043689,1.108500224,0.7418016739,0.9888465901,0.3172572082,0.4453288146,0.2330412071,0.08320684756,-0.2331561024,0.3006199,0.9031607978,0.7796680475,0.4954386253,0.2731361391,0.1214639407,0.714541659,0.2380084305,1.077246923,0.3614007119
0.9674467636,0.3162725159,0.08624154877,0.1039276171,0.353009273,1.598569803,0.2744363924,0.4492331943,0.1649715376,1.166541575,0.760294684,0.6806862625,1.315568683,0.4242047883,0.3898348538,1.436321593,-0.2377849034,0.2230177656,0.6789101693,0.6539933157,0.2084200065,0.4550850651,0.1610722588,0.02711322868,0.2064383041,0.6352499901,0.4521728727,0.5030299185,0.9369609952,0.3629628481,0.5574543196,0.2196500447,0.1565947401,0.1869400207,0.3320981442,0.6356537953,0.7668618378,0.1394867776,-0.1183270003,0.3229812607,0.004735816487,0.5681267862,0.4221812526,0.2305875015,-0.05363753945,0.2679364758,0.1082386339,-0.1008735577,0.2844196099,0.04942251358,0.3283051299,0.0877748209,1.433200029,1.240080154,0.3410020138,1.973201433,0.5293006375,1.545841981,1.455941019,1.557027688,2.268977707,1.165978041,0.09711647092,0.1617464855,1.192691487,1.102186209,0.7354460204,0.9897184013,0.3102247201,0.4379395355,0.2303268831,0.07809048728,-0.2359224651,0.2982957798,0.8977360266,0.7830295941,0.4877394033,0.2694064445,0.1173164202,0.710651531,0.2327942866,1.066518607,0.3560631353
0.9620219564,0.3160286976,0.08097705037,0.103684561,0.3549192693,1.594294398,0.2715273165,0.450567913,0.1640136668,1.119242056,0.7488568525,0.6696238871,1.283374665,0.4211707936,0.3942719527,1.410318708,-0.2392811446,0.1994494781,0.6832775504,0.6693496296,0.2116730029,0.456047101,0.1607887044,0.02167823326,0.2098911624,0.6418825619,0.4525726303,0.5030773828,0.9363096879,0.3659540171,0.5933159572,0.2268856866,0.1640490776,0.1774242413,0.3600360115,0.6443829893,0.7620403303,0.1382123994,-0.1197145912,0.3155167452,-0.009346143529,0.6302026249,0.4525524915,0.2314934802,-0.0542011499,0.2648795051,0.1177260436,-0.1010987329,0.3216559583,0.06506317151,0.3214791955,0.08694807171,1.432441446,1.239397917,0.3431013204,1.973068341,0.528889139,1.544654024,1.455149616,1.57777127,2.256674782,1.169275327,0.09551546961,0.1632322324,1.200225645,1.098383218,0.7316099907,0.992419338,0.3012408125,0.4286368365,0.2296466164,0.0731180136,-0.2377791048,0.2972879767,0.8921177622,0.7856972587,0.4850388043,0.2671398989,0.113593758,0.7074747089,0.2318791669,1.054038747,0.3518612184
0.9567644276,0.3145136741,0.08165022066,0.1030634221,0.3498610429,1.591140663,0.269266751,0.4463756179,0.1590469928,1.073570782,0.7374767899,0.6627874793,1.244099383,0.418669746,0.4018421791,1.378912507,-0.2404969091,0.1764248113,0.6866437451,0.6806779867,0.2112769786,0.4519026357,0.1617379558,0.01686516077,0.2147773023,0.6438964577,0.4513036817,0.5036257716,0.9352634176,0.3673771795,0.641348339,0.2358968958,0.1739254649,0.1644685324,0.3916551009,0.6494983806,0.7577582096,0.1425664873,-0.1191663212,0.3081995468,-0.02328549097,0.6882480129,0.4852229177,0.2313662343,-0.05815592629,0.2605005368,0.1342653108,-0.1009993182,0.3649681372,0.07922067642,0.3216902748,0.0849041659,1.433988486,1.240832235,0.3461939007,1.971079935,0.5301023078,1.542971955,1.453671731,1.602410553,2.245016626,1.175876225,0.0944778976,0.1620524017,1.209820435,1.096741656,0.7279821701,0.9940421032,0.2929300035,0.4201594869,0.2274263313,0.0697423622,-0.2366899432,0.296819971,0.8825679333,0.7897649887,0.4786385736,0.2628500229,0.1084500782,0.7000139278,0.2299789082,1.049046199,0.3479556082
0.9501096735,0.3134447202,0.08027804398,0.102170525,0.3464445835,1.590831337,0.263157353,0.4441269604,0.1583144401,1.023998809,0.7293542868,0.658565142,1.201911723,0.4145957423,0.4089523718,1.34394836,-0.2430536359,0.1595670938,0.6937050798,0.6827150637,0.2056307362,0.446173866,0.1600803747,0.01111301292,0.2181904009,0.64711468,0.4487093227,0.5089481239,0.9356068131,0.3670152769,0.6935265094,0.2448621137,0.1856989132,0.1506514952,0.4224344745,0.6535016404,0.7504574495,0.1445029314,-0.1213917134,0.2925602405,-0.04118433934,0.7429595204,0.5087695063,0.2296891957,-0.05954986389,0.2597726866,0.1595208284,-0.1033608178,0.398481225,0.09402898028,0.3154873377,0.08175605463,1.432952716,1.238247327,0.3534624209,1.968532983,0.5324542343,1.539048553,1.45215807,1.62913897,2.234113475,1.176985214,0.09534720384,0.1611459576,1.218368571,1.105390199,0.7197333052,0.9925861171,0.2836340473,0.4108734494,0.2280534589,0.06556965119,-0.2383679827,0.2953595862,0.8817015574,0.794313379,0.4676928102,0.2629483576,0.09966083247,0.6957616125,0.2304180437,1.047666302,0.3436795072
0.9415523071,0.3130769765,0.07762605981,0.1020464003,0.344428387,1.594224379,0.2612037141,0.4397543711,0.1485906079,0.9836649518,0.7193651929,0.655352934,1.156215848,0.4073916998,0.4160301696,1.311547612,-0.2449070087,0.1426691047,0.7022582353,0.6905240445,0.2014798176,0.4435878428,0.1586380819,0.006690307769,0.2202864767,0.6516898522,0.4470561909,0.5155264262,0.9368946292,0.3695402673,0.7474612301,0.2507200563,0.2059027768,0.1340392934,0.4537205473,0.6572175012,0.748730545,0.148254064,-0.1191185459,0.2881071205,-0.05543754769,0.7907103726,0.5284839314,0.2254160562,-0.06193226634,0.254814783,0.1850483512,-0.1042682233,0.4313527407,0.1091951133,0.3110889384,0.07826671646,1.434459052,1.232846862,0.3580173292,1.962928003,0.5355150075,1.535806223,1.448811359,1.6535609,2.223189557,1.180053501,0.09669764711,0.1610897576,1.21445033,1.110132163,0.7131836493,0.9950044132,0.2743236282,0.4034774856,0.2265942461,0.06362233061,-0.2411755099,0.295059082,0.872145738,0.7964449138,0.4591338153,0.262807088,0.09152916748,0.6902865678,0.2283084627,1.0453217,0.3394880381
0.9333135331,0.3130479726,0.07819227271,0.1028479978,0.3467853619,1.592669356,0.2601149043,0.441751009,0.1447435909,0.9451364291,0.709427766,0.6532145773,1.106365038,0.3986566105,0.4216750041,1.290176632,-0.2476047485,0.1236894453,0.7097756069,0.7001139654,0.1987961268,0.4411376992,0.1583690306,0.0002835325284,0.2246949056,0.6605326528,0.4478716415,0.5271669077,0.9365938887,0.3731020694,0.8050320889,0.2570940384,0.234882022,0.1177873206,0.4825314625,0.6584159012,0.7449315607,0.1539576589,-0.1172505889,0.2935259778,-0.06541189356,0.8294209529,0.5490077948,0.2250804001,-0.06439986474,0.2492427543,0.2083635788,-0.1075634478,0.4563703648,0.1245038346,0.3075068279,0.07248034469,1.432188906,1.229397314,0.3623002588,1.961916831,0.5379217077,1.532110763,1.444884422,1.682165916,2.213223253,1.181991744,0.09614000737,0.161202619,1.205211588,1.107611629,0.7118625081,0.9978481112,0.2628061567,0.3948773246,0.2228892223,0.06160570049,-0.2418287156,0.2994741765,0.8626691429,0.8052312015,0.4554257163,0.264731787,0.08761620604,0.6885448218,0.2267185446,1.04377941,0.3344009221
0.9248696726,0.3147798269,0.07771508871,0.1073092325,0.3525684508,1.593022088,0.2587060712,0.4406904907,0.1380732172,0.909975327,0.6986711153,0.6541074581,1.055863838,0.3886387856,0.4287519435,1.263881328,-0.2498249357,0.1073047793,0.7168120346,0.7011416203,0.1932685189,0.4342393795,0.1600315023,-0.004211378129,0.2254579163,0.6632023631,0.4450033015,0.5324658523,0.9376798293,0.3751192421,0.8579944901,0.2632283947,0.2766424064,0.1010995862,0.5129867007,0.6596509616,0.7393967464,0.1587446657,-0.1182901024,0.3031159468,-0.07438079249,0.843711031,0.5690932196,0.2224696629,-0.06678626857,0.2445532182,0.2284469014,-0.1085213625,0.4733944081,0.1447863251,0.303200344,0.06946155477,1.431429149,1.22807255,0.3688953949,1.961983211,0.5404734711,1.52919928,1.440280969,1.709671516,2.206083199,1.180669503,0.09741247545,0.1619022582,1.189701216,1.118534925,0.7102341771,1.001388003,0.2501717795,0.3842189632,0.2222036577,0.05783817301,-0.2439431521,0.3034224202,0.8564714475,0.8084217834,0.4464361144,0.265343411,0.08036727341,0.692747957,0.2294374933,1.045010619,0.3274644053
0.9139926617,0.3116233728,0.08067792417,0.1083262543,0.3500430805,1.589292397,0.2577582071,0.436769454,0.1292069591,0.877604133,0.6861496231,0.6496897839,1.006717725,0.3773583999,0.4373780519,1.237653077,-0.2506829554,0.0905956924,0.7219687277,0.7054853952,0.1871513427,0.4261968248,0.1575973928,-0.007782623543,0.2236665495,0.6627711642,0.4411270424,0.5475885637,0.9377716889,0.3779994729,0.9084101816,0.2678298599,0.3235551273,0.08158601144,0.5418296436,0.6591727385,0.737221862,0.1645046297,-0.1191348354,0.3180189024,-0.08280071796,0.8475240821,0.5869700683,0.2226175769,-0.06874469191,0.2417276842,0.2569953614,-0.1076651237,0.4911976333,0.1625374011,0.2992927739,0.06474601972,1.429620287,1.223736938,0.3824325823,1.960310124,0.5422400344,1.527137261,1.434644546,1.73584638,2.199888544,1.175550707,0.09828325418,0.1633122412,1.164730193,1.121502756,0.7032555268,1.003827435,0.237999536,0.3784378558,0.2226790738,0.05445545203,-0.2458622224,0.3058476896,0.8582822256,0.8173775552,0.4372449548,0.2703570215,0.07512127637,0.6951800466,0.2298950181,1.043404595,0.3205532209
0.903692122,0.311270829,0.08166480886,0.1091991313,0.3513305667,1.59013299,0.2575391266,0.4293221508,0.1168916458,0.8482455612,0.678378963,0.6492529211,0.9628226594,0.3653310683,0.447999312,1.203971338,-0.2535980403,0.07389554951,0.7292192977,0.7167082255,0.1810603867,0.4176124963,0.1563266087,-0.01384391595,0.2226128917,0.6670649841,0.4348529586,0.5653661705,0.9412568798,0.3752459437,0.9639833694,0.2725687306,0.3699087728,0.06122006601,0.5712880525,0.6579307881,0.7351642621,0.1713417705,-0.1167320719,0.337323964,-0.08781072265,0.8467745184,0.5957445891,0.222095465,-0.07114810158,0.2359749416,0.2830527617,-0.1077319611,0.5006105645,0.1762405824,0.2963925163,0.06179145418,1.424738366,1.217776027,0.3912185956,1.956775624,0.543731843,1.52522934,1.427353633,1.754325088,2.196403738,1.174516562,0.09718139447,0.1606198556,1.134473503,1.131393452,0.6951929786,1.00369428,0.2297243621,0.3716323006,0.2220390495,0.04938261815,-0.247073201,0.3046153467,0.8582592371,0.8280668932,0.4290755997,0.2748662956,0.07283781958,0.697486126,0.23154788,1.045045986,0.3147941073
0.8900970526,0.3108947098,0.08469867656,0.108733396,0.3548505679,1.588425191,0.2563718256,0.4239987793,0.106357324,0.8210868789,0.6695805092,0.6507916728,0.9247346042,0.3532662296,0.4562900412,1.17790606,-0.254349679,0.05906611895,0.7385318274,0.7214907573,0.1718035898,0.4071468233,0.1533077841,-0.01987644055,0.2191557752,0.6643726819,0.4261677053,0.5828961193,0.9387212496,0.3728751367,1.014002986,0.2767054476,0.4199751189,0.04444708541,0.5987534131,0.6566197367,0.7336173458,0.1797340025,-0.1113427367,0.3656269025,-0.09175165887,0.8347672409,0.6024168355,0.2210544344,-0.07180278501,0.232370239,0.3111413936,-0.1073156605,0.5047271071,0.1857820446,0.2920631067,0.05839108772,1.41869083,1.211464156,0.4047798397,1.954103676,0.5484381455,1.522304561,1.422190601,1.771976873,2.194377227,1.17707784,0.09882225349,0.1611128744,1.094873175,1.129628943,0.6859290754,1.006057112,0.221568259,0.3655059372,0.2213082658,0.04430042747,-0.2498401814,0.3069159958,0.8601875787,0.8377547037,0.418347644,0.2817900626,0.07004743566,0.6987271298,0.2299770517,1.050897212,0.3089350957
0.8778055048,0.3133881084,0.09016011562,0.1118215284,0.3595456984,1.589808081,0.258890049,0.4182816185,0.1010306355,0.795616037,0.6589603959,0.6488401569,0.8970758688,0.3397446791,0.4638302674,1.158338413,-0.2562905837,0.04541430669,0.7438685187,0.7261063222,0.1599645997,0.3941251973,0.1493396743,-0.02361662532,0.2101834435,0.6627592684,0.4146594913,0.5992778862,0.9341209767,0.3672950316,1.062606091,0.2784719924,0.4719984997,0.02675483842,0.6218936935,0.6543578659,0.7301836355,0.1859546169,-0.1072639441,0.3946222751,-0.09718849012,0.8254651978,0.6136890843,0.225043588,-0.07223805966,0.2264809071,0.3335953398,-0.1076896553,0.5114803289,0.1927304117,0.2862862258,0.05571781795,1.41539697,1.209417487,0.4169013616,1.952767092,0.5548776066,1.518636739,1.417619764,1.782994103,2.196029581,1.185054723,0.09914616845,0.1632430294,1.058663763,1.132611265,0.6777258581,0.9991282877,0.2114106122,0.3580565961,0.2216281174,0.04070846103,-0.2515522378,0.3121620407,0.8579224961,0.8483640835,0.4078706806,0.288261208,0.06602413827,0.7000249098,0.2324027179,1.055233483,0.3061584186
0.8624010368,0.313903508,0.09436103905,0.1150901193,0.3624750216,1.590517031,0.2571464922,0.4142852141,0.09191981697,0.7677450559,0.6518093442,0.6442687774,0.8817244861,0.3252472161,0.4670839833,1.137960462,-0.2578327856,0.03470747674,0.7523694273,0.7317700611,0.1481897811,0.3824259002,0.1476436428,-0.02855977539,0.200656456,0.6613748243,0.405070619,0.6177415933,0.929844575,0.3656931189,1.114436995,0.2810857715,0.5198873321,0.01153821437,0.6392531571,0.6534432477,0.7279292558,0.1921407708,-0.09618385199,0.4286649378,-0.1017573908,0.8123407666,0.6177773905,0.2283095375,-0.07349524191,0.2236631625,0.3552164748,-0.1052163043,0.5058494035,0.2001514578,0.2819753835,0.05163712688,1.410449059,1.207202568,0.4257655168,1.949902049,0.5599229815,1.515688691,1.41619861,1.791630043,2.196582789,1.19258126,0.09844442521,0.1645090058,1.021724054,1.134394341,0.671699209,0.9957001585,0.2018308284,0.3556244187,0.2213325075,0.03581458435,-0.2571166859,0.3138922684,0.8581701284,0.8577351366,0.3975820874,0.2952784375,0.06614088024,0.7025616101,0.2305291849,1.052676459,0.2993791911
0.8445392064,0.3129698019,0.1001418505,0.1191258175,0.3658800774,1.591062815,0.2608574083,0.410022361,0.08140301754,0.7415791301,0.6443532825,0.6374145274,0.8719814609,0.3107251005,0.4697303299,1.112679558,-0.2592783861,0.02493162459,0.7619712739,0.7356404312,0.1344822433,0.3713243093,0.1451436281,-0.03435566377,0.1910509889,0.6578198843,0.3937928756,0.6381219033,0.923373949,0.3629632645,1.160057359,0.2834969197,0.569869783,-0.005067756009,0.6518648241,0.6540849647,0.7256020267,0.1976916614,-0.08666610932,0.4686025625,-0.1012366487,0.8007281225,0.6199704491,0.2291844698,-0.07596025609,0.2241321757,0.3744862398,-0.1042515271,0.4900008914,0.2121562964,0.274415544,0.05032527423,1.406420036,1.207639394,0.4321273741,1.950636554,0.5644971856,1.514768518,1.416639208,1.797619841,2.198898295,1.202944166,0.09686591288,0.1646710998,0.9905416991,1.144921398,0.6624173728,0.9897698953,0.1898531551,0.3525955845,0.2179336358,0.03164256644,-0.2595666596,0.3180832328,0.8635648723,0.8666617498,0.3849448826,0.3014869283,0.06127704964,0.7078553876,0.2331202144,1.052632325,0.2933785858
0.8266146211,0.3120250836,0.1043992862,0.121307336,0.3666311751,1.593614054,0.2598672248,0.4064115742,0.07020499623,0.7253263329,0.6360579484,0.6319847929,0.8702984123,0.2951499958,0.4722511182,1.092510362,-0.2609827415,0.01327770818,0.7680922876,0.7356795347,0.1225187716,0.3588164738,0.1429489226,-0.03845384789,0.1828809324,0.6538074167,0.3854164245,0.6545053389,0.9169679065,0.3575460275,1.204518614,0.2853132821,0.6178667712,-0.01912334976,0.6624274914,0.654476259,0.7274671169,0.2045275787,-0.0693084927,0.511022778,-0.0983641338,0.7907850682,0.6263676063,0.2275396752,-0.07739074792,0.2239872929,0.396642373,-0.1006257704,0.4738977467,0.223923488,0.271245387,0.04883942239,1.405278482,1.207383969,0.438391925,1.94793344,0.5683595869,1.5129182,1.415505009,1.801458064,2.199640444,1.20871466,0.09361213874,0.1643323311,0.9606658335,1.141215429,0.652444146,0.98254908,0.1803201276,0.3490648895,0.2159968664,0.02938522432,-0.2631770056,0.3208301303,0.8624662896,0.8767426311,0.3719681933,0.3128374385,0.06307557481,0.711905036,0.2347419722,1.054158699,0.2846117511
0.8103409754,0.310204822,0.1085556952,0.1225894955,0.3728606131,1.596037706,0.2577095621,0.4033402223,0.0640370734,0.7034327337,0.6337407766,0.6246950704,0.8732515659,0.2799925246,0.4746003088,1.071816392,-0.263675059,0.0005308844454,0.7755022788,0.7413956852,0.1092149071,0.3485904375,0.1391682076,-0.04306144086,0.1736768752,0.6480750901,0.3775177022,0.6735836253,0.912821045,0.3558529848,1.251600563,0.2881165074,0.6665420362,-0.03228797034,0.669256815,0.6548212468,0.726963304,0.2117261347,-0.05440312115,0.564151742,-0.09542298209,0.7823689,0.6275633541,0.223946186,-0.07636627069,0.2254823984,0.4081837497,-0.09975301943,0.4465525584,0.2287647697,0.2695058348,0.04382028756,1.403563669,1.204850051,0.4440757083,1.946459161,0.5704925037,1.50978381,1.413131778,1.80350364,2.204043716,1.212586059,0.08978037769,0.1633331893,0.9264682355,1.138590628,0.6453039436,0.9740369439,0.1731375283,0.3454049335,0.2123106259,0.02418333609,-0.2658001086,0.3249512404,0.8636343621,0.880748627,0.3617599494,0.321295484,0.06489882812,0.7164946665,0.2361706251,1.054350638,0.2788295475
0.7922126919,0.3097469647,0.11135063,0.1229598082,0.3784435445,1.59497887,0.2566130903,0.399613442,0.06003482769,0.6821354059,0.6252225293,0.6153458521,0.8807454743,0.2642003771,0.4759894013,1.061554286,-0.2655046445,-0.008522700146,0.7799725042,0.7507067809,0.100499504,0.3419701032,0.1375780833,-0.04635991365,0.1661323291,0.6475216073,0.3703096046,0.6883818736,0.9114521056,0.3529407515,1.285743048,0.2886441028,0.7125872416,-0.04440759722,0.6758008307,0.6529739241,0.7222473943,0.2188537534,-0.03775792224,0.6147514144,-0.09738335892,0.7778742934,0.6231051912,0.2291719182,-0.07537251235,0.2277649201,0.4128289346,-0.09856672176,0.4192368988,0.2323639294,0.2720517897,0.03733065889,1.39829072,1.202834646,0.4508165339,1.944518447,0.5704100266,1.508305369,1.408548571,1.805037907,2.213432902,1.217788899,0.08816287776,0.1653569889,0.8930783069,1.136740417,0.6382579087,0.9670432401,0.166559107,0.3431553944,0.2076315449,0.0220156112,-0.2681649737,0.3278721591,0.8641705117,0.8887132362,0.3553929392,0.3269999353,0.06276315789,0.7205443149,0.2379246805,1.051422999,0.2747751876
0.7738742592,0.3076501586,0.1144902281,0.1221888157,0.38526436,1.593294767,0.2554520259,0.3948790503,0.05462547235,0.6640130461,0.6192915964,0.6077460158,0.891810869,0.2493434654,0.4764683659,1.051911354,-0.2667612702,-0.01494064498,0.7838110655,0.7657119251,0.09038924517,0.3322995587,0.1359624603,-0.04862981123,0.1613227378,0.646222354,0.3652905671,0.6989939464,0.9080870452,0.3529754903,1.308929286,0.2928874609,0.753059686,-0.04959036646,0.6807735155,0.6522953744,0.7197059838,0.2279258367,-0.01374559059,0.6684125161,-0.1007795685,0.765024335,0.611358966,0.228904032,-0.07581053795,0.2328833769,0.412980299,-0.09450849415,0.3949524481,0.22762591,0.276421771,0.02861544623,1.395573746,1.201179476,0.458118558,1.943020321,0.5738184873,1.5060496,1.405128931,1.806877616,2.217879919,1.221952153,0.08429818642,0.1655974769,0.8584407641,1.132029926,0.6298663562,0.9569995421,0.1615673482,0.3421747839,0.2042853306,0.01898151717,-0.2715469513,0.3338375737,0.8645399758,0.8982120857,0.3466794793,0.3345761342,0.065492259,0.7233866867,0.236960873,1.052593274,0.2697018588
0.7554022732,0.3054424554,0.1161922752,0.1222847537,0.3945645817,1.590438472,0.2559473849,0.3916196994,0.04921670825,0.6465676288,0.6150372274,0.5974247469,0.9071775281,0.2333360612,0.4745918147,1.044280511,-0.2683044081,-0.02507838016,0.7860336423,0.7801441176,0.08600576472,0.3260681849,0.1333743808,-0.05249119089,0.1554953864,0.6436688596,0.360139064,0.7064736533,0.9086319016,0.3487801802,1.320942031,0.2933808019,0.7897339082,-0.0545007418,0.6836040037,0.651077625,0.7150020498,0.2340657715,0.005829260162,0.7205249639,-0.1021905674,0.7564350546,0.5950021392,0.2330373296,-0.07829730961,0.242099559,0.402309216,-0.09444036841,0.3652325433,0.2232513085,0.2758984845,0.02040491848,1.390543201,1.199669088,0.4624913712,1.938824128,0.5747706265,1.503194011,1.40166177,1.806868223,2.222064874,1.223712133,0.07920667428,0.165561579,0.8225918646,1.125548585,0.620900327,0.9421862452,0.1549152027,0.3422268512,0.2023419791,0.01572736537,-0.2775417078,0.3354322652,0.87030965,0.904740523,0.3391427933,0.3400206763,0.06383027625,0.7257249305,0.2370546057,1.045451157,0.2650686727
0.7401994211,0.3035309946,0.1154758857,0.1251548452,0.3986045305,1.586342814,0.2574239289,0.3861119712,0.04750032367,0.6351026814,0.6071519807,0.5871431788,0.9239721683,0.2165999741,0.472408755,1.044146507,-0.2698100738,-0.03601358789,0.7852242479,0.8091845565,0.08732504895,0.3265784176,0.1352787861,-0.05420625677,0.1545606117,0.6427876066,0.3613231559,0.7085843316,0.9102578901,0.3530902951,1.327626408,0.2946065149,0.8210194915,-0.0578306369,0.6862866757,0.6492126754,0.7122727208,0.2422243026,0.03038306339,0.7738817068,-0.1028602317,0.7492051418,0.5811173397,0.2317163047,-0.07849491922,0.2477939728,0.380125022,-0.09432804376,0.3439133819,0.2207273796,0.2766011724,0.01497994842,1.386563523,1.202595724,0.4655576005,1.936238025,0.5742027046,1.500369526,1.400147264,1.806692092,2.225716864,1.228015476,0.07413457226,0.1651091183,0.7891026331,1.109966648,0.6162632905,0.9334675567,0.149297937,0.3424054921,0.1977764542,0.01498408996,-0.2792888842,0.3374672069,0.8743647686,0.9079270046,0.3412071561,0.3405540233,0.06668360049,0.7291922317,0.2356269335,1.033205971,0.2597717422
0.7199701757,0.3031444837,0.118783657,0.1236867564,0.406643851,1.579603198,0.2532642496,0.3823095897,0.05199233533,0.6191944154,0.6025387159,0.574605542,0.9406697373,0.202666475,0.4720701228,1.045061139,-0.2720239349,-0.04447822285,0.7808685369,0.8278187662,0.08892543725,0.3278331489,0.1373107185,-0.05554687014,0.1538188426,0.6395818973,0.3613867,0.7085927213,0.9116834541,0.3535956738,1.33131911,0.2976061925,0.8460000945,-0.06167711821,0.6895591693,0.6460324543,0.705217799,0.2514245079,0.05489599631,0.820234315,-0.1061862675,0.7355268023,0.563224835,0.2376413352,-0.08020767477,0.2598804552,0.3608380519,-0.09239141637,0.3214488939,0.218991967,0.2750994874,0.01179253462,1.382119734,1.208451914,0.4695335631,1.936536042,0.5778217711,1.497301333,1.397938134,1.804800308,2.232038507,1.229647664,0.06741217389,0.1635053422,0.7606547359,1.088331083,0.6104189988,0.9237940518,0.1441687546,0.3416546828,0.1951594182,0.01281456302,-0.2806072524,0.3400225731,0.8798813442,0.9185599618,0.340419049,0.3411657957,0.07192820881,0.7317467288,0.2345982557,1.020482375,0.2553103959
0.7038921031,0.30241489,0.1221795029,0.1228362385,0.4168885417,1.575419303,0.251802406,0.3727977522,0.0494649237,0.6058180644,0.5937153795,0.5656266838,0.9661099087,0.1890874187,0.4701114775,1.042103931,-0.2722259491,-0.0535074103,0.7737006465,0.8447799077,0.09116117814,0.3273030747,0.1367508949,-0.05572775402,0.1530000792,0.6348499878,0.3624935422,0.7019155041,0.9178250688,0.3532249081,1.330190091,0.3002004789,0.8603570468,-0.06571230502,0.6922841102,0.6435172039,0.6991716589,0.2588061504,0.07477954718,0.853276107,-0.1095279154,0.7192858902,0.5420230163,0.239667158,-0.08130746956,0.2687076258,0.3359266372,-0.0909552542,0.3013582385,0.2167707496,0.272275129,0.008133839574,1.379852361,1.213428658,0.4749362916,1.933713034,0.579737114,1.495741831,1.395603258,1.80143626,2.24170965,1.233982899,0.06272553035,0.1609309396,0.7337637437,1.06915956,0.6015208976,0.9084720916,0.1395818,0.34210451,0.1917737108,0.00884520618,-0.283916078,0.341136443,0.8849323084,0.9197503363,0.3370368147,0.3400273539,0.071494167,0.7353803219,0.2336635208,1.004538625,0.2460713119
0.6877771615,0.29971133,0.126916304,0.1184508027,0.4207538687,1.575212731,0.2515657741,0.368012088,0.04894253176,0.5918161842,0.5912659495,0.552842578,0.9897885447,0.1751851881,0.4658366691,1.044196645,-0.272637885,-0.06151688183,0.770699438,0.8598788535,0.09193737695,0.3294788934,0.137062174,-0.05585093406,0.1524468098,0.6299829387,0.3601168334,0.6976438558,0.922456224,0.3565232541,1.333173522,0.3027148556,0.8607565316,-0.07178574961,0.6946546364,0.642496652,0.6948613488,0.2667317509,0.101770559,0.8853797665,-0.1086551718,0.7049849611,0.5225023521,0.2459694467,-0.08067825323,0.2761130488,0.3122216311,-0.09177612864,0.2822567407,0.2158740488,0.2666723345,0.003434744568,1.375201642,1.214524819,0.4757890717,1.927959489,0.5858981464,1.495169507,1.392929547,1.795954851,2.24558048,1.233591562,0.05464860588,0.1571585728,0.7191653,1.043661115,0.5883065352,0.8916997173,0.1348997662,0.3463550763,0.1870373701,0.007629101148,-0.283978244,0.3422899157,0.888244605,0.9249522879,0.3330103453,0.3403229269,0.07041266869,0.7340456894,0.2326854572,0.9837592684,0.2394907831
0.6713470981,0.2989963158,0.1273287954,0.1141294709,0.4269042512,1.578573324,0.2497074651,0.3652439815,0.0477147844,0.5827885851,0.5898313966,0.5500965063,1.014864007,0.1628622779,0.4609668709,1.04128056,-0.2753891058,-0.06976250451,0.7725638326,0.86846457,0.09251366972,0.328358126,0.1365081517,-0.05732286993,0.1515414465,0.6268964279,0.3605402971,0.6881032062,0.925139302,0.3566786272,1.336032657,0.3050724376,0.8510634533,-0.07538073048,0.6960903072,0.6426991892,0.6897870038,0.2728102868,0.1296284053,0.9153704417,-0.1046520701,0.694693832,0.5018339474,0.251248623,-0.08088870058,0.2814489213,0.2815118769,-0.09206256702,0.2611740164,0.2156131755,0.2596658294,0.002279334116,1.371422706,1.218236324,0.4680422186,1.9245669,0.5915480152,1.495862973,1.392292455,1.789937896,2.250069787,1.232299046,0.04803617596,0.1511493264,0.7140050869,1.01980661,0.5779567157,0.8768290341,0.1316559022,0.3438699583,0.1837471313,0.005112541385,-0.2858214269,0.3442107806,0.8845251791,0.9248689127,0.3289006442,0.3382378652,0.07342421727,0.7304915744,0.2331387788,0.9723956013,0.2332967269
0.654136661,0.2969969129,0.1323754934,0.1118633129,0.4363097636,1.573028882,0.2495047777,0.3641718826,0.05237530092,0.5733728383,0.5840140995,0.5415353556,1.042293778,0.1484127112,0.4511408432,1.047238326,-0.2758575566,-0.07593245083,0.7712460308,0.8641866907,0.09187658874,0.3296297909,0.1369776507,-0.05690642651,0.148100323,0.6158114819,0.3566867932,0.6785527764,0.9254709249,0.3611046769,1.335667728,0.3080942966,0.8340446248,-0.07742831242,0.6975578393,0.6427149501,0.6875188504,0.2767429653,0.1578173997,0.9414666416,-0.099097905,0.6838675947,0.4844917943,0.2530859497,-0.0816925603,0.2908227242,0.2541731027,-0.09200687797,0.2437942257,0.2120506755,0.2529676339,0.001616287263,1.375317617,1.224117986,0.4631867201,1.922970008,0.5987425236,1.496803945,1.393562411,1.785607296,2.251939876,1.233464256,0.04233424859,0.1498467139,0.7170749858,0.9871151793,0.5675176194,0.8627701498,0.1262780051,0.342624376,0.1810007525,0.004509063299,-0.285331688,0.3484957783,0.8816452467,0.927705264,0.3242147346,0.3361477829,0.07872656941,0.7304285476,0.2329311728,0.9543660915,0.2302826608
0.6397213276,0.2954573835,0.1338448793,0.1084628271,0.4401644566,1.568538296,0.2510893029,0.3600106405,0.05418042602,0.5621945242,0.5839973791,0.5338095428,1.065975661,0.1344245489,0.4425082287,1.050270082,-0.2766441822,-0.08060967651,0.7687703843,0.8632299733,0.09261005561,0.3345855315,0.1386656211,-0.05505007874,0.1453306587,0.60948234,0.3581396855,0.6675095849,0.931095581,0.3661461515,1.334383511,0.3111106231,0.8064190534,-0.078759881,0.6982720529,0.6393424981,0.6812133551,0.2802827136,0.1865537843,0.9620245071,-0.09650369902,0.6753098581,0.4672805354,0.2534279038,-0.08370658609,0.2988929949,0.2236845576,-0.09185548159,0.2250560654,0.209104622,0.2465882719,-0.0002321530516,1.38169019,1.232141677,0.4562288447,1.921638692,0.6073465747,1.499334527,1.394419402,1.781778029,2.249777476,1.225636176,0.03337673994,0.1473608102,0.7324030893,0.9696888063,0.5603735353,0.8475551485,0.1198886717,0.3396762964,0.1758441149,0.003200152805,-0.2852165773,0.3495296231,0.8794960803,0.9238340124,0.3209547176,0.332346019,0.08151955158,0.7311619943,0.2340088886,0.9370788436,0.2251802786
0.6222294939,0.290574969,0.1319613659,0.1029571768,0.4407973208,1.561825648,0.2493678413,0.3582208202,0.05150203188,0.551403663,0.5871723665,0.5322505545,1.086412155,0.1233483766,0.4371132456,1.052723077,-0.2765622017,-0.08689627017,0.765750743,0.8631697644,0.09547522838,0.3391619243,0.140298142,-0.05374889914,0.1465862346,0.6005258603,0.3613607315,0.6495688659,0.9375364853,0.375830972,1.332266741,0.3187578349,0.7700197607,-0.08156006275,0.6992080184,0.6356392976,0.6754219789,0.2819853434,0.2182426953,0.9809692944,-0.09176185126,0.6673867398,0.4494013314,0.2527550393,-0.08467950393,0.3087264637,0.1977162553,-0.09282325628,0.2050371521,0.2116772083,0.2424811031,-0.004833270982,1.38479227,1.234838056,0.4492158717,1.918365553,0.6113828409,1.500229199,1.395352213,1.776698181,2.243251595,1.213727737,0.02751601761,0.1445919224,0.7465677212,0.9457979608,0.5522425158,0.8342210229,0.1164652225,0.3409445531,0.1732556017,0.002702648991,-0.2860767529,0.3470355425,0.8784406292,0.9237819599,0.3180404906,0.3313168435,0.08507977846,0.733316106,0.234685053,0.9229038796,0.2182817842
0.6064921432,0.2883526864,0.1346502296,0.09945294316,0.4412776008,1.560974382,0.248911416,0.3548721861,0.0522931716,0.546717868,0.5882989774,0.5312760323,1.094458179,0.1128301812,0.4356155378,1.050314244,-0.277469216,-0.09429740547,0.7653660456,0.8658207141,0.09815465329,0.3429949817,0.1407744204,-0.04987537307,0.1459514157,0.5912790807,0.3602412658,0.6359986173,0.9451833364,0.3801900424,1.330688331,0.3252210076,0.725270458,-0.08439529604,0.7000400742,0.6318905083,0.6702122735,0.2839744864,0.2473345689,0.9920750974,-0.08627531187,0.6541548496,0.4304722371,0.2491348059,-0.08695424436,0.3128625862,0.1732716327,-0.09612066316,0.1911829152,0.2116344985,0.2332631383,-0.006045750375,1.385807662,1.237546932,0.4423592501,1.917560287,0.6157419627,1.500195245,1.393889723,1.772195053,2.238191919,1.196617563,0.01868986202,0.1396865582,0.7555155707,0.9098719727,0.5456369648,0.816466548,0.1126244381,0.3363489323,0.1692762664,0.001766970322,-0.2861681267,0.3478701439,0.8733552946,0.9192037276,0.3160367321,0.3278405536,0.08227425302,0.7296022101,0.2373746839,0.9144328533,0.2122852817
0.5920809336,0.2884159674,0.13267237,0.09627846662,0.4429540684,1.554057083,0.2455943817,0.3531682403,0.05311091735,0.5423812361,0.5913345748,0.5356953285,1.098247805,0.1014590341,0.4345125319,1.052099345,-0.2780135473,-0.100446654,0.7680152162,0.8673692021,0.1021327687,0.3469118179,0.1417293719,-0.04647633073,0.1487615328,0.5837442753,0.3613143686,0.6202350452,0.9577692546,0.3846808112,1.328465213,0.3318465591,0.6756205383,-0.08613611984,0.7007097153,0.6298845147,0.6644355057,0.2839963725,0.277563826,0.9976448793,-0.08477144896,0.6344914821,0.4136511324,0.2504570726,-0.08803282353,0.3156843172,0.1500135507,-0.098377989,0.1781763792,0.2086169202,0.223570821,-0.00615346582,1.388894324,1.242186912,0.4350983552,1.915824036,0.6264453148,1.499812683,1.389473865,1.768433093,2.236457834,1.177695124,0.01294319095,0.1365949588,0.7655626689,0.8883197309,0.5371298959,0.8017274178,0.1128144136,0.3361956532,0.1663036316,0.0007036234968,-0.2868980141,0.3478046484,0.8707016533,0.9188376513,0.3168678602,0.3253098448,0.0865521787,0.7294534546,0.2388210957,0.9016528171,0.2060065937
0.5790964689,0.2882856829,0.1353252404,0.096597837,0.4476731954,1.547286869,0.2465800214,0.3472265172,0.05425352542,0.5390520281,0.5991519887,0.5404039614,1.094807671,0.09110588469,0.4330665113,1.050144383,-0.2797112217,-0.1027463532,0.776829029,0.866512442,0.1054572914,0.3506232267,0.1438200591,-0.04303243753,0.1506036019,0.5771242164,0.363720915,0.60897743,0.9727630452,0.393450287,1.323915797,0.3403941318,0.6244497305,-0.08958981785,0.7010902184,0.6274756861,0.6551139396,0.2819550292,0.302326593,0.9970050671,-0.08202722879,0.6170297846,0.3946750007,0.2503265446,-0.0899764918,0.3176785396,0.1221248263,-0.103482161,0.1624947975,0.205325753,0.213453298,-0.006723177903,1.388591212,1.245841071,0.4250273517,1.915492802,0.6322324342,1.500233426,1.388690515,1.764355082,2.231990632,1.156687277,0.009179934285,0.1352336548,0.778123639,0.8700538968,0.5313584231,0.7838315266,0.1119456744,0.332995098,0.1631540803,-0.003093776399,-0.2873622953,0.3490486524,0.8689569204,0.916800654,0.3201461449,0.3189879821,0.08653636523,0.7347381166,0.2421765931,0.8886540222,0.2033003317
0.5677119477,0.2891973647,0.136809828,0.09619061598,0.4457826482,1.542655175,0.246446025,0.3431196763,0.05535265009,0.5367354935,0.6034469306,0.5487326232,1.087604074,0.08226214826,0.4303532515,1.047951091,-0.2806802055,-0.103495968,0.7870175916,0.8576281435,0.1066402159,0.355085805,0.145790336,-0.03894818309,0.152505682,0.5720900426,0.3640675224,0.6019305568,0.9859095719,0.3974757693,1.318707218,0.345132201,0.5695578868,-0.09287792603,0.7018089558,0.6267400355,0.6472234179,0.2789441723,0.3282019228,0.9856316464,-0.07936830921,0.602541822,0.3757878175,0.2585190276,-0.09253603849,0.3206226557,0.1020347445,-0.1080807933,0.1497775694,0.1993766825,0.202965031,-0.00741125132,1.383400949,1.250511357,0.4159220563,1.913813448,0.6428930486,1.502003062,1.385698525,1.764521089,2.229112087,1.137304584,0.005804612554,0.1350858645,0.7958035115,0.8504869265,0.5191066974,0.768887189,0.1120075985,0.3312267608,0.1583098559,-0.004433252396,-0.2881940572,0.3504754327,0.867649494,0.9129571942,0.319461447,0.3123584278,0.08571469171,0.7378725735,0.2443476118,0.867124151,0.1999187327
0.5557117998,0.2893340084,0.1432817383,0.09555595854,0.4466646424,1.534534376,0.248984918,0.3403778598,0.05193498456,0.5350011032,0.6138875565,0.562314606,1.078381889,0.07341660062,0.4286926207,1.048239762,-0.2809196919,-0.1091825139,0.7996426671,0.8466392894,0.1068532137,0.3569487789,0.1444337807,-0.03209098141,0.1542180739,0.5599545592,0.3625281341,0.5973797312,1.000538246,0.4038928188,1.313265965,0.350967316,0.5104373669,-0.09752454436,0.7019682343,0.626371191,0.6444970426,0.2743679609,0.3535769979,0.9728003854,-0.0754945538,0.5864338563,0.3575117051,0.2518508347,-0.09552665005,0.3261577534,0.08435973283,-0.112155349,0.134363513,0.191735986,0.1907329951,-0.008379538473,1.38383604,1.252077002,0.4097659122,1.912640735,0.6561982501,1.505380258,1.384846563,1.762694228,2.224106568,1.116739607,0.001570994821,0.1334066013,0.8221543729,0.8308634639,0.5106521077,0.7522936347,0.1091422497,0.3293838835,0.1561776009,-0.006720466921,-0.2873450441,0.3502822993,0.8683409474,0.9010115332,0.3183486641,0.308500077,0.08632039707,0.740595967,0.2498653361,0.8508579002,0.1983093925
0.5446560375,0.2879477185,0.146748889,0.09659074076,0.4431135087,1.530295476,0.2524624095,0.3376300195,0.05215664773,0.537266842,0.6199425853,0.5802072101,1.063558985,0.06480645931,0.4266857673,1.057235361,-0.2830502492,-0.1129466031,0.810656294,0.8287098812,0.1061352656,0.358277163,0.142357428,-0.02473052819,0.1540881987,0.5464126913,0.3609250049,0.5973718978,1.017210463,0.4065407038,1.306933645,0.3556391773,0.4544410614,-0.1058292363,0.7020534104,0.6248863395,0.6414524934,0.2671298468,0.3699326389,0.9607819374,-0.06669354618,0.5729309001,0.3433612723,0.249717414,-0.09951831413,0.3309425492,0.0649019402,-0.116321037,0.1128526754,0.1860904473,0.1781333334,-0.009708773589,1.389953619,1.256825275,0.4006589973,1.911763709,0.6665534079,1.506653123,1.38324756,1.761806227,2.219458686,1.099309312,-0.00194933399,0.1330578661,0.8516382279,0.8171043412,0.5057497251,0.7361422626,0.1065933614,0.3276969728,0.1526263755,-0.008871626836,-0.2863613309,0.3463093178,0.8673975935,0.8874656836,0.3156393456,0.3044971424,0.07949300776,0.7456047781,0.255320747,0.8329657317,0.1947731282
0.5314512978,0.2877003329,0.1530456728,0.09706499943,0.4440615458,1.523190818,0.2516165573,0.3350333349,0.05420396833,0.538043369,0.6277719651,0.5960592418,1.051016533,0.05793399306,0.425704163,1.065981184,-0.284129358,-0.1122148296,0.8232723386,0.806956476,0.1009609501,0.3597969143,0.1416935861,-0.01772336381,0.1557322118,0.5360742016,0.3575976256,0.5972180559,1.029115601,0.4099568883,1.302522737,0.3615606134,0.3955044604,-0.1112690272,0.7019169455,0.6230954861,0.6382482793,0.2591827001,0.3885382262,0.9480787408,-0.06027650628,0.5620629409,0.3342239608,0.244552444,-0.09843698401,0.3361059554,0.0536305205,-0.116176135,0.1013026085,0.1825653761,0.1668537585,-0.008931833186,1.395389381,1.257470282,0.3924875255,1.912185169,0.6774264017,1.508969915,1.381015692,1.760146542,2.213542381,1.083050421,-0.004068585855,0.1327651924,0.8826617179,0.8058091469,0.4977332903,0.7229754924,0.1060290738,0.3237638486,0.1479871622,-0.009961865759,-0.2863495507,0.346278023,0.8634573428,0.8784168551,0.3135893593,0.3025929216,0.07865856699,0.7551064222,0.2589732046,0.8158021942,0.1874106377
0.5162592655,0.2869114908,0.1602094317,0.09602815573,0.447796676,1.509150147,0.2511490845,0.3317792607,0.05329683707,0.5408131286,0.6396399327,0.6169484803,1.036486045,0.05243970284,0.4253978804,1.069309916,-0.2849805352,-0.1119142438,0.8390506623,0.7753849777,0.09437578195,0.3552286975,0.1372519974,-0.01133051825,0.1540484885,0.5226296945,0.3485883561,0.6037748973,1.039557162,0.404986319,1.301204127,0.3665927793,0.3419258676,-0.115542152,0.7016991622,0.6209651281,0.6352502843,0.2497598275,0.404760912,0.9365131843,-0.04947512075,0.5460361057,0.3283722713,0.2451567846,-0.1015749379,0.340301873,0.04457713103,-0.1182861662,0.08342088286,0.1742068677,0.1590379097,-0.006975537808,1.3996216,1.256768755,0.3880046185,1.9103181,0.693012075,1.512845829,1.379923007,1.759080318,2.209676437,1.066312254,-0.008481446127,0.1298785523,0.9097454772,0.8057597868,0.4888502497,0.7085795274,0.1054520986,0.3189404422,0.1454861975,-0.01336302307,-0.2870376558,0.3456884893,0.8547317317,0.8724050707,0.3061191146,0.2981089731,0.07532564201,0.763341192,0.2624684954,0.8011879443,0.1836399423
0.5078703207,0.2852453992,0.1634610316,0.09655629031,0.4468120495,1.497659006,0.2523504192,0.3304115745,0.04844008091,0.5422094722,0.6582063898,0.6459264769,1.022596264,0.04697109652,0.4245040178,1.074138219,-0.2864626073,-0.1138873679,0.8569720996,0.7513035348,0.0871453321,0.3525768213,0.1335618768,-0.003323748346,0.1549220639,0.5116302822,0.3407072412,0.6142188519,1.052859137,0.4041710269,1.295029969,0.3697785423,0.2871224256,-0.1166143622,0.7015886748,0.6206131354,0.6360074805,0.2413710166,0.4164375293,0.9211321634,-0.04079460175,0.5402947638,0.3280858557,0.2359885129,-0.1011345365,0.3460393575,0.03839065164,-0.1201441243,0.06678845802,0.1674617439,0.1549214573,-0.005792203716,1.400895453,1.256347778,0.3840854405,1.908095673,0.7034780046,1.514181188,1.378126977,1.75780701,2.199771155,1.048248706,-0.01057994923,0.1285487165,0.9430239846,0.8134460346,0.4813369479,0.6891833293,0.1060317367,0.3160193032,0.1433169645,-0.01592816881,-0.2875091287,0.3444899,0.8491719496,0.8625450425,0.3008789033,0.2947809272,0.06970639321,0.7691435683,0.2670264403,0.7901630622,0.1768040868
0.4955862038,0.2836942373,0.1652299527,0.09752518455,0.4522025891,1.484619247,0.2536608041,0.3316540681,0.04970287299,0.5471282485,0.6755703996,0.6744051245,1.008551012,0.04251377145,0.4263449212,1.071905323,-0.2881897172,-0.1115130256,0.87701863,0.7279247829,0.08276358005,0.3477533,0.1317344059,0.006887611171,0.1545493721,0.5002028248,0.33198956,0.6270234141,1.063879588,0.4045660028,1.289002806,0.3726714237,0.2335528459,-0.1159149124,0.7015952246,0.6205031539,0.6357175602,0.233254717,0.4294558017,0.9074730324,-0.0328600282,0.5336446673,0.3286961991,0.2310891228,-0.1004288772,0.3521264026,0.03775836248,-0.1181452346,0.04878482274,0.1638906814,0.1512182694,-0.004650755084,1.402705542,1.25333227,0.374549352,1.904243913,0.7149213698,1.515776544,1.375599834,1.756536817,2.190749727,1.027327071,-0.01621976417,0.1278138255,0.9818388684,0.8160668737,0.4725460564,0.675151601,0.1071400273,0.313087482,0.1423951903,-0.02023561754,-0.2878835363,0.340699434,0.8461613494,0.8541511421,0.2941110118,0.2914032688,0.07007677794,0.7696893235,0.2704633408,0.7787802381,0.1759170272
0.4839313507,0.2838722929,0.1649793629,0.1000899792,0.461424105,1.470057413,0.2515327205,0.3322021419,0.04744721911,0.551236145,0.6932809431,0.710103439,0.9912686098,0.0410968306,0.4276349315,1.06934952,-0.2893061691,-0.1113646292,0.8944376391,0.7077824198,0.08051283518,0.3431017834,0.1274901281,0.01747106795,0.1553810586,0.4904892958,0.3294224482,0.6423491466,1.075346072,0.4053804027,1.283290505,0.3756245153,0.185741979,-0.1142959671,0.7011294344,0.618019741,0.6352192695,0.2230985015,0.4373720842,0.8898019487,-0.02864418058,0.5253095875,0.3311392349,0.2211827448,-0.1026171296,0.3595360868,0.03603969116,-0.1175530323,0.03133531743,0.1559239958,0.1480418052,-0.003651263263,1.405149917,1.252983793,0.3693903953,1.904259163,0.7251562539,1.51419515,1.373913486,1.755239321,2.183137555,1.005045463,-0.01658865709,0.1289196918,1.005714617,0.8168956929,0.468719265,0.6629925504,0.1080281896,0.3050092361,0.1395796718,-0.02423692608,-0.2912779118,0.3377199866,0.842032997,0.8423651698,0.2924761752,0.2883170777,0.07300204677,0.771661213,0.2690976316,0.767811722,0.1727482481
0.4756683648,0.2822285358,0.1646848722,0.1029039351,0.4742744808,1.455357531,0.2536731881,0.3298562628,0.04611191888,0.5537056074,0.7124364996,0.7421339909,0.9753020218,0.03770165145,0.4292145526,1.079367926,-0.2906189869,-0.1112761252,0.9113194574,0.6906122766,0.077089573,0.3428529102,0.1259676292,0.02970142268,0.1574809966,0.4794849469,0.3240482782,0.6603859066,1.089657258,0.4078879641,1.274991862,0.3793416223,0.1383112156,-0.11172598,0.7006075817,0.615098957,0.6338630329,0.2128609041,0.4433499198,0.8674367518,-0.02841776391,0.5098009532,0.3291638022,0.2090537097,-0.105159462,0.3683214239,0.03869747677,-0.1144939735,0.01513126587,0.1472915396,0.1485790527,-0.004698539415,1.41134981,1.25204613,0.3641505975,1.901908246,0.7371763673,1.512362545,1.370724067,1.753882255,2.174202162,0.9845110515,-0.01914597558,0.1307128776,1.019966875,0.8180730894,0.4636828895,0.6527626029,0.1083578599,0.3034453047,0.1359657283,-0.02854097865,-0.2928038234,0.332426031,0.843819214,0.8362874369,0.2925564523,0.2822275234,0.06990394965,0.776029338,0.2685735902,0.7564098145,0.1696059462
0.4664242876,0.2830477776,0.1647748555,0.1082704755,0.4789051776,1.442444718,0.2510237302,0.3304852145,0.0434812006,0.5530499712,0.7338399688,0.7883241175,0.9549014333,0.03658423862,0.4359817305,1.080226951,-0.2905677652,-0.1109995151,0.9289354543,0.6739906382,0.07716856457,0.3433369728,0.1260765381,0.04386100362,0.1641601372,0.4758080315,0.3249457985,0.6776363074,1.106741641,0.4128218316,1.268990322,0.3810672945,0.1003375668,-0.1078576888,0.6998986969,0.6144366561,0.6330179937,0.204308899,0.4484710519,0.8486327333,-0.03114621014,0.4936986233,0.3291678201,0.2021481448,-0.1079981463,0.3769092769,0.04297008835,-0.1112088192,0.001206690495,0.1448405712,0.1482734006,-0.005080709345,1.405933786,1.248977717,0.360105704,1.901403048,0.7472683418,1.507677485,1.366820001,1.752825618,2.166314725,0.9560628788,-0.02092882976,0.1310926659,1.028611959,0.8220500855,0.4602049763,0.6410627711,0.1104916842,0.301061869,0.1326691213,-0.03386505959,-0.2963148097,0.3275798884,0.8423915284,0.8247724339,0.2917426551,0.2788073753,0.067922472,0.7752482739,0.2673308614,0.7494783519,0.1648531592
0.4573536948,0.2795958568,0.1612379677,0.1091548888,0.4894390857,1.432228521,0.2511306422,0.3280098001,0.0396649821,0.5594261541,0.7568904439,0.8359949895,0.9291744387,0.03522684113,0.4381276062,1.082948765,-0.2927492215,-0.1132041544,0.946193434,0.6571868489,0.07480426013,0.3393832247,0.1214218872,0.05860253539,0.1690397907,0.4691390522,0.3200525049,0.6952069995,1.124301695,0.4109661587,1.259922879,0.3802670341,0.06923244621,-0.1058040588,0.6993445666,0.6160223312,0.6346583394,0.1947241689,0.4510168747,0.8293320635,-0.03373370209,0.4831663738,0.3306171127,0.1996198137,-0.1100852806,0.3868231139,0.04964527584,-0.1080508453,-0.0128683354,0.1426384784,0.1477877802,-0.004207397476,1.403221453,1.244432791,0.3572847312,1.896903403,0.7562797527,1.504120879,1.362356844,1.748362933,2.156679415,0.9321611145,-0.02287774098,0.1305305737,1.029327783,0.8286025231,0.4567130117,0.6295577709,0.1125978096,0.2983569601,0.1327690315,-0.03743699558,-0.2965364717,0.3225453067,0.8411814476,0.8133928587,0.290593553,0.2765957596,0.06668772185,0.7774460964,0.2664618024,0.7418946655,0.1620798215
0.4473834655,0.2784082508,0.1600276927,0.1100050102,0.5026163178,1.420595847,0.2516028369,0.324479144,0.04247382641,0.5648870094,0.7748559151,0.8842336441,0.9081805972,0.03451639599,0.4390900988,1.097206787,-0.2955749993,-0.11150071,0.9657488351,0.6356916912,0.07191797881,0.3340283292,0.1169593194,0.07668574211,0.1698633075,0.4612085298,0.312410943,0.7208555229,1.139285744,0.4093806637,1.251657127,0.377948179,0.04504789866,-0.09982930829,0.6984794285,0.6207460836,0.6379996477,0.1867763878,0.4515950043,0.811290589,-0.0370508802,0.4670539078,0.330886175,0.1942088675,-0.1114547098,0.3981559036,0.05894015184,-0.1003943374,-0.02546817677,0.1367646243,0.1464658155,-0.002613271721,1.399708021,1.243174301,0.3611395332,1.89550177,0.7666550547,1.502395454,1.359265494,1.746963915,2.149975588,0.9094491989,-0.02827583283,0.1296635804,1.021266545,0.8351113744,0.4531065398,0.6184290484,0.1125288629,0.2958362348,0.1297669641,-0.04450816186,-0.2975157288,0.3182393713,0.8421871775,0.7987809,0.2847112325,0.2753856938,0.06670093707,0.7706678023,0.2627238785,0.7297482119,0.1603068471
0.4408729212,0.2776749348,0.1584658013,0.1136309503,0.5166101308,1.408566749,0.2494944429,0.321937561,0.04208607712,0.5668731398,0.797546385,0.9336610041,0.8936835492,0.03468669957,0.4394867436,1.112403042,-0.298323864,-0.1114316394,0.9838853631,0.6124828374,0.06967539788,0.3302595512,0.113127371,0.09594351645,0.1718737241,0.4520313426,0.3080845303,0.7403411957,1.153754369,0.4083824573,1.239138671,0.3764726285,0.02981550216,-0.09568028419,0.6977817561,0.6238478449,0.639142666,0.1780030068,0.4498456592,0.7978007335,-0.04118057786,0.4643659593,0.3350207912,0.1923936724,-0.1095044559,0.4184282604,0.06878354432,-0.09339105844,-0.03823208927,0.1318323855,0.1476170601,-0.002176615786,1.400199872,1.241089881,0.3614781485,1.891759701,0.7741510499,1.500938763,1.355130495,1.743484864,2.141285445,0.8873202424,-0.03069691226,0.129665103,1.007038818,0.8440251711,0.4447669231,0.6140021023,0.1136090893,0.2927771681,0.1274543677,-0.04991839455,-0.2982552785,0.3140805585,0.8454064716,0.7914156354,0.2759489505,0.2730846964,0.07176330965,0.7714818122,0.259717637,0.7193564704,0.1606385523
0.4335519935,0.2735776399,0.1603552455,0.1154408875,0.5255628578,1.402492179,0.2501589902,0.3204293191,0.04234998744,0.5736069003,0.8159529279,0.9886782919,0.8805599324,0.03524600972,0.4418839616,1.128767553,-0.2995795536,-0.1087261798,0.9961695346,0.5908665584,0.06777555503,0.3298859507,0.1118192159,0.119195608,0.1735710638,0.4485263515,0.3065968494,0.760541985,1.167332586,0.4132676665,1.22777311,0.3754124999,0.019591099,-0.09075705662,0.6967507619,0.6241736269,0.639839117,0.1697430203,0.4465933372,0.7835359825,-0.04075484334,0.4604759414,0.345688308,0.1947995033,-0.1098596613,0.4464898281,0.08275637697,-0.08504395907,-0.04686646244,0.1282350716,0.1495883495,-0.002175114891,1.400330944,1.236155417,0.3665940865,1.886884014,0.7767654419,1.496925942,1.351169696,1.739276422,2.127766159,0.8613374925,-0.03338638698,0.1278718711,0.9909546594,0.8390180663,0.4416902897,0.6073807052,0.1117119708,0.287990679,0.1295364269,-0.05434602601,-0.2989158083,0.308455698,0.8426277038,0.782721721,0.2701523839,0.2721806899,0.07718849621,0.7671267093,0.2550735603,0.7121812711,0.1583322639
0.4295567077,0.2721784767,0.1597139783,0.1156079861,0.5354700583,1.393668265,0.2502534291,0.3220126486,0.04422998567,0.5745239263,0.8280481671,1.049193516,0.8679644334,0.03697027683,0.4441475792,1.156132054,-0.2999792248,-0.1098778557,1.00514149,0.5713602872,0.06581477689,0.329513958,0.1084901914,0.1409842762,0.1751475894,0.4406743005,0.3007210479,0.7820514728,1.175458134,0.4088480411,1.22014833,0.3732688205,0.01401830407,-0.08420013005,0.6953477572,0.6252159971,0.645545604,0.1638539373,0.4448942202,0.7715572163,-0.04255258684,0.4576576541,0.3565529455,0.1979888126,-0.1091006087,0.4773616719,0.09947793671,-0.07546386526,-0.05394891819,0.1231101004,0.1508323952,-0.0007795960316,1.403897402,1.23332745,0.3777276657,1.88294103,0.7837193183,1.493761206,1.344728565,1.737204127,2.119186483,0.8374205559,-0.03476701635,0.1247675367,0.9759054771,0.8329765508,0.4426902673,0.6042077403,0.1093981958,0.2863553652,0.1293101708,-0.05813982181,-0.2983706098,0.3038837199,0.8454436876,0.7770302248,0.2592008195,0.2726515143,0.08336018628,0.759449458,0.2479050057,0.7040135894,0.1547885573
0.4229642594,0.2712908354,0.159571982,0.1164707143,0.5494699579,1.384590814,0.2496904483,0.3235321909,0.04194777951,0.5781071132,0.8457152849,1.103130001,0.8617180162,0.03861492639,0.4481400059,1.187273994,-0.3016101851,-0.1091167213,1.009894682,0.5576618575,0.06983970622,0.3335923992,0.1078200085,0.1662401884,0.1830944368,0.4355166429,0.2983839803,0.803977571,1.185444709,0.41241597,1.207451977,0.3727802105,0.007842961493,-0.07980925042,0.6932384765,0.624440241,0.6506120188,0.1581021749,0.442724868,0.7580304237,-0.04394271561,0.4509767709,0.3687122894,0.2003813378,-0.1096097004,0.5034385478,0.11630539,-0.06514764008,-0.06149213517,0.120446916,0.1503696296,0.000149528215,1.408853635,1.230958343,0.3921896008,1.87856128,0.7866305517,1.489928031,1.34097743,1.733966666,2.107728553,0.8126829471,-0.03847107211,0.1248150622,0.9602079809,0.8376764004,0.443774631,0.5992379296,0.1073888986,0.2842499683,0.1330625008,-0.06438675915,-0.2972461518,0.2990506541,0.8471271676,0.7741243942,0.2559557194,0.2719825366,0.08951014962,0.7495796364,0.241159124,0.702240236,0.1532418084
0.4191980268,0.2695715443,0.1601846181,0.120645919,0.5601784878,1.380289721,0.2466218061,0.3239817823,0.04585101853,0.5793042107,0.859969208,1.159449149,0.8554273335,0.04080132748,0.4533093546,1.220556658,-0.3021880831,-0.1075182173,1.011433224,0.5475826441,0.07517538811,0.33679467,0.1088697031,0.185946404,0.1911013446,0.4340514305,0.2984941826,0.8260156553,1.190374035,0.413376047,1.199719062,0.3720336455,0.01124600208,-0.07041131737,0.690988762,0.6227320962,0.6541951521,0.1540947076,0.4388166749,0.7471530271,-0.04543687148,0.4483537605,0.3752698518,0.2111120425,-0.1051536683,0.5265335062,0.1337608313,-0.05729324942,-0.06555466319,0.1183204498,0.1534867422,0.003802045159,1.412793837,1.228490001,0.4022819954,1.873538249,0.7860872082,1.485394363,1.337553563,1.730886062,2.09605789,0.7871989349,-0.03817081744,0.1235513468,0.9404007029,0.8479786193,0.4468347289,0.5920315249,0.1065559511,0.2835242857,0.1325877804,-0.06777315353,-0.2960868385,0.2940026603,0.8508417263,0.7744223581,0.2541089842,0.2702019761,0.1028536312,0.7417085731,0.2335505932,0.6952646385,0.1500246069
0.4194674605,0.2695335447,0.1624913256,0.122077377,0.5735976439,1.375750533,0.2415189847,0.3254375376,0.04359654715,0.5814682808,0.8838102206,1.21210625,0.854217492,0.04415809399,0.4625091273,1.247674421,-0.3023062125,-0.1036541514,1.015309764,0.5399136035,0.08194972418,0.3454434148,0.1102408965,0.205947128,0.1997739681,0.430376812,0.2983937841,0.8486898263,1.196610908,0.418652663,1.18993041,0.3688256235,0.01438817474,-0.06034309831,0.6884164109,0.6211063156,0.6545800109,0.1507354403,0.4363113225,0.7341415506,-0.04707368037,0.4469019907,0.3768803116,0.217607573,-0.101511166,0.5466546112,0.1579660156,-0.05245829369,-0.06622701171,0.1194506445,0.1559586759,0.006212658175,1.408159815,1.224638895,0.4133462726,1.870363931,0.7867400566,1.481876602,1.335219667,1.728110316,2.085923588,0.7639951821,-0.03826033831,0.1205591817,0.9244938564,0.854876351,0.4448579855,0.5899465307,0.1040559077,0.2816128812,0.132192635,-0.0718336524,-0.2976573559,0.2892522648,0.8569475424,0.7718270203,0.2541881804,0.265734425,0.1233494176,0.7316598716,0.2246560751,0.688168941,0.1480876643
0.4199290376,0.2672799317,0.16214005,0.125092327,0.5793745763,1.366272034,0.239601785,0.3278864286,0.04538414989,0.5837858962,0.9053789134,1.261404621,0.853132989,0.04818462899,0.473587394,1.282863225,-0.301253473,-0.1018473118,1.016298456,0.5348978576,0.08970678449,0.3540047205,0.1109655844,0.2302665219,0.2067673741,0.4251431855,0.3020051448,0.8742542674,1.201875049,0.4238756242,1.179223038,0.36672049,0.0216375857,-0.04968928966,0.6845121601,0.6212434552,0.6593360535,0.1467576755,0.4328185775,0.721084981,-0.04857693659,0.4356525203,0.3758147653,0.2289089994,-0.1012294858,0.5649155631,0.1762229299,-0.04488784356,-0.07498267067,0.1177223588,0.1632233163,0.008555661074,1.406887189,1.223198655,0.4337464584,1.869775883,0.7862104803,1.477484258,1.33356491,1.723902312,2.076751206,0.7403685087,-0.0374131864,0.1194491626,0.9120569657,0.8601543702,0.4451893964,0.5922543453,0.1007770874,0.2821554553,0.1350115248,-0.07412086693,-0.2957234169,0.2844854395,0.8666279642,0.7646631319,0.2528962872,0.2623553815,0.1399610024,0.7179200194,0.2157561627,0.6886838236,0.147304987
0.4221211309,0.2654661843,0.1614147985,0.1241064255,0.5835579445,1.362199146,0.2384723487,0.3319971454,0.04798772464,0.5887963828,0.9244934216,1.301057718,0.8557562569,0.051934754,0.4915760174,1.321866844,-0.3020550746,-0.09933370453,1.014534514,0.5293721243,0.09591266074,0.363252745,0.112948307,0.2534272967,0.2141413941,0.421985471,0.3053329175,0.8973977972,1.205813858,0.4300289202,1.16440821,0.364188482,0.02497285959,-0.04018466709,0.6788610917,0.6204271343,0.6617170928,0.1418506351,0.4286570845,0.7066919303,-0.05190022204,0.4345627467,0.3736251357,0.237899597,-0.09693321699,0.5793730454,0.1956897348,-0.03394536637,-0.07697122731,0.1197425376,0.1686912852,0.01040972102,1.404839976,1.219945444,0.4530842372,1.867533214,0.7779850298,1.471259118,1.330471736,1.721069673,2.066611611,0.7194869492,-0.03633495351,0.1196691178,0.9128743985,0.8491236373,0.4459739453,0.5920037284,0.09770907541,0.2849044029,0.1351633968,-0.07801613188,-0.2956217189,0.2800940396,0.8777410138,0.7670655221,0.2513972156,0.2615683577,0.1530923236,0.7047358192,0.2090475149,0.6888770887,0.1452770676
0.422841526,0.2626697189,0.162828013,0.1213187931,0.5907236661,1.357423001,0.2374398459,0.3342999705,0.05273397171,0.5971155429,0.942109427,1.338133973,0.8595692184,0.05705565928,0.5147893364,1.369105185,-0.3021877281,-0.09475533173,1.013051477,0.5172234724,0.1011373573,0.3664503634,0.1140837054,0.2730168261,0.2211845615,0.4162106004,0.3093225593,0.9252884991,1.206772829,0.4341144222,1.1551796,0.3611720521,0.02944034569,-0.02924357337,0.6730652324,0.6176282457,0.6630099515,0.1324425345,0.424492019,0.6947551988,-0.05225707704,0.4317868962,0.3694482621,0.2512190402,-0.09499450876,0.5982167357,0.2086747052,-0.02444783329,-0.07681261482,0.1195719034,0.176527225,0.01303576493,1.405058002,1.217543505,0.4746675858,1.866293345,0.7782391334,1.468198761,1.326908553,1.718176296,2.057091713,0.7009739844,-0.03349076664,0.1193062633,0.9040489603,0.8432431082,0.4453718316,0.5970549431,0.09350262005,0.2861134709,0.1344388207,-0.08171601327,-0.2954876805,0.27055644,0.8823289872,0.7662168492,0.2466362533,0.260083667,0.166795125,0.695139765,0.201766418,0.6786341091,0.1455808166
0.4268866238,0.2610335618,0.1689297648,0.1172339762,0.5884016715,1.351103432,0.2361184134,0.3384097066,0.05240244445,0.5991470653,0.964509151,1.368415452,0.8593475905,0.06181716616,0.5397864047,1.4197934,-0.3027167283,-0.09089304526,1.010981393,0.5050188328,0.1017487329,0.3745413586,0.1143527229,0.2883723402,0.2268095492,0.4103452596,0.3084967476,0.9570431847,1.206015734,0.43780245,1.146131364,0.356022051,0.03967003465,-0.01457235567,0.6670551145,0.6140540604,0.6651941467,0.121452676,0.4220602491,0.6869378983,-0.05407524576,0.4250207608,0.3638703802,0.2616616785,-0.09312090624,0.6181030134,0.2251183199,-0.01709548544,-0.07052420927,0.1209251838,0.1872716431,0.01683913934,1.404337989,1.21585276,0.500937935,1.864634121,0.7784061147,1.464221983,1.324017968,1.717567504,2.044982614,0.6868161605,-0.03056428751,0.1199997657,0.8902074551,0.8344158048,0.4464989705,0.6022254778,0.09040056546,0.2883458782,0.1341699677,-0.08256158955,-0.2948370337,0.2679495493,0.8891639969,0.7709111461,0.2427624835,0.2599542441,0.1790583178,0.684548477,0.1955791145,0.6801873037,0.1459203934
0.4293283076,0.2588478829,0.1781515501,0.1126749402,0.5878669621,1.345724292,0.2361133351,0.3410815254,0.05319358417,0.6039338343,0.9920980053,1.391699943,0.8604764191,0.06489669253,0.5686469076,1.46667308,-0.3026651516,-0.08808835818,1.007974535,0.4892956375,0.09966365703,0.3803898953,0.1134885682,0.30126459,0.2262084494,0.4010271734,0.3035532548,0.9889003079,1.20179434,0.4348238322,1.133146787,0.3494722728,0.04979299106,-0.001473760248,0.6577182446,0.6117037106,0.6675683474,0.1118918032,0.4160642578,0.677426509,-0.05350079132,0.4167746764,0.357021657,0.2763106623,-0.09055677465,0.6348472328,0.2389670297,-0.00936320052,-0.06520910527,0.1208226392,0.2016467514,0.0208675434,1.399065039,1.216063467,0.5270210606,1.861151306,0.7778723576,1.462031224,1.32311973,1.717173243,2.036030701,0.674440522,-0.02962764819,0.1203169865,0.88003981,0.8202661034,0.4417517742,0.6073351036,0.08679223147,0.2933708352,0.1355569368,-0.08375142627,-0.2935249748,0.2622843782,0.8919188027,0.7719570947,0.2338126599,0.256799471,0.1865420783,0.6748687343,0.1922308677,0.6804556498,0.1455886883
0.4289554938,0.2590177182,0.1902436653,0.1119904506,0.5906404829,1.343854963,0.2341854441,0.3446429543,0.05309753371,0.6074798121,1.020845881,1.412761193,0.8607580097,0.0706658331,0.5996142045,1.510994628,-0.3009102523,-0.08443501607,1.00348765,0.4668846247,0.09892070234,0.382956077,0.1142313682,0.3121801719,0.2225522866,0.3940810927,0.2983967351,1.019332807,1.197232328,0.4330604196,1.121000975,0.3431853099,0.0675407182,0.01243301342,0.6454790045,0.6101364662,0.6708274634,0.102042197,0.411650238,0.6688802295,-0.05303986879,0.4132323548,0.352368417,0.2925316589,-0.08772300868,0.6499082099,0.2486979743,-0.005815692489,-0.06035065551,0.1208544793,0.2113488129,0.0240672785,1.394016251,1.214677917,0.5528577488,1.85775683,0.7778782277,1.459003681,1.321480725,1.71645996,2.027125557,0.6633368304,-0.02651074896,0.118399081,0.8731177572,0.8000393383,0.4406460617,0.608990725,0.08474359205,0.2956101623,0.1370099955,-0.08488727086,-0.293509665,0.2590923127,0.8917050917,0.7723411674,0.2241141111,0.2585786465,0.196285777,0.6631449599,0.187045166,0.682242192,0.1445100859
0.4331094838,0.2560601032,0.2030060878,0.1080523553,0.5968329816,1.342668968,0.2344220761,0.3466889034,0.05666193553,0.6158052252,1.054886935,1.42193701,0.8614979521,0.07572475492,0.6323355216,1.559141524,-0.3016249029,-0.08031377346,0.9986464594,0.4525918448,0.1014879651,0.3911939673,0.1102662265,0.321275778,0.2207057117,0.3851801156,0.2927315342,1.051694794,1.191076578,0.4284547866,1.10622123,0.3371401443,0.08883169524,0.02246796789,0.6296893453,0.60672299,0.6719168641,0.09179259172,0.4047162026,0.6520770115,-0.05140706405,0.4127749283,0.3432686523,0.3081602013,-0.08380316096,0.6668348844,0.2558069773,-0.004114915316,-0.05659656666,0.1186355692,0.2216282685,0.02676190985,1.392676088,1.211420961,0.5752973527,1.853834587,0.7763588845,1.455499265,1.321472049,1.715801722,2.018110586,0.660216126,-0.02405449702,0.1169669963,0.8675211318,0.7786957447,0.4390361295,0.6115410866,0.0825289688,0.2969442589,0.139979473,-0.08813733339,-0.2925112595,0.2551938425,0.8892788647,0.771991151,0.2193434925,0.257131128,0.2025425821,0.6555633774,0.1801993167,0.6777644527,0.1428921585
0.4338406987,0.255927337,0.2197548372,0.1063152437,0.6012158777,1.342202169,0.2336963217,0.3537922889,0.05763910247,0.6238635358,1.077001698,1.425140181,0.8656764641,0.08062109595,0.668628539,1.597968394,-0.3001757843,-0.07464389815,0.9914309818,0.4373605215,0.1061280211,0.402185404,0.1113702575,0.3283232846,0.2217091128,0.3790419587,0.2898731947,1.085688877,1.186053196,0.4299730049,1.089255483,0.3331367739,0.1136857439,0.03291339178,0.6098015757,0.6044128893,0.6726993601,0.08150209159,0.395799544,0.6327830468,-0.04932239668,0.4078334519,0.3365134843,0.319741622,-0.07799616441,0.6789364873,0.2655590186,-0.000565829691,-0.04649028414,0.1184016651,0.235837334,0.02915266218,1.390960368,1.210663524,0.5947511636,1.850982742,0.7753844051,1.45211561,1.320472182,1.715775441,2.01500209,0.6642622928,-0.0210484698,0.1160766094,0.862537299,0.7568297947,0.4391379827,0.6126800389,0.08142563839,0.2993797618,0.1407932029,-0.09002393883,-0.2948507111,0.2510335768,0.8867087908,0.775628337,0.2181013583,0.2570857447,0.2090144146,0.6455536553,0.1739798932,0.6693702757,0.1384390654
0.4381469418,0.2554460596,0.2344705101,0.1047641407,0.6065368064,1.336973884,0.2320901468,0.3564181119,0.05537318242,0.6340654593,1.105180603,1.417481489,0.8632146207,0.08505100139,0.7047974892,1.62435273,-0.2977492258,-0.07066135862,0.9831228549,0.4266611626,0.1106039525,0.4159227244,0.1126223223,0.3302816487,0.2222217312,0.3754985717,0.2926861548,1.119066944,1.181229907,0.430291246,1.069749969,0.3270549496,0.140059461,0.04266458924,0.5882843867,0.6022121959,0.6727188166,0.06968445821,0.3854207789,0.6082046806,-0.04343665535,0.4060407151,0.3282596309,0.3311353006,-0.07464359506,0.6940574886,0.2762122819,-0.002447583123,-0.03499256824,0.1179237562,0.2559969415,0.03026946819,1.390389564,1.208053535,0.6122739633,1.847392177,0.7742935372,1.447496131,1.318679444,1.71477745,2.00755559,0.671453006,-0.01645221724,0.1170909777,0.8586047805,0.7428919115,0.4371273141,0.6146006239,0.07967615103,0.3020050247,0.141899439,-0.09100792624,-0.2953341407,0.2489996409,0.8821470258,0.7756803895,0.2152354128,0.2551033953,0.2143226352,0.6424877378,0.1698089635,0.6691460645,0.135443605
0.4417627586,0.2561789103,0.2457124198,0.1015498222,0.6116857018,1.331558026,0.2326444856,0.3605949972,0.05466960073,0.6421291737,1.132662953,1.407918705,0.8603695445,0.08945182693,0.7409008364,1.658885897,-0.295430662,-0.06454245429,0.9722234537,0.4190350948,0.1166806033,0.4264345799,0.1133634022,0.3298368076,0.22635917,0.3754554107,0.291517244,1.155937902,1.175240382,0.4329766656,1.051291491,0.318759386,0.1664549989,0.05321218948,0.5658919296,0.5989222803,0.6726422429,0.05894846493,0.3745454648,0.5729815982,-0.04007502709,0.3956515481,0.3180345013,0.3389175718,-0.07639861514,0.7045475116,0.283881886,-0.006048466398,-0.0177960839,0.1157295593,0.2760596375,0.03247023505,1.38979166,1.206531739,0.6324188381,1.847088559,0.7765334672,1.444472007,1.319878919,1.714726251,2.008547235,0.6877481696,-0.01181767987,0.1175044491,0.8635627083,0.7373389023,0.4388919669,0.617316996,0.07605867983,0.3098220947,0.1403732271,-0.09357057684,-0.2947931337,0.243296469,0.8714504657,0.779057085,0.2174467462,0.2546045248,0.2147342783,0.6343680398,0.1646015799,0.6638223941,0.1309163279
0.4458773073,0.2572162237,0.2589836567,0.09808523238,0.6277465028,1.325844014,0.228930184,0.3614100334,0.05256191938,0.6463188221,1.167286846,1.385486312,0.8534532518,0.09490715108,0.7791513696,1.686703561,-0.2953996772,-0.0610244437,0.9593735969,0.4147686476,0.1276233994,0.4398027811,0.1140576671,0.3271221362,0.2339539233,0.3701499291,0.2918556871,1.192187281,1.17187155,0.4327521123,1.029014796,0.3102692573,0.1982349065,0.0630059986,0.5387380209,0.5963522545,0.675761311,0.05170933129,0.3629710633,0.5408994658,-0.03724886334,0.3841223056,0.303143593,0.3403968003,-0.07360744715,0.7061049781,0.2888607279,-0.01044590288,0.0007969285669,0.1109590333,0.2948273339,0.03539359592,1.389112617,1.206464203,0.6528385594,1.849870086,0.7788119542,1.445100605,1.322139086,1.717907306,2.011802381,0.7081033452,-0.009201160472,0.1207796444,0.8610488364,0.7388704233,0.4398109744,0.6208934586,0.07615446383,0.3196253444,0.1359071308,-0.09381059574,-0.2942561417,0.2438844007,0.8673609766,0.7785535307,0.2193871982,0.2558473359,0.2180285431,0.6279616127,0.162824862,0.6555114029,0.1282950317
0.4438226868,0.2581154975,0.2748134178,0.09339354833,0.6415096555,1.319383552,0.2288546329,0.365611481,0.05026885581,0.6538512652,1.210688669,1.358904341,0.8462919957,0.09846272249,0.8156987565,1.708229917,-0.2942146715,-0.0557870673,0.9453667202,0.4080342224,0.1375029353,0.4571585977,0.1140969269,0.3291107149,0.2419328558,0.3690908212,0.2941914431,1.225013853,1.169576678,0.439449095,1.001068883,0.2997144025,0.2290610315,0.07011337161,0.5100844415,0.5951778834,0.670483219,0.04392719127,0.3425083964,0.5105026389,-0.03520949548,0.3692403826,0.2846119268,0.3463197906,-0.0734281355,0.7009955937,0.2967234802,-0.01836941842,0.0213848401,0.1085473394,0.3136871582,0.0393922962,1.385504815,1.204876786,0.6692294475,1.850722823,0.7808424609,1.445572634,1.327052541,1.719113452,2.014808903,0.7346948868,-0.008033540575,0.1254566557,0.849844105,0.7464822913,0.4342113012,0.6199255125,0.07758644641,0.3316204898,0.1339214499,-0.09357896329,-0.293758417,0.2417486078,0.8557942965,0.7714791681,0.2235045739,0.2572786054,0.2175692356,0.6240275136,0.1623999474,0.6502550769,0.1247840996
0.4414504131,0.2594577388,0.2846840371,0.09019798129,0.6539879106,1.311507538,0.2266394159,0.3666744275,0.05175814852,0.6626162393,1.247285498,1.330023356,0.8346193948,0.1035847346,0.8504803763,1.725151108,-0.2923547144,-0.05153508227,0.9320868881,0.3986001294,0.145043063,0.4678931221,0.1118765541,0.3310376195,0.2426103063,0.3652850398,0.2975471845,1.250297958,1.164509065,0.440617367,0.9779999981,0.2872597337,0.2641957975,0.08183991737,0.477683697,0.5948681781,0.6692841431,0.04096103557,0.3239163792,0.4763730446,-0.03259146681,0.356163225,0.2690665127,0.3416078765,-0.07276949238,0.6971761787,0.3025222293,-0.02645429548,0.04292255503,0.1096876861,0.3354773235,0.04414109529,1.390487935,1.203115065,0.6825927724,1.851361945,0.7847328613,1.446791886,1.328495052,1.717335843,2.016851935,0.7632540425,-0.005699070493,0.126060275,0.8457541445,0.7491347164,0.4376994619,0.6207266155,0.07546564919,0.3473587979,0.1321581721,-0.09093314125,-0.293293474,0.2391874298,0.847937757,0.7678892508,0.2224460899,0.2599564947,0.2185090398,0.6245946683,0.1606829508,0.6446517136,0.118981382
0.4371185292,0.2591377661,0.2974313259,0.08365398075,0.6726155686,1.300721363,0.2247280964,0.3677715557,0.04819009172,0.6723198546,1.292276399,1.292425894,0.8219398155,0.1099857342,0.8812719188,1.73317029,-0.2921374015,-0.04617951323,0.9194166997,0.3790627864,0.148134362,0.4822668051,0.1126406368,0.335878013,0.2449114196,0.3626874931,0.2953203519,1.275798712,1.159506824,0.4409920588,0.9528121103,0.2732648318,0.2984704346,0.08982999322,0.4407276834,0.5952482475,0.6706939009,0.04007945165,0.3082332988,0.4413505676,-0.03013036859,0.3394371279,0.2566127866,0.333513101,-0.07705129788,0.688677858,0.3051789908,-0.03337427755,0.06414652812,0.1082917472,0.3540899261,0.04608835039,1.391806492,1.202727442,0.6984388935,1.852609191,0.7898260839,1.448071209,1.328901922,1.716741409,2.026720511,0.7909678433,-0.005082765304,0.1292228857,0.8451272711,0.7472044655,0.4341682154,0.6237752647,0.0754171698,0.3627066691,0.1304131425,-0.09208631323,-0.2937758447,0.2376436667,0.8365781983,0.7654556519,0.2195329438,0.2633860657,0.2184197139,0.6262031117,0.1596581961,0.6403946488,0.1145286229
0.4296072954,0.2589279149,0.3108401282,0.07630838277,0.693900123,1.28763777,0.224287708,0.3669719292,0.04829275338,0.6803588659,1.338159032,1.249781338,0.8041496242,0.1168467294,0.9091586337,1.736976595,-0.2911316879,-0.04271924096,0.9093413732,0.3589027182,0.1478658715,0.4910694921,0.1126371628,0.3384309791,0.2441105802,0.3583785206,0.2891149929,1.298312042,1.149016058,0.4357062821,0.9303749793,0.2597127294,0.3310994928,0.09641315116,0.4001616357,0.5961636409,0.670502515,0.04066269584,0.287822353,0.4068773639,-0.02801366799,0.3229284724,0.2449608093,0.3266153421,-0.07810045026,0.6790845316,0.3043437219,-0.03792618673,0.08272243685,0.1079186388,0.3708400212,0.04872765802,1.395810229,1.201535095,0.7178850791,1.853425105,0.797389353,1.448708022,1.328365792,1.715226463,2.036639579,0.8199011296,-0.005242999299,0.1323447998,0.8457150907,0.7461929235,0.4290692686,0.6256974509,0.07695250721,0.3800295675,0.1281864892,-0.09174524103,-0.2919767824,0.2360297513,0.8248819736,0.7656855032,0.2131653932,0.2674172443,0.210703007,0.6278368613,0.1609017305,0.6348176633,0.1095838639
0.4242463863,0.2609888928,0.324645334,0.06909951622,0.7242763462,1.281248894,0.2231177341,0.3652143294,0.04672256759,0.6876431971,1.38375195,1.21141226,0.7878366713,0.1217469947,0.9364595308,1.730909235,-0.29295385,-0.03947882387,0.900187811,0.3398982267,0.1484409508,0.4979743458,0.1124299019,0.3382924225,0.2442756599,0.3551667433,0.2798271521,1.317625378,1.137207174,0.4308718725,0.9049120647,0.2437889038,0.3691435512,0.1008553939,0.3561503001,0.5956728148,0.6671247981,0.04471511354,0.2696918264,0.3692262729,-0.02539248453,0.3144661241,0.2335864844,0.3109772197,-0.07740867075,0.6672523959,0.3056580722,-0.04656340553,0.1064717329,0.1059377346,0.3816642362,0.05125788893,1.394450969,1.200475903,0.7291390428,1.853152875,0.8054748502,1.449959518,1.329115547,1.715324871,2.046721236,0.8454088513,-0.009007828854,0.1333201789,0.8422566155,0.7405413074,0.4268237632,0.6216608728,0.07844320285,0.3920060358,0.1216280592,-0.09550368897,-0.29086684,0.2331197484,0.8148768668,0.7672807941,0.2069916176,0.2695106901,0.2057802678,0.6253657922,0.1618657131,0.622215935,0.1044114004
0.4155766981,0.2653200794,0.34203351,0.06304697976,0.7621175829,1.276004029,0.2210060437,0.3609440516,0.04402299613,0.6955925052,1.435295849,1.174818361,0.7671336825,0.1308150942,0.9576453033,1.723184599,-0.2935047655,-0.03673702614,0.8921954749,0.3262076529,0.1507424076,0.5099454021,0.1118227911,0.3415662661,0.2469960577,0.3512582531,0.2774828711,1.334265418,1.127662279,0.4324046049,0.8831156616,0.2284133555,0.417708797,0.1063429281,0.3088250346,0.5946036023,0.6644038167,0.05173008457,0.2468831826,0.3287217299,-0.02265902299,0.3069744822,0.2184798899,0.302166026,-0.08116400357,0.6553846123,0.304018053,-0.05717868984,0.1295927654,0.10284535,0.3922082406,0.05027452301,1.398681694,1.201377773,0.7327025332,1.85395498,0.815217448,1.452674543,1.329170232,1.713969021,2.058129546,0.8704796301,-0.01109699501,0.1341930782,0.8249333304,0.7405809313,0.4228024261,0.6167647165,0.07892791846,0.4044438868,0.1181837007,-0.09762352098,-0.2924888021,0.2316800405,0.8102779607,0.7639693637,0.2048229089,0.2707724707,0.2011368851,0.6275787637,0.1617690731,0.6174034631,0.1002676381
0.4115793299,0.26938775,0.3584140097,0.06145044502,0.8043252748,1.268894389,0.2208338262,0.3596069515,0.04030583806,0.7011986457,1.483649466,1.139176199,0.7449137608,0.1398214114,0.9760190052,1.703235502,-0.2930072019,-0.03251538534,0.8856444858,0.3176159566,0.1517659883,0.5257261508,0.1127743023,0.3453157036,0.2477763487,0.3506037755,0.2716448419,1.34560795,1.119472561,0.4308471865,0.8530031551,0.2120155265,0.4659001062,0.1112889507,0.2642445262,0.5946677079,0.6620468572,0.0636204224,0.2252906504,0.2820294334,-0.02146165982,0.2975308708,0.2072497599,0.292404546,-0.08441912274,0.6343309334,0.3035735867,-0.06690500027,0.1468329189,0.1039437559,0.3998137189,0.04841774051,1.399307658,1.201236561,0.7368667653,1.854256325,0.82297177,1.453530085,1.331389686,1.714429131,2.07211269,0.8966445796,-0.01550593979,0.1358796317,0.8061927725,0.737323732,0.4202420453,0.6125986989,0.08000498594,0.4158279309,0.1160424554,-0.09712878954,-0.2920923343,0.2352519275,0.8075090023,0.7569624302,0.2030614231,0.2744889585,0.197144274,0.6252685173,0.1630962174,0.616968156,0.09218057716
0.4009014035,0.272511788,0.3713649198,0.06025558116,0.845532809,1.265491813,0.2205808902,0.3541695011,0.03821922654,0.7114363115,1.532702411,1.102835335,0.7212799918,0.1491765617,0.9912578625,1.686359992,-0.2927811745,-0.03103160875,0.8814013098,0.3099159028,0.1587365897,0.5419225433,0.1143792334,0.3482805708,0.2523290119,0.3506853667,0.2697194015,1.352235987,1.113438973,0.4315902051,0.8262928534,0.1988892129,0.5146992827,0.1138427637,0.2191350601,0.5953615305,0.6607729092,0.07764707927,0.2034719851,0.2330037846,-0.01455866131,0.2889505909,0.1970333935,0.2811134092,-0.08649767072,0.6106103951,0.3014757877,-0.07802524594,0.1621016194,0.1041585868,0.4021663115,0.0485457355,1.403822344,1.203137011,0.7404032973,1.857436909,0.8293437037,1.455499597,1.33379789,1.712660186,2.088838724,0.9223846179,-0.01569783238,0.1378544754,0.7819740266,0.7496541294,0.4159416988,0.6088993937,0.0803903932,0.4240223036,0.11218968,-0.09792723534,-0.2918734078,0.2310646141,0.8011222318,0.7484490482,0.2062661685,0.2793349103,0.1944205933,0.6295059007,0.1647653669,0.6082779289,0.08618216639
0.3929322672,0.2758923626,0.3842021237,0.05877337912,0.8885848562,1.265353766,0.2185140137,0.3516524803,0.03779105757,0.7211677178,1.577164438,1.065358906,0.705705237,0.1590211398,1.001713398,1.667907223,-0.2930566806,-0.02761160814,0.8803205779,0.3043052205,0.1678210614,0.5610599839,0.1177279553,0.3551591381,0.2621930906,0.3515389541,0.2714523733,1.355736943,1.109498546,0.4356670819,0.8009435553,0.1857434065,0.5640671235,0.1169347437,0.1751785658,0.5949931741,0.6548479705,0.09207731493,0.1841455821,0.1867629288,-0.01025727041,0.2780278297,0.1887818955,0.2740644986,-0.08615234366,0.5845432788,0.2975347848,-0.08896969512,0.173676796,0.1047469361,0.4043291561,0.05107966629,1.415149658,1.202299063,0.7408122943,1.859511159,0.8330745133,1.457691876,1.336669297,1.710804659,2.102754156,0.9495113902,-0.01699248825,0.1417923046,0.7571172208,0.773699395,0.4155661152,0.6032002129,0.08137679351,0.4331163306,0.1069687189,-0.09979699856,-0.2927434222,0.2317880447,0.8035769136,0.7413060036,0.2099369034,0.2831016041,0.191575467,0.6368989235,0.1681352604,0.5988331351,0.08360080075
0.3859091497,0.2792149295,0.3976715284,0.05434699131,0.9281148735,1.261555336,0.2142930382,0.3479160806,0.03944944638,0.7292989798,1.623427125,1.026196662,0.6889101758,0.1691666798,1.01336682,1.64400323,-0.2935528241,-0.02344634767,0.8799143549,0.3084489049,0.1813121815,0.5860518453,0.118343903,0.3639638697,0.2778119827,0.355312956,0.2763662252,1.35826757,1.105776991,0.4396246927,0.7750207735,0.1723464185,0.6057544554,0.1185787062,0.1363140971,0.59312699,0.6507304591,0.1080107587,0.1614313426,0.1406431186,-0.00628110574,0.2680307305,0.1835744593,0.2685955844,-0.08870622173,0.5597152261,0.2965102593,-0.1003024689,0.1863828469,0.1052079764,0.407505762,0.05831981262,1.424847299,1.201023373,0.7393190604,1.864399989,0.8357021658,1.460725924,1.339840072,1.708822693,2.115890443,0.9741312925,-0.0177607614,0.1460594897,0.7345348614,0.8025561364,0.4137097014,0.6009529229,0.0810019593,0.4406413203,0.1010029535,-0.09945592636,-0.2919309852,0.2310523943,0.8089360889,0.7320529514,0.2184075861,0.2861318265,0.1907738179,0.6475451213,0.1708355747,0.5879979078,0.0767992465
0.3746093088,0.2817385727,0.4127003021,0.0487113093,0.9664672427,1.253012283,0.2135205098,0.3446117612,0.03776203281,0.7349678816,1.665704239,0.9852152122,0.6725376811,0.1820233421,1.020503896,1.622938343,-0.2933433865,-0.02106254627,0.8779553633,0.3098322436,0.194573976,0.6077210872,0.1227369566,0.3757323918,0.295043298,0.3592728692,0.2816813102,1.353765043,1.104803056,0.4450689356,0.7500670627,0.1576653168,0.6424415872,0.1216530917,0.1012948194,0.5932961107,0.646637798,0.1244257419,0.1382807799,0.09745502642,0.0007343730696,0.2533576692,0.1785816009,0.2575108619,-0.09068315143,0.5296129744,0.2961872531,-0.1071102052,0.2015899428,0.1035724934,0.4104209727,0.06757007715,1.43512956,1.202376265,0.7410811689,1.863796081,0.8399326099,1.464177677,1.341810393,1.706148907,2.129397164,0.992028742,-0.01938274574,0.1518975061,0.7132638484,0.8375262824,0.4126456773,0.5974476808,0.07902777505,0.4480897881,0.0969533011,-0.09670468452,-0.291220202,0.2295615715,0.8186673551,0.727296237,0.2237143467,0.2886314471,0.1869091929,0.6515741514,0.1738528147,0.5811133063,0.07195996712
0.3671629123,0.2854932501,0.4272222383,0.04525322108,1.0046091,1.245308259,0.2095293952,0.3411511962,0.03647688092,0.7366128775,1.711205075,0.9443282256,0.6576631741,0.1938750874,1.023509522,1.606706418,-0.2940240184,-0.02055418679,0.8780570943,0.3122351467,0.2062226214,0.6282452731,0.1272382783,0.3895515369,0.3093715089,0.3644159912,0.2876028846,1.351477625,1.100900518,0.4503647056,0.7305660565,0.1440787791,0.6775506696,0.1268180831,0.06915371081,0.5921020745,0.6420526896,0.1398141855,0.1172984763,0.05696993224,0.00756048374,0.2351411507,0.1723417661,0.2461136794,-0.09445711566,0.5036349322,0.2924160487,-0.1159294783,0.2111096555,0.1008059954,0.4123631354,0.07595003159,1.442009029,1.20265516,0.7411760122,1.868911556,0.8428973499,1.465068122,1.343140641,1.702733466,2.139112109,1.003147739,-0.01937461356,0.155706509,0.692308946,0.8677399732,0.4105311371,0.5942023425,0.07438667595,0.4546370898,0.09226747736,-0.09697055588,-0.2869329135,0.2292537652,0.8247464386,0.7147226424,0.2264047128,0.2883375559,0.1836910836,0.6576884933,0.1814856543,0.5768484313,0.06957648917
0.3579698311,0.2881512106,0.4516008872,0.04043166397,1.046194212,1.237574348,0.2057251093,0.3425800078,0.03281288117,0.738212713,1.755439434,0.9071037494,0.6435206105,0.2072437924,1.02399043,1.584123728,-0.2954456702,-0.01970834142,0.8803098975,0.3058699479,0.2171156985,0.6460506008,0.1292698734,0.4009054661,0.325204747,0.3693939426,0.2907350082,1.345698428,1.096471818,0.4573315686,0.7124939885,0.1316059361,0.7099063908,0.1327881143,0.03917714051,0.588147791,0.637049107,0.1559971897,0.09967894844,0.02258369932,0.01343947059,0.219536371,0.1705883583,0.2352923192,-0.09762978982,0.4716982324,0.2879021554,-0.1239105497,0.2128843374,0.0970069764,0.4088150768,0.085787635,1.446901194,1.202663434,0.7382007124,1.871502484,0.8464469465,1.468481931,1.344936138,1.700530107,2.154122441,1.009554449,-0.02082702696,0.1583385419,0.6841239225,0.892566396,0.407873173,0.5925002868,0.07348000427,0.4561667575,0.08713336901,-0.09386056792,-0.2840455279,0.2274294297,0.8329036262,0.7076753881,0.228779375,0.2875165502,0.1799858924,0.6635533756,0.185009177,0.5741604762,0.06668689009
0.3491215955,0.289662977,0.4842933766,0.03370593629,1.085175598,1.230347511,0.2051659595,0.3426524804,0.02821944409,0.7441370605,1.797345131,0.8712695718,0.6300140616,0.2213737317,1.024393806,1.552767058,-0.296164904,-0.01549920356,0.8840472227,0.298753809,0.2312369124,0.6679335487,0.1326349873,0.4125810228,0.3397747842,0.3738003445,0.2948921338,1.338104279,1.094087077,0.4687169863,0.6988405432,0.1211992153,0.7398194612,0.138470677,0.01106881011,0.5853527781,0.6353049293,0.1725032518,0.08353288448,-0.00585941997,0.0220907067,0.2061678332,0.1746403992,0.2249688992,-0.09736161428,0.4397990592,0.285966986,-0.1286936289,0.2089112791,0.1005597347,0.406005955,0.1002416794,1.45203875,1.201248013,0.7311813625,1.873699957,0.8450358835,1.470510756,1.345105,1.697670311,2.165782109,1.015325121,-0.02063449852,0.1615585985,0.6810413654,0.9186615767,0.4037310404,0.5862861021,0.07034424645,0.4562255095,0.08504670769,-0.0912040029,-0.2806032815,0.2258565328,0.844181789,0.6968436745,0.231246853,0.2846659816,0.1779716678,0.670007637,0.1894557705,0.569317132,0.06737677769
0.338152555,0.2930646452,0.520725966,0.03213984799,1.114923434,1.220491659,0.2062080843,0.34792556,0.02592632677,0.7487856464,1.833737194,0.8393376539,0.6176253351,0.2356787542,1.014563893,1.524665281,-0.2967268901,-0.01424792558,0.8886602509,0.2930120975,0.2416594233,0.686156265,0.1368858758,0.4234253413,0.3522305739,0.3798747026,0.2975164944,1.327697174,1.08826552,0.4780671481,0.6916118784,0.1122375393,0.7633908556,0.1456472825,-0.01312544462,0.5815225721,0.6309683241,0.1877924149,0.069657402,-0.03279811584,0.03004380451,0.1907966455,0.1740492103,0.2144320128,-0.09780751759,0.411579046,0.284420571,-0.1338215963,0.2041433908,0.1047816474,0.4014977818,0.111179928,1.459405163,1.200940467,0.7252122733,1.872037573,0.8484133889,1.471444083,1.345735283,1.693452427,2.17630005,1.018268757,-0.01813848928,0.1636823399,0.6890091395,0.9424650232,0.3972525731,0.5807863645,0.06460156607,0.4504541773,0.08161492497,-0.0895852788,-0.2780589779,0.2233504931,0.8506767629,0.691594568,0.2334909747,0.2802465343,0.1702896341,0.6758463884,0.1937162297,0.568191508,0.06595602236
0.3330696538,0.2970715163,0.5627702393,0.031148555,1.1442648,1.210105891,0.2025428732,0.3482734003,0.02282390238,0.7496407602,1.865789938,0.79764105,0.607096779,0.2522600588,1.00522311,1.49074825,-0.2982852944,-0.01295998165,0.8928523346,0.2871989797,0.2480081316,0.7008311273,0.1420705682,0.431400147,0.3648166844,0.3852493995,0.2984858871,1.31644628,1.081422813,0.4833173531,0.6860545312,0.1035669869,0.7845842824,0.1544643224,-0.03691294122,0.5755657401,0.632686624,0.2017623401,0.06073013262,-0.06019315387,0.03904324017,0.176481038,0.1739226804,0.199936221,-0.09775412423,0.3825588787,0.2861408809,-0.1368571753,0.1975289744,0.1070032237,0.3968307233,0.1182165459,1.466098721,1.200764247,0.7189858149,1.872010178,0.8515016544,1.47175285,1.345280892,1.6908624,2.185984979,1.019624527,-0.01809806266,0.1632731135,0.7053500432,0.9624290251,0.3942001608,0.5798363516,0.06001761366,0.4422593344,0.07665639521,-0.09130734341,-0.2761321864,0.2219954673,0.8626637515,0.6934169767,0.2327993948,0.2742731959,0.1681275782,0.6806039168,0.1920865558,0.5619422574,0.06463144388
0.3277288328,0.3003134308,0.6181201067,0.0294160817,1.167843784,1.199092508,0.1991663245,0.3525658121,0.01801482208,0.74639562,1.897246927,0.7613551799,0.5932715311,0.2665135626,0.9968327115,1.455330129,-0.2998532524,-0.01095056623,0.8998616286,0.2797490244,0.2529015269,0.7166469064,0.1445516276,0.4362958891,0.3791223664,0.3882307675,0.2974070135,1.306805649,1.073696413,0.4891882175,0.6795121547,0.09855599405,0.8039374028,0.1619657846,-0.05660782264,0.5683440197,0.6315057844,0.2116401083,0.05430091078,-0.07778781457,0.04532883059,0.1617223038,0.1736902643,0.1925084998,-0.09821169822,0.3547260442,0.2896478634,-0.1385028945,0.1934181504,0.1075743455,0.3903307092,0.1257339042,1.469939646,1.199506889,0.7106571819,1.870563293,0.8536478318,1.470747436,1.344288679,1.686617651,2.196318052,1.026250549,-0.01848536174,0.163834652,0.7177456232,0.975946442,0.3847101156,0.5757402736,0.05714310155,0.4272573911,0.06975381825,-0.09185384906,-0.2721819352,0.2213404381,0.8697627174,0.6908374712,0.2311229062,0.2704711352,0.1680747621,0.6817811124,0.1937069475,0.5573326292,0.0641305228
0.3224807764,0.3062005876,0.6794309567,0.02891438953,1.19060234,1.188078412,0.2008740657,0.3590915183,0.01506886265,0.7474860309,1.917409753,0.7284056405,0.5806288798,0.2806212895,0.9881974765,1.413628398,-0.3010336749,-0.009524293828,0.905786438,0.2806278865,0.2599685142,0.7290529349,0.1476710303,0.4386117478,0.3899422632,0.39342185,0.2979562541,1.291744076,1.066769391,0.4937048619,0.675581052,0.09797480668,0.8194590276,0.1701251845,-0.07415390207,0.5623744125,0.6263380421,0.2182078189,0.04178809178,-0.09110400282,0.05693363532,0.141802044,0.1686829968,0.1872510116,-0.09963873053,0.3353949212,0.2989075098,-0.14152651,0.1915747416,0.1097618258,0.3861616021,0.1306391455,1.471750002,1.198668984,0.6996163541,1.870114216,0.8547323228,1.469526095,1.343978009,1.682450966,2.199450108,1.038775478,-0.01955927755,0.1633197161,0.7342629562,0.9865057634,0.3783956846,0.5700768953,0.05210651817,0.4112623748,0.06559997461,-0.09044804385,-0.2728885269,0.22169772,0.8795825681,0.6845542617,0.22815384,0.2656467251,0.1611511928,0.6797540527,0.1934759784,0.5577582841,0.06469031404
0.3153759592,0.3092886422,0.7452753955,0.03091120762,1.206335725,1.176305983,0.2005376492,0.368024229,0.009962654808,0.746769409,1.925628221,0.6958097776,0.5739260956,0.293314742,0.974066866,1.369270285,-0.3031116872,-0.01020188794,0.9111451085,0.2811094403,0.2696720474,0.7412995819,0.1501825464,0.4404742529,0.4037272561,0.4030971203,0.3025171703,1.272585647,1.059680745,0.4993239292,0.6722276561,0.09960322229,0.8303582177,0.1758741619,-0.0866544155,0.5568736408,0.623134759,0.2236133686,0.03760735,-0.1049972259,0.06506683915,0.1221901139,0.1645629629,0.1891558864,-0.10251672,0.316118049,0.3043908312,-0.1439383085,0.1932409786,0.1124324959,0.3827526921,0.1375476637,1.474916204,1.198155433,0.6821417015,1.868917213,0.8500611564,1.468923616,1.34388737,1.678808438,2.198920459,1.049067653,-0.02010851738,0.1635285051,0.7514115292,0.9914004495,0.3744165792,0.564088221,0.0447369456,0.3902693085,0.0639047128,-0.08982037673,-0.2728637311,0.2202061894,0.8893149574,0.6861793946,0.2273007689,0.2614906743,0.1585611876,0.6765890373,0.1937091542,0.5578937834,0.06235454285
0.3074029441,0.3127552976,0.8135502687,0.03185580023,1.21559355,1.163832644,0.2010414721,0.3785628701,0.00454056082,0.7448996148,1.930634456,0.6634993123,0.5634248446,0.3056543807,0.9549856735,1.323290043,-0.3030114386,-0.008968310762,0.9159300113,0.2815000066,0.2775738153,0.753079442,0.1530300646,0.4441742637,0.4150815079,0.4131013606,0.3054282993,1.253608223,1.053441094,0.5062463574,0.6717929244,0.1066657566,0.8343819674,0.180227974,-0.09528184546,0.5530376357,0.6209561182,0.227403289,0.03546527137,-0.1105160723,0.07292266435,0.1021936023,0.1607236988,0.1930742542,-0.1021638904,0.2966522152,0.3130132727,-0.1451031772,0.189851059,0.1144957434,0.3814799095,0.1439409558,1.480619657,1.195717789,0.6670936341,1.86652426,0.8471408434,1.466322087,1.34327355,1.676673459,2.197907348,1.061729574,-0.01849928349,0.1647090279,0.7741242972,0.9976407638,0.3683001099,0.562476664,0.0401621826,0.373506351,0.06451268241,-0.08791027537,-0.2740039402,0.2189669914,0.8953759946,0.6853348221,0.228180539,0.257304574,0.1568499277,0.6818326798,0.1941832819,0.5554349761,0.06246040418
0.3034097406,0.3153045325,0.8833213865,0.03591112215,1.220508008,1.145698236,0.1985936324,0.3912050368,0.0005981383666,0.741692224,1.925832036,0.6297516642,0.5553811066,0.3150194675,0.9332518544,1.277878027,-0.3039792605,-0.006946392394,0.9194553385,0.2796065046,0.2830225787,0.7616747859,0.1572913415,0.4405777161,0.42300444,0.4232140691,0.3031823839,1.228541369,1.044110593,0.5045215501,0.6699908136,0.1130187465,0.8277804401,0.1827069188,-0.09873970591,0.5508958805,0.6186974041,0.2298159258,0.03694070811,-0.1084377117,0.07845915454,0.07530742992,0.1594437478,0.1878195601,-0.1029699175,0.2785671204,0.3234979665,-0.1444356974,0.1852437587,0.1183302941,0.376774618,0.1526520497,1.479479969,1.194953429,0.6532698924,1.865123459,0.8445979062,1.463386623,1.341762337,1.675141187,2.195695329,1.073636731,-0.01853512531,0.1647971115,0.7982028221,1.002313896,0.3654854844,0.5616907402,0.03483931757,0.3534870089,0.06310821427,-0.08589898209,-0.2724450265,0.2173996455,0.9041780595,0.679127926,0.2256454666,0.2553009798,0.1551954709,0.6832237847,0.1946202108,0.551113293,0.06351105038
0.2924005238,0.3202722524,0.959049124,0.03656286607,1.218057775,1.13036291,0.1980601415,0.400858644,-0.002279559127,0.7413567248,1.913756846,0.5971056733,0.5495600224,0.3214243158,0.9090904103,1.229973312,-0.3041111717,-0.006738056787,0.9198175619,0.2787828682,0.2918474226,0.765599935,0.159184549,0.4373675319,0.4329686856,0.4311387979,0.3040730513,1.201017866,1.03449411,0.50834776,0.6757693844,0.1180955595,0.8184241623,0.1822989923,-0.1068499458,0.5500458846,0.6156548133,0.2296409956,0.0383603714,-0.09659061743,0.08466866605,0.05003865306,0.1589526259,0.1852960633,-0.1041746651,0.2622685918,0.3332952738,-0.1422174959,0.1854037748,0.1169848584,0.3727988733,0.1600941189,1.480919355,1.193644516,0.636587254,1.863908045,0.8399802464,1.462252423,1.340034341,1.673422273,2.193103335,1.082119606,-0.01853723365,0.1638973579,0.8283544198,1.004529552,0.359331674,0.5610102381,0.02814657684,0.3334525505,0.06238449443,-0.08559755494,-0.2723084732,0.2147021118,0.9096891688,0.6795057341,0.2249708213,0.2514215325,0.1515864597,0.6842608628,0.1922200794,0.5473360386,0.06466126062
0.2872986778,0.3227837978,1.033994757,0.03657915967,1.221953185,1.112734864,0.1924024467,0.4105293421,-0.003289298291,0.738945778,1.892667975,0.5641123395,0.5466501118,0.3284442695,0.8836382782,1.175664655,-0.3048827245,-0.004804033661,0.917613418,0.2760454452,0.2970605719,0.7717679872,0.1614054277,0.435750512,0.4461535193,0.4390808391,0.3075508643,1.17737953,1.024127495,0.5118881477,0.6796070924,0.1225373604,0.8011183418,0.180268982,-0.113876959,0.5499464965,0.6130186249,0.2291025204,0.04216008356,-0.07805766736,0.08762648151,0.02956339139,0.1636336104,0.1860593616,-0.103817834,0.2498533054,0.3449609781,-0.1382373592,0.1812977856,0.1151996604,0.3722354402,0.1665476213,1.482749769,1.191599371,0.6188387333,1.859313239,0.8349582253,1.459296729,1.339954337,1.671139537,2.190395639,1.093485914,-0.0217530911,0.1639510663,0.8596715497,0.9996314695,0.3556199332,0.5579936125,0.02068124637,0.3113413826,0.061134681,-0.08503559326,-0.2719124024,0.213676277,0.9111452345,0.6797501647,0.2211952361,0.2497302053,0.1439869428,0.683198956,0.1915235642,0.546259044,0.06464747336
0.2799440658,0.3260924056,1.112661675,0.03699022614,1.220021501,1.089121267,0.1911723349,0.4177826691,-0.008585779566,0.7372128544,1.862658931,0.533276286,0.5392223008,0.3336698473,0.8571682613,1.120519055,-0.3051939599,-0.0008115667055,0.9105323309,0.2762979473,0.3010020968,0.7748225078,0.1621797638,0.4335933304,0.4636453277,0.450904322,0.3091063846,1.153602973,1.01192601,0.5215701725,0.6855637626,0.128197248,0.777069531,0.1761127185,-0.118166903,0.549831979,0.6140457713,0.227094686,0.04730899572,-0.05634208557,0.09312147411,0.01269610441,0.1666840454,0.1802905389,-0.1033522156,0.2391113183,0.357953527,-0.1335444132,0.1813909464,0.1153961358,0.3683784342,0.1728947696,1.481018953,1.187646854,0.6029945016,1.856446532,0.8334314916,1.457711156,1.337346391,1.671535599,2.186693505,1.110644746,-0.02398244527,0.1627962441,0.8853862158,0.9870867633,0.3480935116,0.5529704505,0.01546369414,0.2901087063,0.06198239218,-0.08395970141,-0.2709967672,0.2087986906,0.908457672,0.6830011139,0.2206776141,0.2501724889,0.1378303942,0.6798566233,0.1879154159,0.5477422418,0.06488972834
0.2748505489,0.3318553267,1.188027435,0.03845256665,1.218095344,1.06878828,0.193149049,0.4268429539,-0.01848897406,0.7381312699,1.824705922,0.5030192146,0.5361097676,0.3381902376,0.8299266871,1.066649078,-0.3067568506,0.00556095544,0.9027253538,0.2690749918,0.3013992978,0.7752023344,0.1649251525,0.4299066773,0.475698321,0.4591249044,0.3087040366,1.129610324,0.9994179821,0.5284272869,0.6961054606,0.133923602,0.7496558661,0.1675575112,-0.1234692184,0.5504385857,0.6127626409,0.223384856,0.05593596299,-0.02368632974,0.09974175512,-0.009847165838,0.168744755,0.1722711618,-0.1012939663,0.2302201371,0.3683345804,-0.1282353906,0.1787294174,0.1137161485,0.3646177727,0.178238447,1.475132042,1.184423252,0.58790571,1.852931109,0.8280126684,1.452266812,1.333888529,1.671372414,2.182658573,1.139234821,-0.02768753847,0.1611986509,0.9025656002,0.9703598091,0.3424613106,0.5482707272,0.01001752907,0.2735706456,0.063514116,-0.08434298311,-0.2694540016,0.2055989132,0.8999889784,0.6858104708,0.2170789413,0.2470815988,0.1299828342,0.671302856,0.1845538238,0.5454877518,0.06529332762
0.2708402787,0.3380305054,1.262739861,0.04111405254,1.220834794,1.050946759,0.1911604855,0.4339212635,-0.02722956565,0.736514065,1.779088597,0.4800263768,0.5320948452,0.3408894864,0.7985258324,1.006337683,-0.3077198311,0.01729541517,0.8966048761,0.2604243764,0.2988388751,0.7715623889,0.1677592806,0.4182591819,0.4890446199,0.4676111723,0.3059155367,1.109202341,0.9837344573,0.5345530416,0.7106480229,0.142987214,0.7142218084,0.1572106669,-0.1279541043,0.54945079,0.6123840107,0.219461965,0.06710222135,0.01710743651,0.1020206441,-0.02826762525,0.1730155303,0.1725644617,-0.1020972425,0.2213845356,0.3780815011,-0.1222969083,0.172448602,0.1210069118,0.3610730803,0.1841326738,1.471963973,1.18083615,0.5737492912,1.850870001,0.8223650378,1.448712486,1.331112343,1.671917012,2.177106303,1.180157982,-0.03187520773,0.1562596959,0.913969624,0.9456733153,0.3388164886,0.545300792,0.004893280749,0.254840891,0.06022371658,-0.08794070225,-0.2691726886,0.202625911,0.8912656137,0.6860104801,0.211745806,0.2485521675,0.1248394232,0.6677821643,0.1842886682,0.5411041767,0.06788218322
0.2657991052,0.3440670241,1.336382713,0.04434002636,1.218767036,1.029308445,0.1901079367,0.4410352023,-0.03314502682,0.7330651241,1.732012867,0.4594299507,0.5299132693,0.3444724271,0.7740116144,0.9478083513,-0.3095686208,0.03446308395,0.8896067573,0.2576233442,0.3019544821,0.7706932314,0.1698606934,0.4069014842,0.5105774633,0.4767155102,0.3056656554,1.088851326,0.9691597966,0.5425209068,0.7278451861,0.1493084313,0.670360419,0.1477933524,-0.1344387548,0.5473753797,0.6130312748,0.214068174,0.0772080912,0.06671427649,0.1026391038,-0.04227982387,0.1796739218,0.1764734712,-0.1022389162,0.2085969619,0.3861711975,-0.1193556694,0.1650799055,0.1255121551,0.3519296328,0.1941027749,1.468428669,1.17744913,0.5677168044,1.846807955,0.8177903269,1.449988153,1.330952024,1.676062916,2.178569426,1.224328134,-0.03334298191,0.1558781543,0.9251552209,0.9177780766,0.3360343909,0.5416714904,0.003448271125,0.2369549276,0.05868990572,-0.0888435282,-0.2706521852,0.2003761531,0.8896816509,0.6968421938,0.2098365929,0.2485037668,0.1206869302,0.6643851823,0.1795265149,0.5396037377,0.06722545182
0.2630000819,0.3524013594,1.401275034,0.04890481065,1.221190054,1.011867545,0.1906707393,0.4472845602,-0.03521588972,0.7324737161,1.680250334,0.4406664017,0.5302561459,0.3458136998,0.7466968468,0.8966259523,-0.3099367262,0.05353302681,0.8808608614,0.2574518633,0.303757608,0.7720956446,0.1726968451,0.3972447209,0.5338162619,0.485557968,0.3047240674,1.071917833,0.9588673409,0.5465044527,0.7444922954,0.1568739754,0.6251841182,0.1336466476,-0.1401255422,0.5473571499,0.6153071979,0.2100021172,0.08676691746,0.1188658965,0.1021846931,-0.05840730464,0.1832410409,0.1773305296,-0.1021323379,0.200980034,0.3920975515,-0.1120216742,0.1586516548,0.1294451485,0.3445992981,0.2074501356,1.47161989,1.174828691,0.5615954463,1.845004881,0.8096228172,1.447841273,1.33037478,1.678353487,2.179747568,1.272488012,-0.03298181957,0.1554164654,0.9267588827,0.8869465923,0.3360654437,0.5377363632,-0.0005720985535,0.223407205,0.0574479053,-0.09221342691,-0.2704908361,0.1991333041,0.8889705038,0.7008024017,0.2122486913,0.2510285646,0.1146185428,0.66437789,0.1791780997,0.5342677626,0.06551282647
0.2564242512,0.3610798632,1.458140097,0.05425803064,1.221727072,0.9944062234,0.1923046222,0.451541156,-0.03874282811,0.7260035842,1.621534463,0.4164419137,0.530950199,0.3451979908,0.721285965,0.8381963894,-0.308923815,0.07254340507,0.8703556832,0.2529043044,0.298430274,0.7667490962,0.1736811404,0.3883949365,0.5584942838,0.4907561126,0.3049250611,1.054993239,0.9478464756,0.5465192048,0.7637952643,0.1620627033,0.5780750434,0.1181899778,-0.1469556984,0.5499927168,0.6160729023,0.2052939321,0.09635464353,0.172362977,0.1005352651,-0.07685253642,0.1858333634,0.178594296,-0.1034900547,0.1957232467,0.3991950844,-0.1074075027,0.1519206835,0.1336823917,0.3344720308,0.2145755856,1.473634722,1.172900896,0.5563200527,1.838671274,0.8052028406,1.445217045,1.328627338,1.681687848,2.176769783,1.315392278,-0.03308720321,0.1543669836,0.9232665543,0.8473703355,0.3323755175,0.5321661096,-0.001648095675,0.2058907509,0.0569241128,-0.09457355506,-0.2720720308,0.1982906927,0.8883167905,0.7078663993,0.2096361522,0.2562608313,0.1093425764,0.6633039594,0.1776419833,0.5292519312,0.06094600046
0.2518081941,0.369653674,1.507998871,0.05745304267,1.223235144,0.9765618562,0.1908743176,0.4537000166,-0.04345048299,0.7187248885,1.559665001,0.394753099,0.533047875,0.3449001733,0.6974203667,0.7838869227,-0.3065413129,0.09402927299,0.862465408,0.2430632299,0.2918207243,0.7599392077,0.1718626412,0.3797893589,0.5815721124,0.4959078051,0.300116657,1.044656774,0.9309356973,0.5471568172,0.7802624874,0.1661135904,0.5346269969,0.1046894582,-0.1523903435,0.5535737635,0.6182579644,0.1977161983,0.108291919,0.2291430311,0.09936508159,-0.09231162605,0.1919185773,0.1848245127,-0.10769871,0.1895534508,0.4009711062,-0.1044956334,0.1419055343,0.1366950991,0.3276749395,0.2221965755,1.470890008,1.169603183,0.5472011601,1.831033302,0.793447642,1.442624871,1.326323076,1.684973588,2.174087449,1.36001198,-0.03611448117,0.1534536645,0.9125613298,0.805674652,0.3349160244,0.5248238606,-0.001936491933,0.1892597083,0.05672723574,-0.09896743278,-0.2743497135,0.1942225602,0.8917071884,0.7046042878,0.2045487847,0.2596990586,0.1062887838,0.6593241093,0.1746000142,0.5249561102,0.05901201569
0.2450625537,0.3783611816,1.544691867,0.05937984983,1.224379141,0.9623065002,0.1923124624,0.4567956505,-0.05155575483,0.7150293796,1.498269575,0.3817002793,0.5339024504,0.3429773026,0.6757645301,0.7321797501,-0.3051477087,0.1210524944,0.8559711607,0.2345666249,0.2876946652,0.7498082735,0.1706541197,0.3682418946,0.6056093736,0.5009866484,0.299129493,1.043491257,0.9149663964,0.5481177269,0.7944777218,0.1717121044,0.4904712628,0.09175012964,-0.1594627617,0.5589392615,0.6191130208,0.1899614499,0.1258370112,0.2844399144,0.0962197585,-0.1054751294,0.2015222104,0.1901679108,-0.1066213813,0.1864230765,0.3940913003,-0.1025748345,0.1276460063,0.140349274,0.3164885201,0.2306712609,1.466847435,1.165911621,0.5385896167,1.825250033,0.7864009842,1.442686653,1.32220405,1.685432043,2.17246325,1.400694862,-0.03602589734,0.1541057782,0.9013696982,0.7632899651,0.3341416453,0.518674812,-0.003309004371,0.1722293605,0.0563859251,-0.09989146745,-0.2754045933,0.1903048661,0.8933901442,0.6999850514,0.2006146629,0.262018877,0.09935294009,0.6542232756,0.1748201599,0.5235497617,0.05925837346
0.2400304035,0.3883220578,1.572381832,0.06122736941,1.233012498,0.9494600075,0.1933757024,0.4593962109,-0.05762585347,0.7132538432,1.437273698,0.3678679655,0.5385311948,0.3418313129,0.6526678686,0.6852833573,-0.3028447019,0.1501187065,0.8445100741,0.2257219575,0.2854966917,0.7434214865,0.1739130229,0.3558824044,0.6309959407,0.5090625265,0.2980908182,1.040008981,0.9036306551,0.5487156633,0.8068753745,0.1767561883,0.4466964114,0.07867904852,-0.1655324668,0.5646269531,0.6179300943,0.1777494362,0.1375671891,0.3416790947,0.09679821709,-0.1191666332,0.2113014198,0.1943783365,-0.1082604448,0.181593927,0.3879875695,-0.09966146642,0.1132469972,0.1422022026,0.3044002038,0.2388185067,1.461177323,1.163066149,0.5341694325,1.821520553,0.7763414431,1.442120217,1.321818805,1.689582132,2.166570503,1.435548905,-0.03467819826,0.1543123985,0.8890082168,0.7274043934,0.3369955526,0.5126351561,-0.004764064919,0.1609650038,0.05604766474,-0.1026882456,-0.2796924996,0.1838841128,0.9005186134,0.6955235672,0.1988742553,0.2620710864,0.09283254722,0.6535311523,0.1742206349,0.5201859312,0.05815925717
0.2324909974,0.3978320564,1.585677337,0.06239816948,1.242394084,0.9378424897,0.1931202718,0.4581871518,-0.064587281,0.7022659747,1.377206797,0.3511222034,0.5407564948,0.3392579429,0.6329665206,0.6355181814,-0.3015354021,0.184003938,0.8364574499,0.2111160562,0.2778191745,0.7381573827,0.174255366,0.3433251734,0.6571218507,0.5125696774,0.2952021165,1.044145467,0.8902587078,0.5535039131,0.8075292995,0.1772656353,0.4035508755,0.06587907837,-0.1702980258,0.5691336993,0.6178244644,0.1652716174,0.1507834146,0.3943912808,0.09065762555,-0.1300142782,0.2221383129,0.1921725776,-0.1083461826,0.1753240145,0.3822695207,-0.09397266455,0.09775345261,0.1428676142,0.2890696936,0.247797877,1.457379609,1.159728856,0.5311219289,1.817073868,0.7693959284,1.440886292,1.320377406,1.693480217,2.159814729,1.466290519,-0.03459419924,0.1525071699,0.8732158825,0.6913805908,0.3379218575,0.5121828544,-0.005072589133,0.1506336581,0.05646988816,-0.1071871966,-0.2789289923,0.1771071953,0.9014390535,0.6984619734,0.1963871763,0.263802158,0.08581727771,0.6531695292,0.1737329517,0.5127591852,0.05253505831
0.2285443802,0.4087328428,1.593042127,0.06144580669,1.253064695,0.9254810831,0.1935378523,0.4580485107,-0.07086388543,0.6924880184,1.321311693,0.3370624984,0.5425049191,0.3377404802,0.6155409891,0.5950547988,-0.2993444245,0.2206337769,0.8271298688,0.2005065709,0.2727863304,0.7326408821,0.1746230727,0.3286102224,0.6822778312,0.5152273548,0.2947478971,1.050605155,0.880007705,0.5589617184,0.8125582766,0.1773396248,0.3643786709,0.05487869488,-0.1764158557,0.5730522409,0.6178725597,0.1498556689,0.163976099,0.4483912473,0.08570133314,-0.1344717052,0.2355334799,0.1845175967,-0.1084803955,0.1742245644,0.3803325079,-0.08960530751,0.08545087319,0.1417598254,0.2747499683,0.2593656641,1.457163771,1.155691298,0.5259014642,1.811162331,0.7667257916,1.439899731,1.319172903,1.695173435,2.156784298,1.495499073,-0.03422738119,0.1510632269,0.852043976,0.6591518539,0.3461610185,0.5073003402,-0.003496160412,0.1434152267,0.05298705333,-0.1103840987,-0.2795382539,0.1745516802,0.90385929,0.6915209883,0.1948670265,0.2657002947,0.08031306858,0.6511900436,0.1729781163,0.5059842209,0.04904688238
0.2253631115,0.4221087259,1.596134961,0.06081947444,1.268794792,0.9121685747,0.1922941983,0.4570334745,-0.07382553973,0.6820440044,1.264289978,0.3240594978,0.542132031,0.3352661226,0.6053839195,0.56038307,-0.296540336,0.2596325728,0.8194400865,0.1918734846,0.2695218972,0.7289283786,0.1771183318,0.3153024713,0.7161635742,0.5192873029,0.2952874978,1.06171449,0.872104924,0.5647030854,0.813982748,0.1754717386,0.3253944512,0.04742616742,-0.1809040166,0.5736919483,0.6178931399,0.1330725189,0.1735757956,0.5023493753,0.08078605296,-0.1381867184,0.249840681,0.1792167766,-0.1134045885,0.1751171831,0.3752467483,-0.08645779829,0.07521550683,0.142550649,0.2608314955,0.2677196146,1.459649115,1.153380757,0.5231703749,1.812220752,0.7643286779,1.441459756,1.316193594,1.697810914,2.156307003,1.525480969,-0.03307485435,0.1510195773,0.8255625098,0.6291282447,0.3508388894,0.5013927497,-0.004071021063,0.1354735648,0.04968670036,-0.1130901508,-0.2791054307,0.1723345209,0.8989832485,0.6894707786,0.1941067714,0.2690184725,0.07574373595,0.6497931655,0.1716562261,0.500640583,0.04794662113
0.2179319034,0.4360743018,1.594339522,0.06044491991,1.283983393,0.9006563001,0.1945054061,0.4581613755,-0.07812975045,0.6680585672,1.209210215,0.3160376286,0.5442532832,0.331397741,0.595010523,0.5201670329,-0.2923215995,0.2988452769,0.812053394,0.1826223047,0.2674468608,0.7265560955,0.1782294794,0.305401333,0.7498819105,0.5252301209,0.2984140802,1.076700371,0.8664039532,0.5767214164,0.8165352238,0.1734403878,0.2862798144,0.03845638992,-0.1833117605,0.573966572,0.61952151,0.1139565506,0.1807829929,0.5531191467,0.07748610484,-0.1374281542,0.2631505018,0.1812436194,-0.113230737,0.1786478406,0.3687931795,-0.08192939526,0.06364703655,0.1389350309,0.2499668151,0.2755550581,1.463616737,1.150201569,0.5187302503,1.810566298,0.7593397658,1.442638548,1.315115593,1.698676333,2.158620066,1.554545453,-0.03186232342,0.1524510622,0.8001272555,0.6008658621,0.3567646169,0.4954966877,-0.003955474595,0.128678927,0.04477724269,-0.1150540363,-0.2785496874,0.1683421665,0.8873569628,0.6893555112,0.1952531712,0.2715375078,0.07426121149,0.6497126457,0.1734059031,0.4940001602,0.0425706883
0.2151372897,0.4473684236,1.584086065,0.05996344607,1.299057609,0.8877291849,0.1934176654,0.4588045228,-0.08279026698,0.654760803,1.16116026,0.3025580644,0.5514704726,0.3278078825,0.5807999871,0.4899146055,-0.2887981158,0.3406564865,0.8048972974,0.1735863407,0.2638017382,0.7258469695,0.1798545801,0.2963599988,0.782585804,0.5318426035,0.2996496829,1.093776535,0.8617158002,0.5839559588,0.8158865371,0.1769522011,0.2468900109,0.03021579874,-0.1849899709,0.5731901843,0.6216225819,0.09372765379,0.1851315882,0.5996862412,0.07377769264,-0.1334652912,0.2749780207,0.1812504053,-0.1131389555,0.1838004791,0.3616518144,-0.08144465339,0.05255014079,0.140146851,0.2366983756,0.2801709407,1.465989575,1.146749103,0.5154455541,1.807721329,0.7528739948,1.442327882,1.313327616,1.699324838,2.15720953,1.586147727,-0.03039836433,0.1539761214,0.7774455932,0.5874091265,0.3654618066,0.4913402772,-0.002366697595,0.1215120925,0.04132528529,-0.1190477901,-0.2793822876,0.1651189553,0.8879145285,0.6878699065,0.1957304744,0.2724020666,0.07333412974,0.6507172554,0.17600012,0.4939164586,0.04535557102
0.2096105314,0.4609132113,1.574861757,0.06094601742,1.310309593,0.8780779846,0.1976056763,0.4610107801,-0.08535820578,0.6365039656,1.114314179,0.2941804332,0.5559874106,0.3226523883,0.5662655481,0.4612607069,-0.2855105682,0.3856753807,0.7974874711,0.1678498469,0.2618644222,0.7232398733,0.1824445822,0.290419935,0.8127534918,0.5380262184,0.2983299776,1.106467999,0.8543784363,0.5895349931,0.8151401514,0.1789410506,0.2111938994,0.0229717706,-0.1866219713,0.5709000933,0.6217108101,0.07257956338,0.1852908305,0.6394349847,0.07113268649,-0.1255955028,0.2728988494,0.1783692982,-0.1164955262,0.1884734742,0.3538105685,-0.07973409513,0.04535924005,0.1371075845,0.2221789808,0.2834662095,1.464535038,1.143110751,0.5163363929,1.805656062,0.7494977141,1.44379635,1.311725365,1.700267445,2.156098459,1.612102521,-0.03000410437,0.153574093,0.7549721037,0.5750230291,0.3708649933,0.4873042755,-0.001603088419,0.1170163736,0.04056014582,-0.1234737581,-0.2795583729,0.1638774102,0.8866552508,0.6836715325,0.1973011758,0.2713956199,0.07430103636,0.6515634299,0.1761646076,0.4864728396,0.04523964357
0.2028686064,0.473354923,1.553706282,0.06015238838,1.318556207,0.8646041602,0.1987723537,0.4595992928,-0.08490584951,0.6176751738,1.072344928,0.2871609693,0.5623637373,0.3183962076,0.5545473365,0.4368966634,-0.2821545637,0.4263706438,0.7921745734,0.1615263313,0.2639687311,0.7224615417,0.1853516647,0.2868962658,0.8417438359,0.5424538751,0.3016755217,1.118208693,0.8524347115,0.5904264252,0.8108214203,0.1806396812,0.1803692652,0.01937459042,-0.1895645567,0.5681958848,0.621128433,0.05267315801,0.1851729384,0.6760087819,0.06544602033,-0.1149434712,0.2707876386,0.1735482782,-0.1233209563,0.1946012532,0.3463535709,-0.0789981741,0.04135379381,0.1368620929,0.2161638075,0.2867631189,1.463072126,1.143501248,0.5203991687,1.802954002,0.7442210824,1.444356469,1.309966177,1.699046747,2.154866451,1.631643394,-0.02790335907,0.154162901,0.7413046728,0.5733548622,0.3821036991,0.4837752719,-0.0003858040209,0.1120668301,0.0382109996,-0.1272210473,-0.2781036721,0.1628549284,0.887247786,0.6789002389,0.2011398514,0.2687353398,0.0761341899,0.6526501655,0.1764966301,0.4850724593,0.04196834261
0.1955640514,0.4835754378,1.533069028,0.05682250817,1.320890795,0.8507237373,0.2000820259,0.4572926386,-0.08616262163,0.6016318127,1.027487078,0.2839467531,0.5650980296,0.3140299962,0.5357522307,0.4109196069,-0.2761670492,0.4663200851,0.783025671,0.1538100968,0.2606082797,0.7199610419,0.187799333,0.2874966549,0.8720485289,0.5477079337,0.3045420255,1.129641379,0.8483958762,0.5919677234,0.8044509305,0.1839413405,0.1528433448,0.0203068465,-0.1935878986,0.5669082307,0.6229159542,0.03536150165,0.1829201394,0.7007805779,0.05985415958,-0.09394134467,0.2664911625,0.1687527162,-0.1284515536,0.2003179355,0.3401259221,-0.07727815028,0.04068466849,0.1384687608,0.2137225241,0.2842422075,1.466083571,1.142507893,0.5264472771,1.801741305,0.7448224091,1.444838044,1.308756201,1.698865069,2.156592624,1.641968657,-0.02630185577,0.1585144322,0.741614209,0.5727911836,0.390083802,0.4815015944,-0.000897356903,0.1030791546,0.03602560542,-0.130150276,-0.2787394061,0.1598797282,0.888261678,0.6745886478,0.2038601954,0.2680191486,0.08292287427,0.6597628665,0.1799605715,0.483180848,0.04342339911
0.1896737475,0.4933795073,1.50419217,0.05482307359,1.316142564,0.8420386532,0.2015856543,0.4583825289,-0.08121046002,0.5842737827,0.9862057435,0.2761521977,0.5733927453,0.3083322473,0.5240355553,0.3938697801,-0.2718982853,0.5012814129,0.7740173033,0.1455433643,0.2571986241,0.7184778946,0.1895602916,0.2898794031,0.8938947464,0.5509284871,0.3051761228,1.142816478,0.8423780398,0.590866966,0.7935248121,0.1850842225,0.1318056797,0.02687946607,-0.1983337803,0.5656960795,0.6219937955,0.01917736464,0.1821921521,0.719121353,0.05374386209,-0.06697290617,0.2611943967,0.1656483411,-0.1323452256,0.20655834,0.3339173218,-0.08026832085,0.04659814344,0.1355379865,0.2120077401,0.2795229726,1.462949697,1.14206571,0.533285173,1.800280002,0.7463404854,1.446278114,1.305650746,1.698515484,2.159933456,1.642414624,-0.02170105186,0.1636583464,0.7568205881,0.574944687,0.3954234081,0.4741781113,-0.0003965859214,0.09816142249,0.03536872425,-0.1299900323,-0.2785791159,0.1606830348,0.8919111648,0.6726321782,0.2065552816,0.2654339551,0.09247976786,0.6651785306,0.1813203611,0.481039532,0.04230267166
0.1868387534,0.5039780024,1.477238227,0.05257669783,1.31419374,0.8308470891,0.2023232581,0.4577721156,-0.07940592616,0.5713123669,0.9492613504,0.2724830449,0.5813552298,0.3031482517,0.5042866767,0.3721149183,-0.2670095356,0.5322437178,0.7674388506,0.1331287263,0.2520823755,0.7139624287,0.1908913145,0.2905000474,0.9085884696,0.5549312528,0.3036895239,1.153556436,0.8382810046,0.5901086599,0.7761881254,0.187060637,0.1195160185,0.0325061526,-0.2006486881,0.5664828883,0.6230797287,0.006956900131,0.183159576,0.7270072341,0.04834116725,-0.04428617492,0.2476842339,0.1579863082,-0.1348596318,0.2164573771,0.325044996,-0.08053990356,0.05323642184,0.1318856574,0.2157281842,0.2691492003,1.466314827,1.138659662,0.5298624124,1.795670334,0.7426376749,1.445286235,1.302998303,1.695971302,2.157202782,1.638182453,-0.02182688307,0.1663227705,0.7758323643,0.5784905749,0.40153258,0.4700566706,-0.0002274432257,0.09246486554,0.03594388994,-0.1315091586,-0.278840707,0.1626551263,0.8905370192,0.6626387725,0.2079903261,0.2662978957,0.09602346451,0.6687253532,0.1808971629,0.4763935791,0.04247298483
0.1815364755,0.5131577916,1.445458182,0.04926164441,1.298979253,0.8187352346,0.201872713,0.4558481838,-0.07997427397,0.5506575517,0.9145056748,0.2679087303,0.5840798992,0.2960211853,0.4864127681,0.3571531458,-0.2633467174,0.5585973058,0.7592262691,0.1238087781,0.244981004,0.7085188283,0.1923701689,0.2958997813,0.9219125366,0.5592423851,0.3038147433,1.161080223,0.8323054086,0.5884122266,0.7666658098,0.1910386721,0.1095937193,0.04141883963,-0.2007442441,0.5668651395,0.6214997109,-0.003014574959,0.1815576092,0.734487944,0.04229343971,-0.0172681917,0.2343003932,0.1529548822,-0.1394399983,0.2217502247,0.3181852628,-0.0845785953,0.06219311472,0.1323920224,0.2159539331,0.2547182976,1.464866745,1.137193905,0.5295344928,1.795470917,0.7421303966,1.44482432,1.296520018,1.694089057,2.151889596,1.631615792,-0.02093000106,0.1700374147,0.7958496794,0.5750157836,0.4066092465,0.4650673896,0.0006377716567,0.08776067622,0.03655892337,-0.1322369087,-0.2796907789,0.1623419551,0.8863414984,0.6574054983,0.2092212908,0.2649059007,0.09969658078,0.6677860709,0.1805563836,0.4714551127,0.0426489274
0.1795526533,0.521524543,1.417038943,0.04693082737,1.279692426,0.8056902814,0.201509034,0.4572428137,-0.07838656583,0.5360760747,0.8826648288,0.2695509821,0.5891874439,0.2912138449,0.4683601231,0.3489061669,-0.2601894671,0.5814197714,0.7530630702,0.1124272472,0.2369827032,0.7021582799,0.194548786,0.2988147506,0.9281455562,0.5633123778,0.3006566512,1.169529657,0.8199466521,0.5877776479,0.7498879074,0.1969936646,0.1013912713,0.0557898284,-0.2030844355,0.5642545488,0.6175363099,-0.01237697754,0.1788750454,0.7372598364,0.03525603917,0.01402699853,0.2178721097,0.1473030158,-0.1431402705,0.2251358162,0.3039631604,-0.08900613753,0.07247532141,0.1278703207,0.2143870853,0.2401529775,1.461304554,1.135776264,0.5346175005,1.796897893,0.7400065594,1.44532299,1.294825527,1.693331876,2.149762099,1.626211378,-0.02092016213,0.1707432367,0.8158436407,0.579839373,0.4195233283,0.4617129148,0.001625738346,0.08627796975,0.03809540991,-0.1318299924,-0.2806026197,0.1644346804,0.8844032724,0.6541690144,0.2106860609,0.2635066345,0.1063695087,0.6709644557,0.1808406641,0.4716329786,0.04593101008
0.1773594168,0.5286086117,1.388790128,0.04463148751,1.262975044,0.7965656524,0.2030078513,0.4598987091,-0.07685077976,0.5226894565,0.8535851583,0.2707082513,0.5949460994,0.2833860938,0.4534809976,0.3388771252,-0.2587132692,0.6037987337,0.7477461312,0.1025736853,0.2316849725,0.6961190259,0.1970007041,0.3008017143,0.9324931819,0.5671679366,0.3012738623,1.174897249,0.8154647686,0.5863277771,0.728348096,0.2024474311,0.08935126256,0.06620691325,-0.2051982401,0.5637672826,0.6153077437,-0.02050449202,0.1679973853,0.7332756455,0.02546094995,0.04701461636,0.1985760336,0.1385573744,-0.1456639715,0.2259268521,0.2955248549,-0.09088778579,0.07990577848,0.1255192819,0.2105533238,0.2258414134,1.460381345,1.135631178,0.5424378057,1.800607965,0.7406832683,1.445887479,1.290064337,1.690202166,2.144519068,1.619978993,-0.0170248831,0.1723676841,0.8330854328,0.5819872159,0.4285791002,0.4588609547,0.001925073143,0.08881938755,0.03863338356,-0.1322825144,-0.2789441257,0.1685809753,0.8786926046,0.6506040414,0.2147456068,0.2621600229,0.1079421655,0.6747405971,0.1797323345,0.4689704434,0.04408757277
0.1764133981,0.5360548405,1.362409556,0.04101779741,1.240795902,0.7860242616,0.2026782951,0.4641938293,-0.06653451992,0.5073421828,0.8217452632,0.2702258949,0.5999277042,0.2771585423,0.4362515519,0.3318052909,-0.2551970799,0.6264688226,0.7410735763,0.09208280027,0.2253560121,0.6941710417,0.1985834082,0.3039565163,0.9320679062,0.5702595555,0.2977504733,1.169821999,0.8111690084,0.5849037819,0.7109688132,0.2077874213,0.08186937792,0.07447873007,-0.2028804736,0.5611456105,0.6136172157,-0.02695694948,0.155178079,0.7316256694,0.02062494391,0.07728198487,0.1817882846,0.1290731389,-0.1501137931,0.2258163344,0.2897523232,-0.09432662393,0.09186363177,0.1235327377,0.206225119,0.2116386818,1.465936122,1.136344157,0.5471895872,1.800567371,0.7387617597,1.44308992,1.286295894,1.690334592,2.142848622,1.614231235,-0.01381297461,0.1749018054,0.8500456544,0.5838342565,0.4386780131,0.454167572,0.002524630351,0.08851262764,0.04026699754,-0.1307695566,-0.2793420496,0.1696552797,0.8750130154,0.649085861,0.2190194653,0.2616582588,0.1143757858,0.678661327,0.1809059897,0.4685911338,0.04410097837
0.1711147948,0.5421262569,1.331044183,0.03828106761,1.211974695,0.7729736157,0.2027357603,0.4688990826,-0.06041851916,0.4930078913,0.7904859091,0.2716575936,0.6064045904,0.2696485571,0.4199092369,0.3194078294,-0.2527648408,0.6453454614,0.7374091989,0.08136620526,0.2157789831,0.6821883542,0.1963609442,0.3097549282,0.9242987645,0.5722668691,0.2931524732,1.167832206,0.7991751615,0.5833201904,0.6971474606,0.2140517376,0.07328201504,0.07866775414,-0.2043879155,0.5573916824,0.6107735238,-0.03097123642,0.1418433483,0.7237160653,0.01273417337,0.1051677999,0.1629346649,0.1190977047,-0.1515558306,0.2269684316,0.2776818883,-0.1011148507,0.0974824961,0.1192804718,0.2007642014,0.1980512475,1.468011342,1.136670297,0.5533821369,1.803962069,0.7381786346,1.44171714,1.28281881,1.690484637,2.142766892,1.609541465,-0.009509547326,0.1766662452,0.8727280526,0.5857662056,0.4478818292,0.4523595821,0.00351259704,0.08772755475,0.04242879215,-0.1292725401,-0.2768557204,0.1717119042,0.8670280546,0.6474002469,0.2184989248,0.2604403034,0.1159854453,0.6826589305,0.1810459233,0.46921558,0.04455791382
0.1723242453,0.5468760603,1.306198167,0.03655081436,1.175313695,0.7600438678,0.1983304507,0.4733763649,-0.05631726677,0.481634963,0.7570879198,0.2773979827,0.614631645,0.2637753225,0.3993372946,0.3100702816,-0.249600038,0.6570726161,0.7340062623,0.07007431348,0.2089183374,0.6656295818,0.1950490115,0.3145443135,0.9120721751,0.571782636,0.2870391516,1.166556139,0.7883075474,0.5769547733,0.6948000064,0.2191744385,0.06380999171,0.08202177294,-0.2041719085,0.5549190064,0.6102321465,-0.03072013533,0.1297608006,0.7218964999,0.007643236242,0.1317032057,0.1474520135,0.1150977293,-0.1552923236,0.2253918582,0.2678157604,-0.108795075,0.1079228994,0.1168309903,0.1977602998,0.1887511742,1.47253435,1.137428604,0.5585019888,1.808467758,0.734639089,1.441758929,1.27734444,1.688856196,2.144734301,1.604111351,-0.003443479176,0.1801273896,0.8905553092,0.5849656892,0.4540239171,0.4464615987,0.002487220028,0.08529561248,0.04381907915,-0.130022885,-0.2773694168,0.1750726261,0.8617366469,0.6377791821,0.2171671093,0.2584772203,0.1177565992,0.6849051083,0.181607724,0.4680339584,0.04636108662
0.1712133163,0.5510384974,1.279952433,0.03464735739,1.136712895,0.7517098075,0.1960464537,0.4783504951,-0.05083787576,0.4699546353,0.7266362991,0.2829356198,0.6216544513,0.2551724009,0.382097638,0.3026762499,-0.2468156054,0.6680633612,0.7299183425,0.05401548448,0.1982353529,0.6452281391,0.1923102336,0.3232546329,0.8962114071,0.5691814896,0.2784285577,1.169945665,0.7732741278,0.5694916921,0.6865574005,0.2236822406,0.05528056936,0.08490465797,-0.2040315026,0.5519055806,0.610888882,-0.02596153971,0.1160240585,0.7162376297,0.003407327404,0.1574458959,0.1325353698,0.1120845419,-0.1572962626,0.2208806992,0.2531530833,-0.1165906214,0.1121427922,0.1149238156,0.1978982791,0.177532293,1.473119931,1.138924667,0.5729526209,1.810482172,0.7288893017,1.441569738,1.271831314,1.689668956,2.145186815,1.597179273,-0.0007143810105,0.1819885414,0.9083965488,0.5816517711,0.4583931232,0.4441601888,0.002779166743,0.08421375643,0.04771953522,-0.1292107853,-0.2767947899,0.1773511827,0.8549918691,0.6360797861,0.2137414936,0.2570108807,0.1132000338,0.6847521423,0.1784681341,0.4622986325,0.0492831263
0.1692039349,0.5519540567,1.25212238,0.03671589111,1.096701898,0.7448812435,0.1964679543,0.477272886,-0.05330551788,0.4614058906,0.696504507,0.2879336665,0.6281754826,0.2482756846,0.3602139532,0.2927805033,-0.2458653416,0.6737941591,0.724681609,0.0360310851,0.1864476264,0.6231026468,0.187495609,0.3289421793,0.8751072063,0.5646381311,0.268849522,1.169398111,0.7593158711,0.5618226762,0.682416769,0.227636388,0.0494460933,0.08624637546,-0.2036604634,0.5533459917,0.6126113558,-0.01918103997,0.1019238294,0.7107361147,-0.00207731102,0.1793365049,0.1203712805,0.1107393452,-0.1561717927,0.2168574771,0.2419582675,-0.1226889402,0.1167036161,0.1155390829,0.1988445391,0.1662386812,1.469458783,1.140186858,0.5862381749,1.809254835,0.7252238234,1.439403245,1.26816361,1.68963776,2.143816126,1.589534366,0.001076772676,0.1832477811,0.9246718067,0.5812604,0.4612480397,0.4388773792,0.002877952969,0.08189968763,0.05060451454,-0.1289257845,-0.2767838479,0.1816411354,0.8535095201,0.6313974487,0.2080966898,0.2573931148,0.1078705345,0.6822685287,0.1756375538,0.4630090643,0.04894288162
0.173535778,0.5503155731,1.223455006,0.03543246302,1.050251232,0.7396238547,0.1988097729,0.4753292484,-0.05033902612,0.4524918486,0.6697000091,0.2955011397,0.6351113219,0.2422660311,0.3399115612,0.2868944489,-0.2444645399,0.6767422789,0.7214696396,0.01781845477,0.1734842568,0.5978393683,0.1809726421,0.3370193378,0.8508922393,0.558125032,0.2558985802,1.168268933,0.7437026918,0.5501009341,0.6747209685,0.2298578314,0.04405352392,0.08749734844,-0.2049408246,0.5535923377,0.6126383251,-0.01040460034,0.09066476634,0.7009696945,-0.008443550751,0.2019439982,0.1109621703,0.1072463576,-0.1573375685,0.211105376,0.2318418457,-0.1315886969,0.1194473366,0.1178429511,0.1985706712,0.1529951964,1.469426722,1.139999447,0.6055533479,1.80803565,0.7258410711,1.439944702,1.26412214,1.690110718,2.136435418,1.582112132,0.005888879304,0.1845258926,0.945380022,0.5865991004,0.4631534393,0.4379978183,0.00255480923,0.0804999528,0.05389684045,-0.1290101342,-0.2763748057,0.1851087066,0.8476808395,0.6262927682,0.2003378003,0.2579877479,0.1033742664,0.6789290609,0.1709317242,0.4604088632,0.05022981945
0.1743941359,0.5490370781,1.195395155,0.03555083938,1.006935922,0.7338744774,0.1980071309,0.4733066474,-0.04847896898,0.4423083753,0.6394984823,0.3052989611,0.6369223552,0.2362755462,0.3193967277,0.2761396778,-0.2436424755,0.6760799505,0.7199828497,0.0002559865776,0.1609392336,0.573482296,0.1741554288,0.3422425282,0.8266148352,0.5482582282,0.2446723147,1.169987892,0.7253675932,0.5430089756,0.6722173015,0.2301000682,0.04249793922,0.08920722151,-0.2061023722,0.5543189452,0.6116572191,0.0008012870708,0.08446919574,0.6936157942,-0.01486791137,0.2175648863,0.1022957525,0.09943889448,-0.1588969379,0.2058193097,0.2207807794,-0.1381711791,0.1221606448,0.1187265775,0.2015215283,0.1446862727,1.470427977,1.139959736,0.6263207606,1.806068317,0.728346465,1.439124064,1.262243659,1.691138884,2.133824751,1.57119409,0.01037462797,0.1865538448,0.9633285125,0.5672828929,0.4633538851,0.435731058,0.0006022931996,0.07876272162,0.05524158726,-0.1279397178,-0.2761966467,0.1889207063,0.8376871895,0.6200073946,0.1923834064,0.258204574,0.101692976,0.6751349056,0.1656223415,0.460955576,0.04864838772
0.1747602538,0.544706667,1.164357404,0.03530595969,0.9627065769,0.7269154802,0.1958722762,0.4751668388,-0.05283085555,0.4393260145,0.6135776334,0.3150704441,0.6402375712,0.2308056318,0.3038520396,0.2651152779,-0.2425542972,0.6701592671,0.7166360363,-0.01727476496,0.147966891,0.5487842248,0.169734954,0.3465764064,0.802211616,0.5388916673,0.2339306636,1.169614574,0.7131374235,0.530864181,0.6690139056,0.2320489241,0.04070212156,0.09117413911,-0.2086594032,0.5548721832,0.6117921942,0.01090629909,0.08305569099,0.6857052098,-0.02273295827,0.2277103252,0.1022135236,0.09813680793,-0.1592623969,0.2006085715,0.2078439424,-0.1451484542,0.1246374638,0.1190611291,0.2067883749,0.1346675496,1.472949437,1.140159252,0.6436709461,1.805751057,0.7261698391,1.438036259,1.25648545,1.692504272,2.127684312,1.559924123,0.01492764279,0.1872753549,0.9773609205,0.5494731868,0.4659026211,0.4378760645,0.001431872987,0.07954221829,0.05868915653,-0.1288478113,-0.2760367535,0.1919557392,0.8310249309,0.6144360636,0.1851427876,0.2575208807,0.0983204053,0.6703844959,0.1595592443,0.4643344374,0.04710130487
0.1805709811,0.5395137409,1.131643782,0.03650696833,0.9225627247,0.722456701,0.1941349559,0.4796390779,-0.05631130057,0.4327236437,0.5850378519,0.3258540645,0.6430555829,0.2267193774,0.2881574858,0.2643430574,-0.2419222403,0.6650649956,0.715686602,-0.03501029704,0.1353713029,0.5244183607,0.1634045761,0.3481845435,0.7709187723,0.5297029271,0.2195437157,1.17244315,0.6979934077,0.5246656175,0.6702303506,0.2324941538,0.03746748123,0.08910243348,-0.2088540676,0.5555095365,0.61176134,0.01920038356,0.08244324957,0.6764183057,-0.02875730802,0.2372410395,0.1025896151,0.09706761383,-0.1574759911,0.1966973334,0.1930847936,-0.1522581944,0.1198626092,0.1182616918,0.207312937,0.1209528184,1.47396088,1.137915419,0.6547269907,1.80289106,0.7286106196,1.435292646,1.252262971,1.692704591,2.123933489,1.544655851,0.0173775697,0.186601278,0.9887857469,0.5280284956,0.4732189705,0.439312068,-0.0004632875092,0.07750178792,0.06180750927,-0.1277174421,-0.2792088053,0.195644758,0.8205765271,0.6109246238,0.1738314532,0.257543189,0.09399813021,0.6605298233,0.1555906665,0.4656797781,0.0459395973
0.1826064525,0.5329711287,1.099701153,0.04362358378,0.8848348244,0.7183015544,0.1893839641,0.4875687533,-0.05200225239,0.4273751104,0.5611276594,0.3325056399,0.6459241149,0.2198780538,0.2722474183,0.263479475,-0.2425539744,0.6564026548,0.7149818665,-0.04749686908,0.1299034903,0.5047952839,0.1584859332,0.3463455574,0.7423240945,0.5205041423,0.2077216828,1.177882541,0.6877640847,0.5194443814,0.6748739327,0.2328960032,0.04034610918,0.08802538939,-0.2083793962,0.5557158057,0.6098820588,0.02761860254,0.08179822922,0.6713918759,-0.03429650809,0.2397795547,0.1081025867,0.09421724269,-0.1571050719,0.1934854912,0.1756166533,-0.1609308828,0.116760126,0.1202747437,0.2082522874,0.109052007,1.470629945,1.137086963,0.6699764862,1.796484418,0.7273039093,1.435167563,1.245957908,1.69249887,2.119232322,1.527309556,0.02001112315,0.1817361951,0.9907611072,0.5168554562,0.4774654404,0.4388530413,-0.001239767089,0.07659679246,0.06543386796,-0.1279584314,-0.2801796795,0.2032431629,0.8107703797,0.607625039,0.1652404628,0.2574488115,0.08587918768,0.6479781921,0.1475516869,0.4662514686,0.04592137331
0.1845964807,0.5276856075,1.066334267,0.04609985388,0.8456322231,0.7117035432,0.1848353925,0.4911092623,-0.05339608589,0.4238079034,0.5350950766,0.3410523469,0.640231196,0.2138985367,0.2510913748,0.2516515565,-0.2434017304,0.6445477547,0.715397945,-0.06028155424,0.1232232969,0.4843809101,0.1528082331,0.3443497447,0.7131546088,0.5116203061,0.2002333088,1.184934466,0.6793052965,0.5172118159,0.6813545063,0.2346881419,0.04669984761,0.08657615764,-0.2084645723,0.5548622214,0.6116915408,0.0348346946,0.07894717207,0.6665391527,-0.0401299932,0.2376563235,0.116926708,0.08788195607,-0.1558438883,0.1898964591,0.1574650181,-0.1661504821,0.1103404012,0.1218765408,0.2114141175,0.09711929281,1.475308671,1.135468152,0.6860252501,1.796321435,0.7229705906,1.434305515,1.242529725,1.693508347,2.116995173,1.510640439,0.02021600045,0.1773568407,0.9791944898,0.5006346692,0.4803844033,0.4430729226,-0.003177271999,0.074855799,0.06776722762,-0.1279349354,-0.280674051,0.2030519296,0.7963275861,0.6020307,0.1566001459,0.2562915733,0.07654153246,0.6366021938,0.1393929143,0.4675117814,0.0450820204
0.1817031005,0.5187090002,1.032828519,0.04870151729,0.807188835,0.7081188726,0.1840597458,0.4966800771,-0.05764713829,0.4204659579,0.5105466534,0.3462826507,0.6326663186,0.2082678527,0.2379844774,0.2468727836,-0.2437087054,0.6300401697,0.716927085,-0.07081547069,0.1165783702,0.4683442411,0.1489137186,0.3443846698,0.6857590115,0.5003901417,0.1911618067,1.192757594,0.6705060973,0.511452663,0.6924248586,0.2358123327,0.04984120707,0.08537079747,-0.2081993303,0.5532685941,0.6106136663,0.04065134498,0.07514116808,0.6631070189,-0.04187103141,0.2381479014,0.1278912048,0.0847586426,-0.156055586,0.1811755907,0.1452253992,-0.1722124637,0.1031213235,0.1275169009,0.2123019471,0.08759583037,1.477565535,1.134377086,0.7052556343,1.795546891,0.7223315095,1.433040675,1.237119607,1.694837624,2.111341568,1.490396069,0.02210122636,0.175041521,0.962638201,0.4937773539,0.4816832642,0.4447738896,-0.00629326735,0.07339620366,0.06716653588,-0.1265993408,-0.2845039411,0.2024636999,0.7836300495,0.5983484095,0.1469028222,0.2543441209,0.07024113952,0.626645515,0.1346549298,0.4696326142,0.04840327034
0.1833510187,0.5067490313,1.002354049,0.05007216171,0.7680471694,0.7062191594,0.1811453242,0.5023859375,-0.06073682404,0.4233361511,0.4879201334,0.3541949181,0.6286655298,0.2034784482,0.2270398112,0.2398831954,-0.2449216297,0.6145805344,0.7184800187,-0.07998017734,0.1149057936,0.4511582056,0.1464056765,0.3427705436,0.6568287279,0.4887418397,0.1839529549,1.20014265,0.6639930235,0.5114429076,0.6933393546,0.2355954829,0.05381880766,0.08366635395,-0.2100576066,0.5525936328,0.6101576277,0.04549938814,0.07120631464,0.6528308897,-0.04830149938,0.2383608007,0.1409667738,0.0808949609,-0.1546329302,0.1753226857,0.1333282447,-0.1773677235,0.09931259622,0.1325322008,0.2173319895,0.07734785415,1.478599757,1.1323012,0.7187956896,1.791574017,0.7227393339,1.434350107,1.235390365,1.695306056,2.108380012,1.466613648,0.02244689405,0.1692723011,0.9418052684,0.4944630741,0.4788351017,0.4496140045,-0.009231269971,0.06927688037,0.06757340085,-0.1279232914,-0.2884680462,0.2031436158,0.7742743128,0.5942806794,0.1405840577,0.25236375,0.06550489186,0.6180564579,0.1274369519,0.470478619,0.05163950681
0.1812184139,0.4932366595,0.9721166034,0.05378420805,0.7329635025,0.7013837394,0.1748653125,0.5037432571,-0.06689625444,0.4241203206,0.4670183575,0.3610930397,0.6201244072,0.1971072581,0.2118374601,0.2346298878,-0.2464068002,0.5982754285,0.7212237863,-0.08606420588,0.1159600075,0.4387954862,0.1452935844,0.3413960818,0.6309525665,0.480361229,0.1767643009,1.206787746,0.6619160278,0.5035706932,0.6999031307,0.2366228048,0.06175425485,0.07652672437,-0.2095490201,0.5534512938,0.6091883368,0.05026176738,0.06673564162,0.6495121553,-0.05243815375,0.2423319071,0.15151164,0.082916792,-0.1554424169,0.1677411766,0.1227671518,-0.1805856459,0.09244032411,0.1333622989,0.2263794822,0.06621194106,1.48087113,1.131830365,0.7260294576,1.785694256,0.7217201319,1.432697006,1.230590374,1.69552954,2.10571513,1.440060944,0.02011623906,0.1694013581,0.9176771902,0.4936205564,0.4704780178,0.4525633805,-0.01221072939,0.06457561353,0.06578208187,-0.1289624492,-0.2914976766,0.2042608387,0.7605344293,0.5863416978,0.1342592759,0.2482545912,0.05400612149,0.6047886126,0.1234996884,0.4672266361,0.0500793523
0.1801888989,0.4802381364,0.9374446866,0.05420581977,0.6933554092,0.6977949416,0.1690600791,0.5038518259,-0.07287272135,0.4307422223,0.4459967648,0.3670639866,0.609474061,0.1923684668,0.1989019797,0.228074319,-0.2484276844,0.5822761061,0.7229660377,-0.08955860754,0.1159918542,0.4264273618,0.1418523456,0.339626744,0.6081632559,0.470369673,0.1698648416,1.212234923,0.6606445442,0.5034225773,0.7121797358,0.237794383,0.07764449663,0.07071183635,-0.209305537,0.5538797367,0.6081496963,0.0568376117,0.0651540434,0.6461288396,-0.05524093972,0.2437003173,0.1662731434,0.08429170456,-0.1559011163,0.160420154,0.1170962124,-0.1857198974,0.08765117309,0.1325045138,0.2381021925,0.05676320926,1.481315451,1.130108051,0.7310419148,1.779935887,0.7236121633,1.432334863,1.229716787,1.695924824,2.102977999,1.407852046,0.01584115727,0.1657534342,0.8955008732,0.4922538708,0.4636551749,0.4567390052,-0.01535301378,0.05998644237,0.0667480049,-0.1281043279,-0.2968152257,0.2029494765,0.7466704677,0.5833302814,0.1285970331,0.2478229177,0.0495796477,0.5960421186,0.1188669605,0.4702502817,0.05475838463
0.176831451,0.4668465881,0.9041463098,0.05912311664,0.6563714706,0.693966625,0.1656874505,0.5031056199,-0.08412449221,0.4346463953,0.4261753215,0.3746085199,0.600495697,0.1850904919,0.1883389581,0.2199126248,-0.2500902427,0.560162609,0.7269276494,-0.09334092139,0.114903624,0.4112591661,0.1417677211,0.3411900303,0.5852004483,0.4603801054,0.166656747,1.221985547,0.6602166677,0.5017231103,0.7230642327,0.2391299429,0.09214596145,0.06410517326,-0.2116841395,0.5534988922,0.608315654,0.06556114858,0.06051775632,0.6391939915,-0.05996216003,0.2457292537,0.1770527811,0.08317026378,-0.1561431578,0.155896303,0.1112948005,-0.1876973582,0.08198947143,0.1295262613,0.255146211,0.04684455749,1.478997506,1.128088772,0.7355900414,1.778074862,0.7217554792,1.432049746,1.227084056,1.693549034,2.096637916,1.369202112,0.01100662859,0.159617807,0.8738782773,0.4928804948,0.4556552758,0.4576922845,-0.01896150442,0.05746706077,0.06709514854,-0.1311377289,-0.3023467157,0.2057823601,0.7294133376,0.5846769275,0.1256286514,0.2482744511,0.04338842597,0.5882142452,0.1137064783,0.472991066,0.0585928163
0.1781236628,0.4518499028,0.8754388522,0.0633672223,0.6235702706,0.6959379234,0.163586184,0.5032317465,-0.09132634151,0.4393250881,0.4075716197,0.3817191256,0.5879605819,0.1775013167,0.176301,0.215506187,-0.2511387541,0.5385921706,0.731293381,-0.09348185825,0.1182181072,0.4037348491,0.1411054644,0.3397745197,0.5704352269,0.4532059466,0.1615521315,1.233562063,0.667226181,0.5014957612,0.7300166523,0.2377839387,0.1078149449,0.05984842872,-0.2121238413,0.5554236125,0.6104983082,0.07769098741,0.05880261644,0.6342850391,-0.06339355762,0.2483988227,0.1922149684,0.0857464951,-0.1539130577,0.1531706564,0.1095238993,-0.1865424546,0.08315278565,0.126031133,0.2782792115,0.03706580315,1.478007081,1.127974949,0.7352594225,1.772149295,0.7206628376,1.430322469,1.221214964,1.692132885,2.092410379,1.320543806,0.002993489844,0.1550333088,0.8482617365,0.4863586242,0.4432210373,0.4595966014,-0.02221685518,0.05229950677,0.06555566523,-0.1329740156,-0.3093808215,0.2109910003,0.7125295654,0.5853172764,0.1277166865,0.2511468581,0.04134212651,0.5753281637,0.1067122189,0.4707565435,0.05860326409
0.175965703,0.4373338745,0.8419277196,0.06896496519,0.5891427648,0.6983369544,0.1628869794,0.5071214967,-0.09545296369,0.444601442,0.394127411,0.3849118694,0.5762931533,0.1676201372,0.1684799281,0.2192971982,-0.252609917,0.5165848315,0.7341581371,-0.09140028414,0.1197265226,0.3995464247,0.1405494184,0.3433455632,0.5594416845,0.4482258355,0.1639846136,1.238668045,0.6746561921,0.5068260321,0.7398857463,0.2370983594,0.1327818591,0.05706011408,-0.2112964204,0.5551320221,0.6116460782,0.08831913615,0.05832790236,0.6250994572,-0.06595281827,0.2565776978,0.2146792463,0.08955247483,-0.1523984536,0.1517784626,0.103413819,-0.1862446576,0.07938585599,0.1244255931,0.3020540247,0.02551253635,1.476055465,1.126230994,0.7352044937,1.764187963,0.7215879912,1.42804438,1.218855348,1.691538743,2.091175288,1.269368767,-0.006126495008,0.1503513603,0.8172569394,0.4844672047,0.4331517021,0.4628798557,-0.02325687783,0.04997321058,0.06463282076,-0.1322425921,-0.3140414147,0.2148888744,0.6986841743,0.5898836629,0.1322836216,0.2549222329,0.03833456489,0.5653008618,0.09927546132,0.4783019896,0.05958759788
0.1760263755,0.4203273945,0.8076963799,0.07339024298,0.5573456404,0.6984202096,0.1594326522,0.5090942727,-0.1010531837,0.4544812214,0.3771448816,0.3899965008,0.5627172593,0.1614314511,0.1594022347,0.2171320637,-0.2536212789,0.4955247662,0.7367987305,-0.08863524832,0.1216595728,0.3985273618,0.1418177066,0.3424528191,0.5471105711,0.4450361358,0.1640040572,1.235922671,0.6842652559,0.5115100059,0.7550857258,0.2390809268,0.1642280495,0.05389528189,-0.2105179571,0.5547530149,0.6103923893,0.09872599964,0.05568074352,0.6208366693,-0.06745097829,0.2600782975,0.2308785427,0.09265991028,-0.1498888408,0.1531284562,0.1014217087,-0.1831076919,0.0792798544,0.1211003811,0.3225550724,0.01090997305,1.474146418,1.126007094,0.7316247406,1.758750403,0.7228780203,1.424519781,1.216062432,1.690673908,2.089229925,1.210461856,-0.014310376,0.1469215459,0.7934517425,0.4880559997,0.4208940764,0.4620808663,-0.02617955605,0.04383236908,0.06445403135,-0.1340774926,-0.3196653373,0.2189830859,0.6838090164,0.5893384211,0.1361691736,0.2572441783,0.04431523894,0.5601343968,0.09531280309,0.4854031395,0.06036545677
0.1766946314,0.4058945002,0.771351865,0.07651710733,0.522234409,0.6939573744,0.1557005319,0.5138023745,-0.1041924265,0.4630529708,0.3634375831,0.4003549988,0.5519225693,0.1548225403,0.1508966694,0.218499757,-0.2543929608,0.4718380051,0.7411523797,-0.0836582542,0.1227724787,0.3979130299,0.1424331482,0.3420724112,0.5329438254,0.4388498813,0.1671630346,1.233407943,0.6952428859,0.5168555048,0.7684539519,0.2420287445,0.1956048468,0.05062082777,-0.2097131,0.552542934,0.6083129892,0.1079022344,0.05318936107,0.6161288713,-0.06778991571,0.2643032681,0.2461736333,0.09778962034,-0.1496305437,0.1542813782,0.09813081465,-0.1807066473,0.07800949884,0.116261663,0.3382205739,0.001018162875,1.478160345,1.124596246,0.7269013345,1.752459497,0.7256330836,1.421738796,1.209976423,1.690630009,2.08764249,1.146535898,-0.02067214748,0.1425048633,0.774955811,0.4849507298,0.40930362,0.462156378,-0.03004401893,0.03980424741,0.06435690391,-0.1366868578,-0.3247797551,0.2195042181,0.6711174703,0.5909031867,0.1411379629,0.2565927851,0.04720372912,0.55546633,0.09162731481,0.4892222447,0.06329603597
0.1721420642,0.3919689402,0.734745717,0.08496048152,0.4897865803,0.6902037741,0.1472558191,0.5198665818,-0.1097793704,0.4726047392,0.3504205785,0.4053829369,0.5373645963,0.1476089638,0.1432191379,0.2234590252,-0.2542089565,0.4505616435,0.7454526686,-0.07654205662,0.1258716106,0.3990093034,0.1426388239,0.3382984116,0.5227924665,0.4344364173,0.1718410714,1.22702061,0.7090251751,0.5224926553,0.7842398813,0.24680598,0.2288760623,0.05133232796,-0.2121064675,0.5510728959,0.608772078,0.1179252076,0.05132756263,0.6142627228,-0.06743686264,0.264733609,0.2638328214,0.09742322831,-0.1506012524,0.1567503413,0.09642279413,-0.1766621711,0.07665435241,0.1085165761,0.3510965484,-0.007170689154,1.475917671,1.124328933,0.7188142129,1.746760576,0.7229563588,1.417681335,1.203443941,1.690364231,2.087933346,1.076918579,-0.03082040086,0.1392180866,0.7572892345,0.4835800818,0.3975603063,0.4617197678,-0.03294377582,0.03569379234,0.06471432219,-0.1370844866,-0.3300091071,0.2224459628,0.6636944183,0.5941332921,0.1482137398,0.2565897431,0.04695783631,0.5493308056,0.0883262847,0.4977273852,0.0654644518
0.1679852978,0.3809431427,0.6964290006,0.09170789434,0.4543909588,0.6889577922,0.1454885635,0.5266926383,-0.1104382325,0.4843216584,0.3370703532,0.4116025928,0.5217163465,0.1412744254,0.1405317217,0.228952892,-0.2547668113,0.4281239127,0.7474731029,-0.07294998407,0.1279413883,0.4045494426,0.1472025431,0.3365172976,0.5101866989,0.4312193606,0.1754661377,1.212482581,0.7203226555,0.525822647,0.79806298,0.2519831778,0.2629874155,0.05584650649,-0.2122203409,0.5481393367,0.6086321264,0.1269454982,0.04595896924,0.6142256288,-0.06925228103,0.2670982971,0.2789926534,0.10628281,-0.1505118883,0.1569838857,0.09956805891,-0.1749991247,0.07314231526,0.1021311273,0.3598701732,-0.01834562553,1.474481646,1.123361052,0.7096585098,1.74525574,0.7210745895,1.415288231,1.197112314,1.688021876,2.088396331,1.008114237,-0.03916782896,0.133886839,0.7393378984,0.4908069185,0.3888416902,0.460734529,-0.03455372503,0.03358863067,0.06361568508,-0.1382565801,-0.3331372589,0.2226700929,0.6579126882,0.5953563561,0.1516154308,0.2562290754,0.04631911529,0.5432804889,0.0871214553,0.4999577815,0.06538435213
0.1688076441,0.3699162595,0.6584654004,0.09932207901,0.4179705535,0.684768703,0.1405429918,0.5315155661,-0.1096814925,0.4943870972,0.3279415314,0.4189414392,0.5091589783,0.1339333351,0.1339129185,0.231184269,-0.2557397973,0.4071495417,0.753132884,-0.06886492564,0.1317146699,0.4121500123,0.1485608186,0.3329109588,0.4982600158,0.4304643339,0.1793638733,1.196105264,0.7338932864,0.5361150999,0.8148510746,0.2558168273,0.2985406409,0.05789539427,-0.2101481114,0.5475807877,0.6074479477,0.1380737874,0.03486778641,0.6114296998,-0.06754448943,0.2722620939,0.2926614549,0.1048136494,-0.1508842664,0.1565239907,0.1023958478,-0.1737123343,0.06662719419,0.1005267153,0.3625019134,-0.03024915951,1.473481672,1.122690963,0.7020682444,1.74118349,0.7208553685,1.411385249,1.192180216,1.686518076,2.090458967,0.9381096945,-0.04593249457,0.1303544988,0.7321487976,0.5014325817,0.3770105746,0.4548827877,-0.03809238132,0.03028152242,0.0579646875,-0.1376982225,-0.3361150034,0.2229313296,0.6512668285,0.600945114,0.1589302736,0.2566349533,0.04596028828,0.5399564306,0.08653345428,0.503960205,0.06734591141
0.1652796923,0.3598161028,0.6247330589,0.1080264679,0.3808881802,0.6813883991,0.1383909421,0.5381468993,-0.1073322069,0.508416614,0.3208463467,0.4273020779,0.4933084668,0.1249048054,0.1255580773,0.2294380621,-0.2551715497,0.3859694107,0.7542005439,-0.06210206686,0.1315456177,0.4197766153,0.1535931262,0.328908129,0.487852521,0.4312205262,0.1869611707,1.175214249,0.7494975119,0.5401483747,0.8329580236,0.2642366634,0.3393957977,0.06500315674,-0.2116148386,0.547654281,0.6075684429,0.1507528631,0.02545457895,0.6122042816,-0.06652723226,0.275219342,0.3092763986,0.1055232817,-0.1507175424,0.1585062999,0.107193626,-0.1712466347,0.0674420912,0.09717120149,0.3631375252,-0.03849159002,1.47646383,1.123475266,0.699292517,1.741848122,0.7172893019,1.410208736,1.187943854,1.685987932,2.093371543,0.8736570424,-0.0503175448,0.1295156978,0.7303965742,0.5058130626,0.3597243366,0.4517428711,-0.04128758318,0.02876700457,0.05450684359,-0.1394672097,-0.3366847771,0.2214995944,0.6497309395,0.6037509399,0.167330876,0.2574157694,0.05286051813,0.540389458,0.08605102513,0.5052905147,0.07065518695
0.1637701452,0.3512415165,0.5881723115,0.1114756759,0.3385693907,0.6780069566,0.1349774196,0.5424095189,-0.1128823323,0.5168745747,0.3107174665,0.4375863493,0.4762799897,0.1182153463,0.1208933561,0.2280923483,-0.2554345974,0.3641247971,0.7582666494,-0.06072734621,0.1278708917,0.42368832,0.1562929815,0.325188906,0.4703618514,0.4295762931,0.1880743083,1.151581476,0.7597614894,0.5423553619,0.8468912467,0.2715111097,0.3772306603,0.06870927157,-0.2115540025,0.5456136365,0.6091123411,0.1608754112,0.01493398079,0.6100378523,-0.06545310803,0.2781412611,0.3193761066,0.108552081,-0.1508274135,0.1558368286,0.1152796356,-0.1683512775,0.06406740383,0.08967499019,0.3559009129,-0.04598332836,1.481066751,1.125376848,0.6914691415,1.740949524,0.7138354429,1.408864164,1.18725448,1.686691529,2.093038454,0.8056106039,-0.05598232519,0.1313291857,0.7334228074,0.5056124523,0.3448203916,0.4472729493,-0.04436248722,0.02663473434,0.04932344908,-0.1390369361,-0.3372394615,0.2186154842,0.6448220999,0.6097994003,0.1704471651,0.2562327357,0.05648583559,0.5438614471,0.08849038697,0.5095385167,0.07035439577
0.1617932641,0.344057718,0.5567498132,0.1213490017,0.3022442718,0.6757979183,0.1358429615,0.5428254423,-0.1169661161,0.5261878808,0.3026842713,0.447838026,0.4640697683,0.1115505146,0.1200573253,0.2326845484,-0.2559575944,0.3446901616,0.7605825449,-0.05700289619,0.1233883408,0.4261043911,0.1593282319,0.3247974284,0.4544169096,0.42884187,0.188939958,1.121541855,0.7725905287,0.5472653166,0.8564987951,0.2794085208,0.4145519529,0.06659527501,-0.2132934652,0.5445247301,0.6068595988,0.1697942238,0.003770095202,0.6051145485,-0.06070220036,0.280800694,0.3238355511,0.1112459783,-0.151569627,0.1518766089,0.1207361251,-0.1675905619,0.05941388703,0.08135842254,0.3443217805,-0.05310455488,1.484140771,1.126500571,0.6777834303,1.73981696,0.7148632178,1.403637837,1.183354996,1.684973978,2.090410336,0.7395137321,-0.06037249568,0.1309817424,0.7358546957,0.5101069368,0.3313978978,0.4396761766,-0.04517337489,0.02363018703,0.04362155993,-0.139775845,-0.3409680507,0.2197912358,0.6425652543,0.6108446656,0.1739841167,0.2534289107,0.05535461219,0.5457695284,0.09042907051,0.5141199251,0.06916768985
0.1599462615,0.3375388362,0.5234937014,0.1303620571,0.2674294638,0.671141746,0.1345911109,0.5421156128,-0.1196880474,0.5356477072,0.2963466586,0.4581165818,0.4528850494,0.1033117458,0.1163929133,0.2341558594,-0.2569591122,0.3275024507,0.7610026646,-0.05448455851,0.1174494472,0.4252476858,0.1603318535,0.319117486,0.4378658176,0.4282460832,0.1916360271,1.089490657,0.7854887527,0.5517213465,0.8612910777,0.2890611017,0.4519732691,0.06325491026,-0.2133166951,0.5449932785,0.6053425415,0.1783967074,-0.005944400805,0.5978560104,-0.06283681853,0.2808975544,0.3241591325,0.1111101724,-0.1515363239,0.1546620963,0.1293876515,-0.1642699644,0.05937307719,0.07162489437,0.3321003039,-0.06137459489,1.482572447,1.130922312,0.6654421931,1.740941594,0.7134658798,1.402037163,1.182473623,1.683305532,2.095021453,0.6764908977,-0.06480834692,0.1305946177,0.74039721,0.5122692706,0.3156910051,0.4348296569,-0.04790764398,0.02142159634,0.04158627181,-0.1419880666,-0.3408165405,0.2217012965,0.6406861096,0.615943765,0.1773340672,0.2499775012,0.05908081335,0.5481433225,0.09030892734,0.5162353055,0.0663853833
0.1580376472,0.3367191291,0.4914043044,0.1447790766,0.2367678709,0.6651667969,0.1364093279,0.5394399649,-0.1212069023,0.5410625529,0.2891101819,0.4714570388,0.4408080453,0.09494901004,0.1155829068,0.2366506868,-0.256577451,0.3120598606,0.7652907886,-0.05384905286,0.1086048554,0.4245526198,0.1597966179,0.3122418124,0.4204689275,0.428739881,0.1895170032,1.0643654,0.7931794609,0.5533758434,0.8681787302,0.2976785533,0.4848229757,0.05946430522,-0.2146451811,0.5450477382,0.6043045751,0.1842083054,-0.01497807162,0.5945669589,-0.05857777458,0.2736954422,0.3185509776,0.1123706567,-0.1496540934,0.1550984857,0.1382040605,-0.1612737464,0.05703937852,0.0623876818,0.3131249299,-0.06818604352,1.484447298,1.134435129,0.657949234,1.741020063,0.7116705995,1.397701281,1.181240954,1.683211359,2.098625918,0.6167078455,-0.0686667467,0.1330675096,0.7487864322,0.5134515352,0.305432015,0.424388866,-0.04915636036,0.02030285654,0.03847803317,-0.1435947309,-0.3409991116,0.2249620242,0.6359926285,0.617780753,0.1758674235,0.2489718212,0.0658117539,0.5510100022,0.0939331531,0.5247867914,0.06153193501
0.1574067503,0.3343896719,0.4528934423,0.1575697493,0.2091075209,0.6653342324,0.136591791,0.5407399882,-0.1218337834,0.5481406131,0.2805590484,0.4861765178,0.4309085876,0.08789044248,0.1149203714,0.2361945864,-0.2557176561,0.2954190014,0.7675609113,-0.05451715455,0.09537865861,0.4215940223,0.1585704227,0.3057662972,0.3995677835,0.4287659353,0.1919129917,1.036156909,0.8015323785,0.5558082762,0.8687741008,0.3055673556,0.5173113842,0.05785381354,-0.2175761377,0.5452121794,0.6072558554,0.1898350044,-0.01970409741,0.5868779189,-0.05905366213,0.2654820792,0.3137248977,0.1087776111,-0.1473823123,0.1567172135,0.1499035607,-0.1567886483,0.05891600705,0.05791802146,0.2928072522,-0.0736901771,1.483567566,1.137421986,0.6562469804,1.739310598,0.7119701437,1.39460849,1.177202866,1.681344055,2.09750903,0.5607527541,-0.07113220172,0.1306605996,0.7636388734,0.5105459698,0.2975247308,0.4170610917,-0.05318291723,0.01611813011,0.03432665116,-0.1465080184,-0.3415562668,0.2262693255,0.6326257434,0.6201247122,0.1729822375,0.2494609968,0.07729215734,0.5527954156,0.09211258116,0.5271018471,0.06350914211
0.1580367081,0.3321104673,0.4214451079,0.1716516598,0.1862063853,0.6601332722,0.1378467599,0.5384451015,-0.1203263771,0.5519817931,0.2714536035,0.5006696869,0.4213614489,0.08086797325,0.1150244234,0.2382249065,-0.2536862823,0.2832101321,0.7704872751,-0.05592757843,0.08025022866,0.4150883236,0.1601584896,0.2985341047,0.3774000716,0.428792641,0.1895831377,1.008949202,0.8014975167,0.5513169126,0.8679201082,0.3147662531,0.5455362165,0.05418064256,-0.2186054667,0.5418014879,0.6071871799,0.1930975967,-0.02263353597,0.5861561157,-0.05588645777,0.2561871861,0.3048205564,0.1055174716,-0.144439759,0.1570744259,0.153636668,-0.1516642568,0.06066687891,0.05356736407,0.2695793599,-0.07958454355,1.485258907,1.138234679,0.6512968748,1.740037783,0.7129829266,1.391869246,1.17385304,1.680795758,2.098157523,0.5073036922,-0.07472444842,0.1329970058,0.7812357318,0.5104327586,0.2893069187,0.410174667,-0.05452297954,0.01385948771,0.02759687007,-0.1490432917,-0.3406032614,0.2285371152,0.6247381283,0.6180508111,0.1687087753,0.2467013185,0.08694007921,0.5555601324,0.09283767851,0.5268148598,0.06187327695
0.1600412716,0.3301388274,0.3871055157,0.1845162681,0.1623254506,0.6561016563,0.1381786326,0.5369267732,-0.1174280935,0.5625385151,0.2653312966,0.5179779793,0.4095152145,0.0750694006,0.1140830303,0.2445762784,-0.252674759,0.2710951052,0.7737647284,-0.05725850547,0.06738155333,0.4074461895,0.1560956368,0.2862422777,0.3572213369,0.4278975381,0.1861036525,0.9765275133,0.7997782177,0.5493755823,0.8647610138,0.3248269397,0.5669145448,0.05317853543,-0.2183328422,0.5400014478,0.6049105505,0.1932604737,-0.02346877787,0.5876948098,-0.05237906215,0.250882578,0.292400186,0.1039278953,-0.1426162153,0.1595734927,0.1614086836,-0.1456138179,0.06280385858,0.05271106585,0.242538435,-0.08237062482,1.483459647,1.140647503,0.6480047558,1.739835261,0.7162847963,1.390139262,1.17280365,1.681249444,2.099318214,0.4615074112,-0.07852736199,0.1356224406,0.7979315057,0.5077432002,0.2826363122,0.4034390096,-0.054833775,0.01236321018,0.02526029958,-0.1495351122,-0.3370484192,0.2286408722,0.6286614558,0.612330726,0.1610946586,0.2429447895,0.09589225298,0.5547385263,0.09501051865,0.5247017635,0.05833553369
0.1593268784,0.3279781197,0.3500164574,0.1961621074,0.1396546255,0.6523537486,0.1382246048,0.5327260261,-0.1157606748,0.570265032,0.2614454911,0.5381342987,0.4035722199,0.07157631577,0.1158305444,0.2477040551,-0.250963787,0.2608956513,0.7740016333,-0.06157707119,0.0547544495,0.3983918927,0.1569107842,0.274157377,0.3336251958,0.4276954801,0.1868589033,0.9395018796,0.7987375022,0.5504540925,0.8640251046,0.3344505402,0.5831036717,0.04928552494,-0.2173451715,0.5375000636,0.6029014633,0.1898574116,-0.02604534012,0.5883802249,-0.04846275755,0.2491202915,0.2782882353,0.1044033933,-0.1437178024,0.1602743549,0.1680449547,-0.1390826337,0.06784597859,0.05411079888,0.2104143878,-0.08784802151,1.485547563,1.143396134,0.6467106895,1.74071334,0.7197543652,1.389440668,1.172853707,1.679284803,2.103901816,0.4235755707,-0.08179442203,0.1380173077,0.8122626562,0.5092084928,0.2779177621,0.3969115058,-0.05692684733,0.01377450057,0.02509692213,-0.1512568995,-0.3347942528,0.229221241,0.6329121642,0.6135676858,0.1549355116,0.2404171228,0.1039994138,0.5561581061,0.09660569078,0.5232481856,0.05730163256
0.1591697667,0.326759959,0.3183411198,0.2047310731,0.1205139459,0.6449515774,0.1392220939,0.5201257459,-0.1128926522,0.5787127255,0.2552921205,0.5586601286,0.3961759841,0.06777831961,0.1164113472,0.2501365903,-0.249866636,0.2542915671,0.776788081,-0.06487783123,0.04446542993,0.3889435722,0.1558625063,0.258372802,0.3092176689,0.4266690086,0.1847839472,0.9052441936,0.7965463038,0.5434232244,0.8550398894,0.3450134351,0.5892718649,0.04304298537,-0.2180889149,0.5368725285,0.6018790685,0.184694195,-0.02540893106,0.5894694782,-0.04638359084,0.2445952767,0.2548223862,0.1022253544,-0.1415421794,0.1633271102,0.1724029776,-0.1315858835,0.07278334468,0.05305207773,0.1770516809,-0.09255207296,1.485888018,1.14583195,0.6436139929,1.739130091,0.7209321867,1.386866777,1.173393887,1.679223871,2.106488284,0.3895257889,-0.08395764789,0.1392306831,0.8316346994,0.5124219926,0.2760677141,0.3897851601,-0.06134392829,0.01214741674,0.02404687549,-0.1512742269,-0.3325594553,0.2302502798,0.6341435861,0.6123981551,0.1454323232,0.237074485,0.1139304999,0.5585640647,0.0981443641,0.518846485,0.05593865013
0.1577961001,0.3292068274,0.2890066424,0.2198928012,0.1020520947,0.6389214095,0.1413524049,0.5058140953,-0.1097854441,0.5873037742,0.250690663,0.57850533,0.391428096,0.06268958837,0.1173364751,0.2528492883,-0.2490271427,0.2486036164,0.7785533425,-0.06572960812,0.03795973139,0.3837314324,0.1561171892,0.2473695035,0.293394482,0.4294624769,0.1845937082,0.8722835717,0.8010618885,0.5420145168,0.8484915844,0.3541993548,0.591563091,0.03827329724,-0.2188222786,0.5369318399,0.6034856384,0.1792436044,-0.02060561693,0.5927273173,-0.04267922324,0.2386447786,0.2333558695,0.1000981872,-0.1370824794,0.1662148219,0.1781079177,-0.1263150913,0.08126050902,0.05559282391,0.1456570742,-0.09510652763,1.486310466,1.143237636,0.6353600267,1.738050487,0.7217205542,1.386717855,1.173159171,1.678587436,2.109861925,0.3624215318,-0.08331430238,0.1422736035,0.8435165443,0.5170304807,0.2723476667,0.3832809054,-0.06378045506,0.01595285868,0.02162425491,-0.150749831,-0.3301076285,0.2314993505,0.6397383378,0.6114140544,0.1425889692,0.2361105279,0.1204313163,0.5601792796,0.09865183767,0.5130852234,0.05745667957
0.156816397,0.3296228074,0.2604610865,0.2324526677,0.08292694635,0.6368106408,0.143653686,0.4941793067,-0.1045487861,0.5979058882,0.2478221119,0.59846554,0.3870915876,0.05634954091,0.120029313,0.2567416889,-0.2481977517,0.2472162577,0.7783259632,-0.06737535669,0.03290736004,0.3778429392,0.1565646636,0.2372299458,0.2754962132,0.4386490574,0.1854186019,0.8366174844,0.798935481,0.5424754013,0.8448611718,0.3601037024,0.5867494187,0.03241600373,-0.2189371233,0.5358404645,0.606277639,0.1739601728,-0.01590401201,0.5949143326,-0.0397226616,0.2324659879,0.2083798355,0.09898938678,-0.1346062947,0.1701860842,0.1854641422,-0.1199034361,0.08793013561,0.05719016028,0.1182954024,-0.1005517772,1.482320919,1.144473353,0.6270844669,1.735728905,0.7174684879,1.386212251,1.174261912,1.676308204,2.111940732,0.3398259072,-0.0829181014,0.1444031126,0.85075564,0.5296665484,0.2734339711,0.3793582674,-0.06613618284,0.01816480854,0.0193717545,-0.1508273191,-0.3275349994,0.2338956722,0.6406292748,0.6108118622,0.138153115,0.2372304454,0.1279740302,0.5588773325,0.09822527685,0.5079170935,0.0541697785
0.1574048313,0.3292690228,0.2332262187,0.2404888605,0.06513070094,0.6340940304,0.1460961801,0.4795465727,-0.1042927232,0.6069762546,0.2433214528,0.6179256286,0.3856177774,0.05191586212,0.1264832504,0.2599677151,-0.2484149677,0.2414279088,0.7788308244,-0.07030483839,0.02671869424,0.3716694476,0.1621267091,0.2280554385,0.2590291464,0.4453782016,0.1857033046,0.8070203852,0.7972831285,0.5410280288,0.8387811801,0.3656739339,0.5788349792,0.02171655936,-0.2169984723,0.5347874435,0.6061875807,0.1671522588,-0.01066536113,0.5966243022,-0.03569723371,0.2299398799,0.1775180289,0.09909068679,-0.1232683548,0.1739437796,0.1946160517,-0.1139876449,0.09779301475,0.06235630317,0.09791040041,-0.1054441736,1.487718112,1.145707024,0.6218977422,1.736148258,0.7168099805,1.384107351,1.175476382,1.676810265,2.119025989,0.3229872412,-0.07851454461,0.1454677287,0.8529613985,0.543827684,0.2758565551,0.3709651311,-0.0713128004,0.02082255458,0.01948959176,-0.1522900967,-0.3253820898,0.2368445327,0.6422864715,0.6105701653,0.1317062601,0.2358146335,0.1352038343,0.5574281491,0.09804558749,0.5014004547,0.05460138165
0.1581139166,0.3243324781,0.2083675227,0.2513214074,0.04865405369,0.6264936122,0.1481865773,0.4622097528,-0.1021457509,0.6173320321,0.2367695644,0.6423380386,0.3861793349,0.04839467846,0.1289699722,0.2633079942,-0.2480007079,0.2374898554,0.7793339124,-0.07206701816,0.02016890312,0.3586601369,0.163305617,0.2215388746,0.2433239019,0.4562419601,0.1848552623,0.7788297868,0.801104585,0.5419022104,0.8327056956,0.3713891973,0.5636968801,0.0078896711,-0.2154103782,0.5366825081,0.6045380526,0.1591119942,-0.00512704799,0.5977306908,-0.03017659836,0.2301486575,0.1473779244,0.09483790483,-0.07178790489,0.1808753325,0.2022717277,-0.1044467805,0.1034789424,0.06530650971,0.08149983212,-0.1079845269,1.49043722,1.147960001,0.6205964892,1.734291892,0.7162423542,1.383072542,1.176319356,1.677296364,2.122493285,0.3127930436,-0.06278209636,0.1491449061,0.861731494,0.5567257224,0.2781127737,0.3637929276,-0.07430849793,0.02063904282,0.01934959982,-0.1538584328,-0.3235122139,0.2404835172,0.6380281252,0.6141615633,0.1284648352,0.2368530835,0.1416947057,0.5567383698,0.09639325103,0.4933796928,0.05274601764
0.156177375,0.3242436054,0.1883321344,0.2637397456,0.03500983412,0.6228716547,0.1517677734,0.4453507288,-0.09812060792,0.6269212411,0.2308616123,0.6639048933,0.3812688795,0.0460702233,0.1329530916,0.268502656,-0.2467027047,0.2306895639,0.7789805961,-0.07456266759,0.01218082556,0.3409332855,0.1649247478,0.216580348,0.2267300298,0.4639972672,0.1842243127,0.7523232441,0.7993627772,0.5471401616,0.818850193,0.3762167158,0.5434754649,-0.003511239098,-0.2137049415,0.5367806332,0.6040395051,0.1526696868,0.006245054881,0.6000990588,-0.03159876036,0.226780205,0.117125907,0.0980569743,0.006793946361,0.1897372347,0.2111686323,-0.09259581989,0.1125985107,0.06516653641,0.07052718486,-0.1059332213,1.488935472,1.148640714,0.6143895326,1.7331748,0.7160807786,1.382167423,1.178154855,1.676712491,2.126257895,0.3040093778,-0.00815615907,0.1520455271,0.8633272076,0.5604431252,0.2770103994,0.3571904245,-0.07749239576,0.02070578964,0.02070836722,-0.1552706145,-0.3235302593,0.2451636112,0.6353460291,0.6141830905,0.1212961343,0.2360751611,0.1490961734,0.5587810993,0.09641577349,0.4841695728,0.05158612294
0.1564094089,0.3241868386,0.1690633081,0.2744259672,0.02112264114,0.6238157119,0.1529784629,0.425544565,-0.098110933,0.6368577605,0.227136672,0.685960438,0.3807250643,0.04550573109,0.1401381944,0.2759019547,-0.2463559013,0.2253303891,0.7804495718,-0.08023402784,0.004546886185,0.3230652863,0.1638216612,0.2097146338,0.2103356,0.4693549945,0.1786487884,0.7280279169,0.7935451995,0.554647975,0.8068850388,0.3778090932,0.5219193168,-0.01884692379,-0.2101490272,0.5369368064,0.6052659357,0.1465696726,0.01626022624,0.6033018059,-0.02864219872,0.2214744613,0.08544648765,0.1030647163,0.09431528784,0.1977714451,0.2228310594,-0.0821554381,0.119839371,0.06670357659,0.06680780377,-0.1056302847,1.48658856,1.148858605,0.6075824752,1.730726559,0.7165512314,1.380425805,1.179263069,1.677419981,2.125057415,0.2949983053,0.0597132785,0.154963774,0.8608121581,0.5596514393,0.2795261417,0.3521370962,-0.07878361319,0.02020147663,0.02230826755,-0.1576497334,-0.3245517839,0.2500705923,0.6302612186,0.6191808184,0.1119608505,0.2371108658,0.1474846325,0.5583342251,0.09701361715,0.4772776769,0.05274859381
0.1559016944,0.3213211983,0.148932892,0.2881919961,0.01436597956,0.6214112729,0.1561314764,0.4063090759,-0.09026892649,0.6470491852,0.2274689418,0.7083350562,0.3794877374,0.04647392076,0.1514137218,0.2807524395,-0.2449571976,0.2200180419,0.7808268466,-0.08375991165,-0.003289827639,0.3018452476,0.1621487674,0.2030265733,0.1942442949,0.4723520294,0.1771366146,0.7053627383,0.788792463,0.566499274,0.7934530607,0.3801081454,0.4971960917,-0.03507791156,-0.2103940091,0.5366884221,0.6031737252,0.139839017,0.02893562001,0.6038334732,-0.02572863118,0.2182359692,0.05437339372,0.1066289775,0.1769975906,0.2036313147,0.2284538654,-0.07272881784,0.122601443,0.06430839239,0.07120347462,-0.1054513989,1.485153121,1.146029114,0.5980138613,1.729971534,0.7200229963,1.378145816,1.175845342,1.676888524,2.127060309,0.2939475723,0.1314129377,0.159563914,0.8537639653,0.563872632,0.2812986353,0.3453859394,-0.08052566026,0.02193400497,0.02617276239,-0.161089011,-0.326804009,0.2530568575,0.6235164409,0.6178383866,0.1042769417,0.2365940646,0.1448746028,0.5531758772,0.09328959899,0.4726976684,0.05172251659
0.1569376605,0.3176895158,0.1311997121,0.2983967835,0.004949133467,0.6192741756,0.1580929555,0.3937013244,-0.08409073749,0.6572605267,0.2291191967,0.7327161845,0.3783628181,0.04785262506,0.1675607189,0.2856196368,-0.2423284957,0.2135332274,0.7830549078,-0.08815551191,-0.01150587015,0.281009209,0.1595921902,0.1976022438,0.1773655192,0.4742363735,0.1738218261,0.6868339996,0.7803392708,0.5708571547,0.7794573037,0.3796486969,0.4727486432,-0.0459322012,-0.2072753265,0.5370791135,0.6037651242,0.1349397476,0.04736087675,0.6106519811,-0.02475368052,0.2125183061,0.02881365244,0.1129750861,0.2647320887,0.2142218668,0.2389127516,-0.06151157647,0.1240900921,0.06630878009,0.08059789983,-0.1050749533,1.484214495,1.147065751,0.5900913237,1.724244165,0.7182601072,1.379955152,1.176227027,1.676784131,2.124852303,0.2889715196,0.204335703,0.1647627363,0.8481009582,0.5682417917,0.2809279426,0.3414342239,-0.08189553596,0.02409943025,0.03433360795,-0.1657291455,-0.3276383299,0.2561876374,0.6129024747,0.6269899534,0.09648616481,0.2394021435,0.1487995252,0.5484060646,0.09066879643,0.4631391849,0.05494458416
0.159875994,0.3155384244,0.114438624,0.3111394872,-0.003381363342,0.6217972355,0.1593473898,0.3782653217,-0.07624690349,0.6655152271,0.2217366735,0.7529779348,0.3748692775,0.05098824848,0.1849363254,0.2899871799,-0.2395322825,0.2049290933,0.7849168694,-0.09248838236,-0.02009035612,0.2607352305,0.1552010591,0.1927911565,0.1587683604,0.4738679792,0.1680002895,0.6697801771,0.7714428647,0.5793142189,0.7699394954,0.378959369,0.44640576,-0.05629904552,-0.2052724257,0.5359098812,0.6056515009,0.1295206268,0.0631833108,0.6198709319,-0.02096902762,0.2092753136,0.00738506358,0.123364768,0.3517583433,0.2219214998,0.2465833797,-0.04875197459,0.1240434078,0.06709473275,0.09366263029,-0.1041667369,1.482661001,1.142937536,0.5834739529,1.718384534,0.7167606548,1.377520496,1.171210564,1.675483082,2.120214485,0.2869599813,0.275875764,0.1689986376,0.8421437714,0.5682288856,0.2854238441,0.3345820005,-0.08234657445,0.0262711036,0.03891272529,-0.1681014028,-0.3295834314,0.2585302364,0.598783842,0.6361367363,0.0883762249,0.242626562,0.1499501011,0.5407941841,0.08750535303,0.4567025636,0.05534784949
0.1589770516,0.3113119307,0.09746614351,0.3181625433,-0.008414963582,0.6224348139,0.1577916418,0.3653097766,-0.06840430574,0.679944008,0.2184127075,0.7715785099,0.3749226245,0.05648120544,0.20103403,0.292127195,-0.2363399485,0.2001045014,0.7838849617,-0.09437871853,-0.02368303829,0.2454241422,0.1531370173,0.1904713611,0.1476231566,0.4758843433,0.1692177273,0.6463393,0.7720369257,0.5893850927,0.7659316873,0.3759232654,0.423913957,-0.06339899586,-0.2036916863,0.5353581648,0.6080796402,0.1253827491,0.08340939376,0.6277445792,-0.01889071028,0.2124296891,-0.007654057563,0.1297361129,0.4344042585,0.2272768916,0.2484073302,-0.03410104855,0.1250448343,0.07081586919,0.1167234521,-0.1020464599,1.475014627,1.141845381,0.5728491064,1.709410367,0.7178132192,1.375375705,1.16750842,1.675867026,2.117356765,0.2833564635,0.3471912699,0.1742957868,0.8411602125,0.5709410862,0.2862127404,0.3325677144,-0.08404134301,0.02850972532,0.0462232375,-0.1696661348,-0.3294748506,0.2593326862,0.5857599729,0.6440243488,0.0841894894,0.2447787218,0.1524113586,0.5330991359,0.08285350029,0.4446393695,0.05788265332
0.1600273488,0.3111853685,0.08434835534,0.3270651908,-0.01665835936,0.6231145891,0.160106376,0.34643609,-0.05855244207,0.6904042334,0.218810829,0.7834272536,0.3748106979,0.06005270036,0.2220564729,0.2982318291,-0.2343931695,0.1948788787,0.7851620217,-0.0948667212,-0.02609926829,0.2321983546,0.1535483686,0.1908608536,0.1370066137,0.4756085789,0.1702050881,0.6266459245,0.7736253165,0.6088203449,0.7627596801,0.3728445054,0.403436587,-0.07206421452,-0.1996792793,0.5324158782,0.6035102318,0.119378277,0.09426583227,0.6367790404,-0.01395124339,0.2076695683,-0.02187885651,0.1362140356,0.5190735361,0.2363791654,0.2440845369,-0.02206385299,0.1218289674,0.06974776521,0.1408001614,-0.1015633809,1.468833566,1.138487709,0.5613052818,1.711545286,0.7203090266,1.374877937,1.165961121,1.675343745,2.117633544,0.2810396668,0.4189125815,0.1805722831,0.8344323497,0.5821474097,0.2837852657,0.3288057069,-0.08264254153,0.03434310148,0.05381228874,-0.1704787197,-0.3297164551,0.2603103494,0.5721392255,0.6541184425,0.08385649048,0.245609002,0.1480721054,0.5287103492,0.07936941822,0.4421241962,0.05458826229
0.1580096382,0.3104539137,0.06874450669,0.3354646793,-0.02239639358,0.6249194483,0.1621470591,0.3327050137,-0.04888472438,0.6995560429,0.2213385519,0.7975409485,0.3755196665,0.06501130156,0.2433599874,0.3041080585,-0.2326649945,0.1842538096,0.7840112698,-0.09239921224,-0.02570703176,0.2223102385,0.1531455169,0.1905007009,0.1290626382,0.4776996092,0.1742640121,0.6063429757,0.7831247789,0.6288660253,0.7560234893,0.3668578437,0.3791471366,-0.08104734826,-0.2004687054,0.5318084964,0.6022975428,0.1149368486,0.1066563603,0.6353527261,-0.01524151101,0.2062305842,-0.03637199039,0.1417466837,0.594674279,0.2465671432,0.2420703057,-0.007868115236,0.1201195292,0.07088882963,0.1675696987,-0.100812584,1.466844074,1.138328297,0.5507283798,1.708522028,0.7223552855,1.37414007,1.166125222,1.676561911,2.122278633,0.2815757379,0.4912945403,0.1866569243,0.8280532732,0.6001747077,0.2805081864,0.3236691172,-0.08330295252,0.03798458206,0.06165344321,-0.172324086,-0.3273734738,0.2596102037,0.5672817545,0.668953988,0.08420415404,0.2443341629,0.1431050616,0.5232897367,0.07675607645,0.4311848578,0.05374036986
0.1552076343,0.3088773152,0.05896918793,0.3433871341,-0.02899305511,0.6286514877,0.1639514667,0.3199656255,-0.04192329685,0.7064638059,0.2168803675,0.8059909525,0.3765238783,0.07030716421,0.2664783358,0.3052953577,-0.2308750114,0.1739378489,0.7815372316,-0.0897534803,-0.0245554759,0.2179485437,0.1555347002,0.1913226862,0.1237823669,0.4801973953,0.1777533339,0.5904238931,0.7951050707,0.6523543012,0.7510276876,0.3604313297,0.3616302567,-0.08950223485,-0.1960095194,0.5305632732,0.6022805906,0.1107109507,0.1160104351,0.6344585495,-0.01674537392,0.1998876819,-0.04363778101,0.1476031459,0.6709583402,0.2556978254,0.2342450361,0.00654067651,0.1188685648,0.07405648188,0.1961050801,-0.09869886913,1.47089929,1.137589148,0.5405158368,1.707847747,0.7247425594,1.372894891,1.163850104,1.678153802,2.124660571,0.2789572214,0.5643382173,0.195663965,0.8224382004,0.6268343595,0.2752025832,0.3220732518,-0.08318777154,0.04439546767,0.06697329776,-0.1737558823,-0.3288991648,0.2614880011,0.5490030946,0.6793891,0.08492207263,0.2457278149,0.1377786533,0.5220212564,0.07484702589,0.4239154206,0.05350889661
0.154978826,0.310195671,0.05207019799,0.356150175,-0.03316124186,0.6285239009,0.1624996906,0.3074652286,-0.02836991624,0.7180257903,0.2139378026,0.8090890015,0.3733133116,0.07446797993,0.2910190751,0.310470876,-0.2306635727,0.1610209945,0.781527211,-0.08733908648,-0.02855536182,0.2121605918,0.1566959682,0.1946323633,0.1175297398,0.4783870317,0.1817290734,0.5752847268,0.8047484574,0.6718584958,0.7492637063,0.3561829562,0.346085964,-0.09399350389,-0.1924865766,0.5300109539,0.6023941508,0.1074971377,0.127229001,0.6313373228,-0.01842618805,0.199486992,-0.05051729681,0.1518226639,0.7480104155,0.2640043896,0.2281552332,0.0191656045,0.1117202415,0.07651826876,0.2246705094,-0.09596839081,1.473602341,1.133945702,0.5332218429,1.702311421,0.7232416711,1.371787758,1.162032048,1.678875455,2.121951595,0.2780646248,0.6376482817,0.203177461,0.8167191637,0.645954938,0.2746203432,0.3197494253,-0.08028028718,0.04785407473,0.06961564576,-0.1761442887,-0.3300294909,0.2614634123,0.5334824604,0.6871301224,0.08215290659,0.2450708075,0.1327066492,0.5191381255,0.07445191946,0.4192744044,0.05235091017
0.1524026499,0.3114746313,0.04289326797,0.3679483257,-0.03499190271,0.6336485082,0.1597809181,0.3011939702,-0.01635538542,0.725344783,0.2122861213,0.8110687097,0.3695117172,0.0802122919,0.3178959928,0.3104304621,-0.2296545346,0.1471116309,0.780864207,-0.08590075664,-0.03166195901,0.2056238651,0.1592664078,0.198156941,0.1130540709,0.4803856035,0.1837104838,0.5572306775,0.8175201259,0.6985964595,0.7543280516,0.353558164,0.3330678106,-0.09965024768,-0.1906452578,0.5269781787,0.6008395611,0.1045317976,0.1360013472,0.6312138069,-0.01863177503,0.1943618468,-0.0511476951,0.1588541885,0.8208609212,0.2688504925,0.2206632109,0.03150659196,0.1022292257,0.07920837107,0.2507088346,-0.09471619004,1.478498133,1.132605524,0.5292121402,1.702380685,0.7248100867,1.373226309,1.158081172,1.678428047,2.121069544,0.275509584,0.7100467726,0.2118024987,0.8071797168,0.6627223086,0.2724907424,0.3143649088,-0.07648638962,0.05802948751,0.07384216106,-0.1809804305,-0.3317321055,0.2612291114,0.5214325716,0.6996744446,0.08420116346,0.2439246493,0.1264579077,0.5161579801,0.07265316944,0.4156676477,0.05239375085
0.1513085427,0.3126912411,0.03333350004,0.3765697401,-0.03726758338,0.6370968395,0.1599399497,0.293233662,-0.007024677454,0.7336324466,0.2121166978,0.8143888975,0.3646453469,0.08686776573,0.3492368921,0.315952487,-0.2285645488,0.1325506624,0.7814297274,-0.08486524592,-0.0384604559,0.1982197941,0.1611369161,0.1994973524,0.1064120163,0.4766704637,0.1873255496,0.5468358558,0.8269875038,0.7246836648,0.7508650185,0.3500320544,0.3145321939,-0.1070149401,-0.1875861901,0.5235930951,0.5989176427,0.1024684322,0.1429614031,0.6257263297,-0.02209116125,0.1909633647,-0.04761691046,0.1648792771,0.8898647294,0.2726669291,0.2125479116,0.04504073962,0.08776762409,0.07521328689,0.2758161717,-0.09299836255,1.477292776,1.13416442,0.5293652189,1.698779417,0.7267635219,1.371667946,1.15254433,1.677173282,2.120148286,0.2745543522,0.7810589785,0.217194468,0.8006817124,0.6746483157,0.2721074733,0.3103528608,-0.07323140435,0.0600641401,0.07817923575,-0.1831673542,-0.3329655856,0.2589191111,0.5037781217,0.7108908004,0.08265222482,0.241030849,0.1170212055,0.5135951488,0.07192453435,0.4152255619,0.05019031825
0.1479349263,0.3116095689,0.02788344524,0.3843719553,-0.04128353572,0.6402863681,0.1565200125,0.2849980328,0.001295055113,0.7391525894,0.2114321887,0.8106896988,0.3562670922,0.09464837518,0.3803573078,0.3159654519,-0.2266712186,0.1138712142,0.7815595819,-0.08344180707,-0.04324797749,0.1917687962,0.1632754976,0.2003016061,0.1022504642,0.4720394461,0.187314467,0.541518834,0.8418682525,0.7526763313,0.7476130167,0.3488355028,0.3015003517,-0.1130482931,-0.1845700575,0.520525669,0.5959990146,0.1002385195,0.1502596722,0.6169392139,-0.02435002951,0.1891642351,-0.04539718108,0.1646487353,0.9577093056,0.273333014,0.201565907,0.05723253933,0.07434846681,0.0727263766,0.3050931474,-0.0924710944,1.478353831,1.132359852,0.5295767016,1.6978603,0.7312559669,1.370226926,1.149066845,1.676193541,2.118978754,0.274700678,0.8509842838,0.2238023043,0.796633308,0.6815897469,0.2692880346,0.3046014175,-0.069425524,0.06404019455,0.08160887792,-0.1848376446,-0.3340610122,0.2564321463,0.4841805786,0.721233539,0.08073681442,0.2369147158,0.1105732051,0.5100854391,0.07241337347,0.4105382003,0.04852320516
0.1501821802,0.3144565971,0.02256407068,0.3944302193,-0.04097647834,0.6459757589,0.155976454,0.277345126,0.01326975751,0.7451172338,0.2054320759,0.8032380838,0.3465196766,0.1014366455,0.4125240722,0.3179759195,-0.2268726518,0.1000192143,0.7805000456,-0.07931037549,-0.04818803959,0.1865176577,0.1618352622,0.2018739769,0.0997446105,0.4714492473,0.1890278313,0.5356070251,0.8565601004,0.7855653306,0.7452862311,0.3486515114,0.2886959346,-0.1154323697,-0.1785753984,0.5181222949,0.5936156315,0.09882120191,0.155706647,0.6058018458,-0.02921321525,0.1874082994,-0.04211502276,0.1674416262,1.016979517,0.2738215465,0.1900349764,0.07068809655,0.06187952884,0.0719928242,0.3275827053,-0.09031741379,1.4734327,1.129581481,0.5291146314,1.695553969,0.7353219214,1.371315681,1.146128072,1.672500593,2.112630759,0.273655032,0.9171801998,0.2312264248,0.796088222,0.6809905201,0.264120694,0.2990039438,-0.06330748729,0.06721474974,0.08425620271,-0.1885605367,-0.335811586,0.2525549491,0.4687966027,0.7315089624,0.08020748232,0.2340128776,0.1068581137,0.5081070386,0.070985386,0.4072039158,0.04474878861
0.1517646078,0.3190416835,0.01689716982,0.4012391593,-0.04148019516,0.6570582373,0.1512220767,0.2741435384,0.02191499739,0.7484475225,0.2065500493,0.7944181058,0.3363535437,0.1095763012,0.452405507,0.3242991333,-0.2255441479,0.08695569614,0.7797988564,-0.07249698111,-0.04959720064,0.1836774931,0.1624355936,0.2000212293,0.09934775584,0.468004901,0.1916166163,0.5316528871,0.873865054,0.8183984742,0.7462029605,0.3483955729,0.2858533924,-0.1177014177,-0.1734711611,0.512999583,0.594354784,0.09915638097,0.1615603253,0.5911204738,-0.033690708,0.1787086159,-0.04058093812,0.1688057169,1.036340882,0.2706472308,0.1759394546,0.08159339512,0.0514144317,0.07292879953,0.3492006268,-0.09005322124,1.471120943,1.125937207,0.519791274,1.69198492,0.7364336514,1.370102365,1.141354512,1.672014349,2.106113719,0.2676211247,0.9705676367,0.2355347217,0.7924923715,0.6800266399,0.2562643364,0.2929476996,-0.0592564166,0.0723547249,0.08875563808,-0.1906097423,-0.3368122857,0.2504026893,0.4559192013,0.7411405061,0.08107410104,0.2312321029,0.1060466092,0.5028908727,0.0681715137,0.4027321447,0.0441688651
0.1516375057,0.3193846112,0.01065553493,0.4035082906,-0.04156120962,0.6691868852,0.1501766553,0.2702665363,0.03039415114,0.7511695742,0.2043569734,0.7830891793,0.328600057,0.1177287611,0.4956418633,0.3272996922,-0.2241054222,0.07657127362,0.7776009804,-0.06240967739,-0.04905628491,0.1847499911,0.1661550241,0.1994935504,0.100232769,0.4695451225,0.1977010185,0.5329365091,0.8962974365,0.8504788436,0.7485534197,0.3501728465,0.2876590024,-0.1198589194,-0.1697851098,0.5084265493,0.5926402084,0.0976479166,0.1615594722,0.5788535039,-0.03572142042,0.1708891714,-0.03488421578,0.1674681044,1.024388314,0.26479987,0.1600138378,0.08745439131,0.03826295575,0.07276416426,0.3663645534,-0.09197010938,1.472073813,1.123466557,0.5082575377,1.687818008,0.7403348629,1.369291035,1.135971982,1.669877568,2.098327907,0.260446026,0.9836521078,0.2412876999,0.7886157354,0.6785427808,0.2517893179,0.2886682543,-0.05516477673,0.07894404991,0.09358407594,-0.1925337749,-0.3357012844,0.2503933754,0.4434905632,0.7505783049,0.08426796502,0.2271877421,0.1025816664,0.4940398114,0.0657275633,0.4025597313,0.04268661575
0.1487806271,0.3167934991,0.008018684312,0.4058813679,-0.0406339509,0.6780413261,0.1512245713,0.2667943906,0.04310742618,0.7509513376,0.2030647426,0.7683524762,0.3212886833,0.1232241582,0.5412287205,0.3269174308,-0.2237346056,0.0654624763,0.7728681184,-0.05280808993,-0.04910379753,0.1859888834,0.1704723912,0.202872674,0.1036946883,0.4758131053,0.2065067041,0.5315800219,0.9208030424,0.88473509,0.7419629652,0.3508661039,0.2860309751,-0.1224984369,-0.1657866629,0.5028863324,0.5880044041,0.0948643943,0.1616163654,0.558855381,-0.04203544437,0.1647520184,-0.03167919465,0.164268949,0.9980260006,0.2573520178,0.1419574454,0.09301722235,0.02361217327,0.07163919933,0.3781183745,-0.095472083,1.475989955,1.119688039,0.4945531008,1.685839418,0.7435994005,1.36783971,1.129371199,1.668179727,2.098010117,0.2492025551,0.9815428622,0.2449837491,0.7803037868,0.6829152236,0.2446054862,0.28305637,-0.05273318406,0.08620185084,0.09757727133,-0.1944757586,-0.3348098274,0.2516691212,0.4330547395,0.7567858844,0.08831608908,0.2201419719,0.1003175172,0.4881741044,0.06283943342,0.4008942468,0.0387198932
0.1489222645,0.3199321166,0.008356394246,0.4050997906,-0.03906116508,0.6906522137,0.1522964533,0.2619230388,0.05062935409,0.7496699407,0.2005575438,0.7476535541,0.3166420163,0.1286090717,0.5802343199,0.3334044276,-0.2213763749,0.05799128704,0.7706447169,-0.04345970808,-0.04944804337,0.1901290384,0.1771521951,0.2035859473,0.1095519462,0.4868293501,0.2130256853,0.5280695638,0.9458955795,0.9122999453,0.7401962226,0.3524580418,0.2858656582,-0.1211205453,-0.1588830981,0.5011503979,0.5851989188,0.09355315406,0.162219289,0.5440007731,-0.04599114337,0.161732482,-0.02603113767,0.1590510227,0.9788354025,0.2574216183,0.1288112791,0.1016266492,0.0156389714,0.07417399793,0.3848519684,-0.09531016078,1.479191686,1.117011777,0.4835534359,1.681362177,0.7458342206,1.367424333,1.125074279,1.666035647,2.093305344,0.236438808,0.9755902764,0.2469117595,0.7661613804,0.676094249,0.2401994049,0.282168547,-0.05050676076,0.09128263733,0.09894754419,-0.1974227999,-0.3333320073,0.251702614,0.4269522182,0.763736551,0.09198480622,0.2166222772,0.1035615194,0.4831389019,0.06281810187,0.3972752591,0.04013878797
0.1470480286,0.3233026096,0.005101044994,0.4055302825,-0.03492865826,0.7029981789,0.1517350762,0.2566225485,0.05983138562,0.7464894918,0.1981797504,0.7264307211,0.3109933627,0.1337390833,0.6151523414,0.3395807736,-0.2198563465,0.05108048263,0.7672636358,-0.03436230406,-0.05156051622,0.1941558235,0.1856759968,0.2015213946,0.1164700413,0.4974201896,0.2157293285,0.5247470162,0.9734366128,0.9411773816,0.7371866003,0.3546953844,0.2839116392,-0.1225158023,-0.1555883461,0.499732609,0.5827959508,0.09093559002,0.1560324897,0.5229898592,-0.04990388873,0.1569179376,-0.02246076263,0.1533253546,0.9539768973,0.259545053,0.1126535975,0.1106397559,0.008136148361,0.07156285492,0.384729828,-0.09634867589,1.475990916,1.112123904,0.4729096949,1.679142689,0.7480076369,1.363692023,1.119593813,1.665603327,2.092840846,0.2221314734,0.9679690215,0.2484534296,0.7538438591,0.6682365996,0.2360188445,0.2795887877,-0.05069462167,0.09799611746,0.09875617905,-0.1977335145,-0.3332695766,0.2523052617,0.4222603845,0.7642268928,0.0953951087,0.2103382052,0.1084380725,0.4781042203,0.06027096144,0.3988120966,0.03607512527
0.1450757612,0.3274900179,0.003316922186,0.4014439988,-0.03046124973,0.7169660554,0.1513676552,0.2522562165,0.06795842603,0.7408415877,0.2019209357,0.7071183131,0.3085760253,0.1394864391,0.6474826613,0.348223789,-0.2174112616,0.04718724317,0.7659481019,-0.02809243116,-0.0542523709,0.194838882,0.1946891972,0.202062263,0.1183417693,0.5070142116,0.2177618562,0.5194520115,0.9974481835,0.9636710796,0.7360799955,0.3553801623,0.2869993274,-0.1232757331,-0.1519092609,0.4992952666,0.5803635092,0.08815542086,0.1496959659,0.5057819404,-0.05084340869,0.1536542945,-0.01909658325,0.1512514099,0.9256542845,0.2648954047,0.09469818294,0.1187187433,0.002622713762,0.06733345645,0.3790646345,-0.09797892786,1.474380982,1.111564154,0.4564743711,1.676686518,0.7540611915,1.362315634,1.115312289,1.66490776,2.091089601,0.20764247,0.9603090468,0.2495163384,0.7452586316,0.6581834453,0.2285030585,0.2771211111,-0.04902611604,0.1033396587,0.09669643514,-0.1990114436,-0.3320749668,0.2530607321,0.42196685,0.7593764383,0.09478002271,0.2056409178,0.1080195754,0.4755408248,0.05786645163,0.3975153854,0.03553322406
0.1443154757,0.3310339135,0.003996364033,0.3982345168,-0.02745678876,0.7332520558,0.148450739,0.2448928731,0.07445787612,0.7336596973,0.2041612409,0.6842846646,0.3025201419,0.1436553801,0.6790425082,0.3581309811,-0.216086179,0.03953586164,0.7641987165,-0.02433438846,-0.06125378933,0.1910312421,0.1999577383,0.1983224484,0.1151769834,0.5124955254,0.2135491869,0.5126310109,1.017705907,0.9869547889,0.7259707148,0.3580132789,0.2883379231,-0.1247838194,-0.1463497798,0.4974051972,0.5778094488,0.08441643206,0.1395466397,0.4869536109,-0.05429563597,0.148377487,-0.01439724107,0.1475840302,0.8975973046,0.2702171188,0.08299151398,0.1262425756,0.0002408750804,0.06354981912,0.367091549,-0.09820517916,1.476467937,1.106905451,0.4418756201,1.67488727,0.7558599347,1.360049749,1.108615217,1.662770834,2.088765835,0.1974681776,0.9505719536,0.2469971669,0.7357236493,0.6499805017,0.2259207856,0.2720714976,-0.04765096687,0.1085539388,0.09301014107,-0.2007231811,-0.3351520269,0.2530341315,0.4236508542,0.7570553731,0.09030262477,0.2013938283,0.1063509626,0.4708141587,0.05443158272,0.3967344409,0.03495368222
0.1449758923,0.3301729495,0.003115209692,0.3908450331,-0.01996609983,0.747808696,0.1457440832,0.2392308138,0.07493071097,0.7296346334,0.2035077162,0.6633734902,0.2967720716,0.1482770972,0.7035832475,0.372371481,-0.2137650008,0.03524004605,0.7621391486,-0.02342140604,-0.06847419976,0.1836854981,0.2026719283,0.1927086888,0.1131574066,0.5204234082,0.2069498082,0.5035409941,1.032708652,1.001804217,0.7178193109,0.3593305094,0.2856643911,-0.1206509694,-0.1427892307,0.4975777629,0.5796545367,0.08080055824,0.1340960657,0.4683744699,-0.05697158331,0.1479275889,-0.00972501987,0.1581216705,0.8620704648,0.2691887355,0.07706393109,0.1351173536,-0.0002149473738,0.06377321241,0.3545639243,-0.09653565958,1.480019939,1.105229859,0.4204513222,1.666337336,0.7604287333,1.357421722,1.103720539,1.66133366,2.088080927,0.1854755165,0.9419318675,0.2429135315,0.7294810161,0.6340662907,0.2204283221,0.2705882914,-0.046896521,0.1157007526,0.08858883575,-0.202676393,-0.3369565601,0.2538799469,0.4232426017,0.7528327383,0.08639015761,0.1975574642,0.1113253531,0.4666428841,0.05228052948,0.3919424523,0.03235032376
0.1442022147,0.330071979,0.006086293617,0.3874699193,-0.01435434461,0.7640657349,0.1427168695,0.2325424178,0.07579306885,0.7239313788,0.2029424692,0.6403806525,0.2907662273,0.1510046461,0.7222519818,0.3809162469,-0.2116144325,0.03320979239,0.7613301254,-0.02328070369,-0.07966025906,0.1715192773,0.2065863425,0.1859270909,0.1084157486,0.5234145122,0.2019650347,0.4954607062,1.042260759,1.010543117,0.7145994694,0.3620019652,0.2851259507,-0.1117485229,-0.1369255413,0.4969865725,0.5789646033,0.07581179606,0.126527994,0.4564481686,-0.05702865261,0.1432451918,-0.00252465905,0.1658386556,0.8320511436,0.2659828041,0.06782353806,0.1426958758,-0.0009048675141,0.05932416353,0.33891086,-0.09740991387,1.475146926,1.102482099,0.4007343726,1.662130274,0.759457928,1.351589687,1.095259786,1.657935252,2.083104552,0.1754584316,0.9317711314,0.2374052402,0.7219739894,0.6147436301,0.2203409861,0.2663497082,-0.0460175481,0.121228914,0.08753397288,-0.2042871465,-0.3423827342,0.2550104329,0.4226872824,0.74677733,0.0788451845,0.1980185689,0.1114564303,0.4589817801,0.04721139812,0.3915081031,0.0276288324
0.1466152771,0.3289364869,0.006338792123,0.3842678507,-0.005619964858,0.7774869021,0.1402541512,0.2224851216,0.07771778671,0.714438898,0.2072827387,0.6172931199,0.2876734211,0.1542539729,0.7377206301,0.3933190767,-0.2105606279,0.02990686056,0.759577606,-0.02115269779,-0.08921018528,0.1579517723,0.2089553563,0.1796632126,0.1033162529,0.5270324283,0.1949555043,0.4870001012,1.051449906,1.016993835,0.7115031525,0.364626835,0.2802951334,-0.1024187456,-0.1348153169,0.4973092253,0.5781854142,0.07166580735,0.1214840169,0.4441843356,-0.0582591006,0.1434847561,0.0002733048935,0.1760280439,0.7944272912,0.2615363887,0.06366275995,0.150049512,-0.003553347775,0.05716883102,0.3216062257,-0.09959343787,1.469614661,1.099393568,0.3810781213,1.654664103,0.7569756344,1.346604218,1.091024092,1.655066501,2.076461397,0.1691556704,0.9203364547,0.2315124541,0.7112636133,0.5893009988,0.2197033946,0.2640725722,-0.04567871448,0.1259562481,0.08551976917,-0.2080093456,-0.3442921421,0.2539009219,0.4284186923,0.7401495714,0.07275190223,0.197838742,0.1152941321,0.4512694559,0.0413926504,0.3920102388,0.02314997768
0.1487944274,0.3265834544,0.006131489759,0.3768339264,0.001024689688,0.7922982891,0.1392609386,0.2122100341,0.07077560152,0.7038858815,0.210759487,0.5933795182,0.284304798,0.1571732328,0.7498652157,0.4049680191,-0.2083480901,0.0294347924,0.7590989301,-0.01806093937,-0.09554852318,0.1455972632,0.21351405,0.1723754696,0.1007434068,0.5317312213,0.1885607916,0.4776640951,1.061534102,1.018975971,0.711828978,0.3647704966,0.2763656811,-0.09078202797,-0.1336712819,0.4968444376,0.5770932523,0.06770365283,0.1144277971,0.4317258966,-0.05865745319,0.1360486734,0.002974284484,0.1829900245,0.7484977497,0.2564357101,0.05766266966,0.1574144017,-0.003766390706,0.05475154847,0.3089320468,-0.09997232678,1.464377187,1.098026612,0.35666081,1.651825622,0.7593412861,1.34322536,1.08671142,1.653472859,2.073380765,0.16450111,0.9103147019,0.2256463377,0.6983038129,0.5671609644,0.217312795,0.2580484157,-0.0457550754,0.1327044285,0.08392538076,-0.2094468253,-0.3464349481,0.2526263683,0.4295758321,0.7284393429,0.06675745313,0.1959768625,0.1166868378,0.4438531235,0.03446893572,0.3929585127,0.02240455939
0.1468043992,0.323494314,0.005431188154,0.3700161062,0.006104254088,0.8020898848,0.1381199201,0.2011759926,0.06539220721,0.6918326139,0.2117849034,0.5729301548,0.2833020898,0.1614971576,0.7585310383,0.4274151852,-0.20884943,0.03073959423,0.7587868094,-0.01498870341,-0.1021330294,0.1327489418,0.2185457504,0.1674182216,0.09490724189,0.5341630832,0.1810012666,0.474683068,1.068328392,1.013637373,0.7068685038,0.3649232842,0.2717651012,-0.07573360543,-0.1302355689,0.4970881425,0.5792903865,0.06274203304,0.1092909887,0.4180200255,-0.06000523501,0.1292814444,0.004277373177,0.1878846245,0.7002867572,0.2538018868,0.05583093594,0.1647283877,-0.003401025719,0.05269127475,0.2992661277,-0.1001030443,1.45541567,1.093337819,0.3333229782,1.64384466,0.7614604778,1.339398881,1.07899922,1.651951732,2.066624641,0.1613652777,0.8974062606,0.2174490291,0.6928831262,0.5500127513,0.2172176959,0.2564011204,-0.04779507363,0.1338785947,0.08055829615,-0.209644496,-0.3489903701,0.2493638896,0.4319146727,0.7162248766,0.05599966371,0.1957712648,0.1248510257,0.4359268901,0.02974786931,0.3855608707,0.02041991003
0.1452588813,0.3204039329,0.005738903665,0.3668933251,0.01051506444,0.8166097362,0.1351888381,0.1915180893,0.05874172087,0.6748736164,0.2149560871,0.5470280397,0.2832530129,0.1632851439,0.758677425,0.4429442723,-0.2085990021,0.02922402176,0.7561198245,-0.0122239021,-0.1071815027,0.1175329556,0.223003259,0.1629993185,0.09010913789,0.5375382142,0.1734624967,0.4614691725,1.074633621,1.001581805,0.7083697213,0.3648673655,0.2683096092,-0.05755693717,-0.1269618542,0.4988187372,0.5791858482,0.05850349286,0.1020776595,0.4065333623,-0.06070333285,0.1254248629,0.005783020619,0.1953319936,0.6471880842,0.2488688176,0.05420341094,0.171921162,0.002462281726,0.05764858567,0.2888012824,-0.09782807039,1.451338795,1.09015062,0.3090519301,1.64164508,0.7642430335,1.336128153,1.074743414,1.651515227,2.059393025,0.1571599572,0.8845664242,0.2124807283,0.6845740233,0.5382194278,0.2133429279,0.2546760717,-0.04815366972,0.1393066527,0.07752310376,-0.2132774937,-0.351325189,0.2467536831,0.4272468759,0.702698504,0.04629480954,0.1954050077,0.1381850999,0.4289948487,0.02521822635,0.3841627745,0.01637299241
0.1439032205,0.3187901102,0.00652509839,0.3626884668,0.01788360204,0.8305223937,0.1344619255,0.1835438656,0.05080490014,0.6586628145,0.2185950478,0.5254567824,0.2863183938,0.1664023031,0.7571329999,0.466984599,-0.2091976535,0.03427624217,0.7567919006,-0.01095388745,-0.1154422997,0.1054419954,0.229743268,0.1592529764,0.08454445823,0.5395357917,0.1666456317,0.447982172,1.080172967,0.9827694722,0.7051035479,0.3630891095,0.2603874443,-0.03505628499,-0.1251346065,0.5007889889,0.5801794756,0.05443827428,0.0962930848,0.3969897804,-0.06399693094,0.1212945236,0.01382451288,0.1996310791,0.5931704286,0.2488547967,0.05700969335,0.1804972228,0.009340896257,0.05940117448,0.2764109637,-0.09422016146,1.443938774,1.086978704,0.282571549,1.636461173,0.7633724,1.33280533,1.069249866,1.649580712,2.056095065,0.152054476,0.8710391679,0.2058985926,0.6725389557,0.528593193,0.2116587794,0.2524835421,-0.0486167171,0.1417121583,0.07284049085,-0.214947091,-0.3525607869,0.2442645202,0.4288133914,0.6899791167,0.03811414069,0.1973304733,0.1508403594,0.4267274884,0.02222382405,0.3836415554,0.0156379742
0.1401586684,0.3140106826,0.005977836511,0.3588518993,0.02276818605,0.8419287848,0.1334550816,0.1736418811,0.0449280849,0.6401587143,0.2260186986,0.5051720149,0.2912715509,0.1686635673,0.7527410821,0.4923204005,-0.207965041,0.0369416174,0.7560795363,-0.01217694269,-0.1216207422,0.08918837059,0.2363756161,0.1568041801,0.07696500468,0.5393919102,0.1567773684,0.4294218676,1.07972337,0.9565307603,0.7034070544,0.3624670237,0.2521227525,-0.01180798145,-0.1242173747,0.5009244061,0.5808560849,0.05315449362,0.09050853672,0.3916163691,-0.06254637585,0.117598647,0.02456424838,0.2075270245,0.5313117855,0.2568953302,0.05724851718,0.1904042728,0.01523685157,0.06137013228,0.2688085328,-0.09378528566,1.440872169,1.08645688,0.254308478,1.630040057,0.7627853052,1.328174027,1.063169018,1.649215262,2.05365612,0.1483302438,0.8565255086,0.1983592576,0.6574061706,0.5239823274,0.21235312,0.2539718721,-0.04952143081,0.1477530979,0.07058017744,-0.2159046715,-0.3554727476,0.2445414416,0.4262318607,0.6684602292,0.02774447769,0.1971620479,0.1665034045,0.4235886039,0.02182854249,0.3816112028,0.01379267632
0.1385481093,0.3107777639,0.009075442365,0.354989603,0.03229871823,0.8513854384,0.1322917898,0.1615838844,0.03481650338,0.6223425959,0.2298228828,0.4785402247,0.2951677505,0.167834765,0.7394806142,0.5175532934,-0.209388823,0.03934770869,0.7529843493,-0.01518644885,-0.1317788447,0.07256357408,0.2412867376,0.1541502744,0.06710122304,0.5396676403,0.1487947731,0.4117958778,1.074284505,0.9253671037,0.6989613066,0.3606712139,0.2372800146,0.01106985265,-0.1250374131,0.5016416259,0.5832982547,0.05257414945,0.08452920818,0.3887609564,-0.05938843362,0.1179061776,0.04462341818,0.2219575745,0.4598487985,0.2657139783,0.05695029463,0.202335533,0.02246388331,0.05779532691,0.2613399707,-0.09174811644,1.437365192,1.086127692,0.2279838073,1.624342412,0.7641894846,1.324455487,1.057886247,1.647642206,2.05408967,0.1424877368,0.8394415797,0.1945710644,0.6382423493,0.5154340896,0.2115292117,0.2528174204,-0.05161505137,0.1529148741,0.0667511087,-0.2189100714,-0.3600308486,0.2436857535,0.4214421572,0.6483608841,0.01526011657,0.1972767552,0.1808602476,0.4245506314,0.02138572906,0.378030824,0.01354631856
0.1367133555,0.307766329,0.01071088827,0.3478603808,0.03813266854,0.8589657187,0.1311908633,0.1504906321,0.02295661004,0.6026848602,0.2357475554,0.4590407443,0.3023143918,0.1691956842,0.7231382992,0.5498893184,-0.2107239112,0.04339154543,0.7541824822,-0.01876128536,-0.1425605686,0.05547886678,0.2436502199,0.1522155975,0.05404844315,0.5357688861,0.1358103543,0.3879564675,1.064818703,0.8835841279,0.6925305569,0.3583812617,0.2214087475,0.03293969188,-0.1262908532,0.5022945678,0.5825960888,0.05405830348,0.07828204982,0.3821587385,-0.05745628809,0.1208055533,0.06714751458,0.2336732932,0.3878748441,0.2752869606,0.05810447326,0.2156907027,0.03118013608,0.06060591906,0.2555590858,-0.09160807938,1.434749682,1.084245095,0.2053935878,1.621690427,0.7637669216,1.319516937,1.049416684,1.64599644,2.052459363,0.1409280481,0.8214838601,0.1904671268,0.621940205,0.5114813207,0.2126422992,0.25425637,-0.05304314411,0.155384204,0.06241205401,-0.2207736661,-0.3642292341,0.2375711672,0.4136867823,0.6238902641,0.002517629032,0.1984998549,0.199071054,0.4241641362,0.01933096549,0.3692809889,0.01132943264
0.1384044304,0.3052403592,0.01044230185,0.3448235475,0.04607320457,0.8600928662,0.128473249,0.1403520377,0.008223802913,0.5844135097,0.2417438646,0.4379411072,0.3050233639,0.170558138,0.7040562483,0.58269451,-0.2108276778,0.04949733806,0.7566264589,-0.02327360994,-0.1523657465,0.03763436935,0.2467291485,0.1495088666,0.03938205173,0.5300518835,0.1242295137,0.3688818429,1.056122597,0.8387804789,0.6959310156,0.3575323471,0.2076153431,0.05781308045,-0.1247626238,0.5052343568,0.5849299638,0.05984989586,0.07306502048,0.3823268377,-0.05556984653,0.1273028519,0.09607365203,0.2442890374,0.3161275928,0.286271427,0.06318757016,0.2330731003,0.04056452642,0.06345542687,0.2512796733,-0.08829022727,1.425263932,1.081697417,0.183033408,1.615480486,0.7644762751,1.315307848,1.044946986,1.645194874,2.048582367,0.1402829846,0.8021164963,0.182465826,0.6002561826,0.5106880499,0.2160556226,0.2563739643,-0.05267747322,0.1572984973,0.05775758932,-0.2221202116,-0.3685568489,0.2289393274,0.4097431619,0.6045007472,-0.008937685414,0.2038720309,0.224299773,0.4216360739,0.01626244571,0.3607726064,0.009293307684
0.137896716,0.2987236488,0.00819619676,0.3426003238,0.05344370107,0.863918123,0.1247770333,0.1321705761,-0.005115170718,0.5692630119,0.2506769538,0.417148031,0.3089231721,0.1708896388,0.6851840184,0.6123840795,-0.2141403037,0.05230024569,0.7577049228,-0.01957026528,-0.1562990706,0.0229164716,0.2506221115,0.1489734154,0.02977797099,0.5287939743,0.1162717393,0.3500576575,1.051135113,0.7992845562,0.6912542987,0.3575067791,0.200358986,0.08188374323,-0.1260795088,0.5056643787,0.5882562463,0.06743841413,0.06823147352,0.3800986505,-0.05344999115,0.1287208068,0.1243267181,0.259592036,0.2445464818,0.2952939282,0.06855107001,0.2511030736,0.05018784924,0.06771102547,0.2478238135,-0.08622139962,1.413625824,1.08282802,0.160634326,1.61285024,0.763434015,1.311358945,1.038722861,1.643735994,2.04789042,0.1397365628,0.7790851018,0.1755212973,0.5821324404,0.5141013674,0.2143971703,0.2551028826,-0.0515741167,0.1579114125,0.05329791465,-0.2229658572,-0.3730617845,0.2228801776,0.4047501558,0.5826443724,-0.01517228144,0.2072430364,0.2469804619,0.4208516241,0.0138753444,0.353645963,0.006142800274
0.1387608308,0.2893439348,0.008579307343,0.3389042142,0.0591280055,0.8679326609,0.1221223189,0.1201458272,-0.01901996593,0.5530754463,0.2539794447,0.3963853097,0.311939416,0.1702106382,0.6635944172,0.6391035778,-0.2177728796,0.05861460807,0.7592673821,-0.01081488525,-0.157161763,0.01299144359,0.2589705256,0.150933058,0.02383148894,0.5312189455,0.1154694697,0.3311483237,1.04726926,0.7642152186,0.6901006312,0.3571289207,0.193064273,0.1068275556,-0.1245238032,0.5060263618,0.5909223258,0.07589628185,0.06651348098,0.3790133184,-0.05202447213,0.1345537518,0.1560743035,0.2727695971,0.1710897677,0.3034152881,0.07494728833,0.2698348921,0.06133668006,0.07118405537,0.2465578342,-0.08385801246,1.408931681,1.082859023,0.1414314737,1.611697213,0.7630639873,1.309922484,1.030701637,1.641278976,2.046158778,0.1412635625,0.7538188648,0.1693225951,0.5626807195,0.522821007,0.2142060404,0.2551583475,-0.05001567522,0.1592148062,0.04884369839,-0.2228074156,-0.3740618666,0.2157742181,0.3984399139,0.5637431471,-0.01889677464,0.2134953772,0.2648004112,0.4211701441,0.01444625216,0.3464779845,0.007918016907
0.1401614857,0.2789894131,0.01273196702,0.3398460318,0.06365669958,0.8667901432,0.1191278024,0.109630721,-0.0296702255,0.5385297116,0.2583148803,0.3734965899,0.3168678542,0.1656913297,0.6446268101,0.6718295621,-0.2215503414,0.06513590122,0.7575099144,-0.001125476063,-0.1569867165,0.007385246057,0.2657847371,0.1502910818,0.02239008708,0.5349293201,0.1163312177,0.3136895713,1.045263356,0.732046158,0.6914842526,0.3584623348,0.1865988551,0.1331854336,-0.1212022689,0.5060745631,0.5940868244,0.08555915386,0.06480130039,0.375843548,-0.0510750429,0.1447145841,0.2002448226,0.2809170185,0.1020406523,0.3106569505,0.08307241914,0.2870053663,0.06939238538,0.07838386166,0.2465901144,-0.08001114698,1.404244579,1.080577003,0.125575703,1.609555806,0.7634344795,1.306956675,1.0272937,1.641495891,2.045723716,0.1396895421,0.7248856855,0.1626927955,0.5376162316,0.5338056629,0.2155156144,0.2536657903,-0.05104864916,0.1612411952,0.04784218872,-0.2232585514,-0.3778102218,0.2100598322,0.3894202442,0.5439397156,-0.02030212956,0.2190725573,0.2908404107,0.421017699,0.01388802423,0.3396510751,0.004726863329
0.1386138855,0.2670432481,0.01479128866,0.3381620825,0.07107539898,0.8696775336,0.119609352,0.1014083535,-0.04231523861,0.5237257521,0.2639316902,0.3538390016,0.3208303317,0.1639099593,0.6277819007,0.7059758082,-0.2259311347,0.07148880264,0.7573415861,0.008683061115,-0.1531593028,0.003799180309,0.274861448,0.1518990507,0.02646697026,0.5422658384,0.1195278035,0.2980307543,1.040343399,0.6960083563,0.6982052566,0.3590860752,0.1875614811,0.1554401982,-0.1186113229,0.5073597483,0.595278259,0.09624648116,0.06384176796,0.3749483912,-0.04818966621,0.1514299972,0.2415893561,0.2891856539,0.03168037778,0.3264964546,0.08579615781,0.3032546837,0.07493540061,0.07859828231,0.2449169652,-0.07800912664,1.399183788,1.080343567,0.1127882197,1.609209044,0.7612247024,1.304544908,1.024965765,1.639247758,2.043462367,0.137813625,0.6921806153,0.1553855969,0.5100986112,0.5459928482,0.2154792827,0.2540090195,-0.05140178903,0.1633338943,0.04712756622,-0.2226895201,-0.3791342815,0.2049038343,0.3779246263,0.5301112787,-0.01732203777,0.2204617823,0.3122731342,0.4246142226,0.01530417252,0.3349123579,0.002353069849
0.1372132307,0.257041115,0.01698244942,0.3361263342,0.0803150347,0.8670159997,0.1202552787,0.0963656265,-0.051020248,0.5076712746,0.2726833109,0.33631977,0.3237090881,0.1613343504,0.6119884907,0.7413056058,-0.2309267172,0.07741384107,0.7568847245,0.01983683008,-0.1488583811,0.00356901966,0.2861967123,0.1535385127,0.0309768038,0.5488722188,0.1248945633,0.2844373762,1.039308652,0.662185929,0.7000512221,0.3586466623,0.187862162,0.1728426859,-0.1179987156,0.506479781,0.5943853813,0.1069877081,0.06104688416,0.3736596304,-0.04757201545,0.1543008574,0.2818936286,0.2826646654,-0.03142356854,0.3438785337,0.0871541355,0.3189134815,0.08124293739,0.08054478285,0.2418796496,-0.07697815091,1.392530933,1.079695119,0.1054269143,1.607609158,0.7578904415,1.303008105,1.020529929,1.638311234,2.037975307,0.1332471786,0.652282518,0.1535382413,0.4820583756,0.5546939211,0.2202740674,0.2519311986,-0.05392564137,0.1613535596,0.04815197977,-0.2231992917,-0.3804056171,0.1986883969,0.3755737298,0.5153076254,-0.01420319042,0.2236502651,0.3331690059,0.428095414,0.01663436415,0.3332313268,0.001747432399
0.1376746037,0.2481513641,0.01783640428,0.3293401894,0.09200399347,0.862951651,0.1191844658,0.09062894663,-0.05793276343,0.4947056129,0.2788046669,0.3212845388,0.3272929639,0.158179659,0.5997311332,0.7825549841,-0.2353802923,0.07940321431,0.7572039379,0.02901091688,-0.1419866662,0.007877176814,0.2979554364,0.1587012402,0.04022423525,0.5572434705,0.1284898248,0.2704784674,1.042448707,0.6333426962,0.7011231897,0.3583696281,0.1871073087,0.1883941093,-0.1180797841,0.5059279497,0.59561544,0.1199571485,0.05943206715,0.3653335621,-0.0479212666,0.1638841866,0.3204997743,0.2766789171,-0.09327796024,0.3670517526,0.08925500688,0.3339105842,0.08718739662,0.08473972635,0.2376634864,-0.07348535719,1.389759386,1.077092968,0.09702769715,1.605784789,0.7565616021,1.30323448,1.013987659,1.636024848,2.033815773,0.1279348153,0.6097431032,0.148094963,0.4522929991,0.5636157558,0.2195753794,0.2554209412,-0.05449682103,0.1575149626,0.04614435824,-0.2219022332,-0.3821841192,0.1964150562,0.3676959241,0.5008900949,-0.00987719494,0.2249478577,0.3572452227,0.430486484,0.019144656,0.3304237138,0.003887939772
0.1384893557,0.2397532824,0.02032362362,0.3234964171,0.1030137041,0.862969654,0.1168364107,0.09027802438,-0.06635693139,0.4846543785,0.2861461418,0.3055425724,0.3267741081,0.1543769085,0.5862611153,0.8186890093,-0.2392186263,0.08369626708,0.7587916341,0.03495008061,-0.1372657432,0.008839486425,0.3121262453,0.1635977225,0.045796342,0.5651037834,0.1330529707,0.2570110273,1.042509518,0.5987542299,0.7088608147,0.3573890215,0.1907048736,0.2022479162,-0.1156114816,0.5060917881,0.5975793535,0.1326957879,0.0595753665,0.3610416794,-0.04823998102,0.1729804382,0.362120263,0.2721471609,-0.1480471659,0.3916524008,0.09360831879,0.3485556994,0.09241625411,0.08580336964,0.2343381293,-0.07141817006,1.386722068,1.074550907,0.0879822566,1.599799386,0.7586065941,1.301959572,1.006041277,1.633480958,2.032736231,0.1226443478,0.5624217679,0.1425905936,0.427285522,0.5705733763,0.2206224798,0.2543895243,-0.05527893957,0.1535082053,0.04296205659,-0.2202634093,-0.3838627763,0.1919891948,0.36072815,0.4905842601,-0.007685498469,0.225220232,0.3819314006,0.4292161806,0.02019228349,0.325675418,0.004231571639
0.1355025985,0.2298231161,0.02575759051,0.3150993468,0.1151305423,0.8610509416,0.1163716998,0.09072500079,-0.07236296056,0.4757045942,0.2928632538,0.2923623859,0.3272053352,0.1528856327,0.5745302982,0.8537697395,-0.2439890529,0.08590076592,0.7577511904,0.04036741449,-0.1355475295,0.008962263858,0.3207652969,0.1688290217,0.04699973009,0.5695780637,0.1306062584,0.2454437353,1.036705744,0.5634060893,0.7105092303,0.358843373,0.1940250355,0.2120337987,-0.1090755422,0.5053751711,0.5987539324,0.1448446808,0.05757906663,0.3569190722,-0.04883635719,0.1810042022,0.4013794251,0.2695911541,-0.1966009846,0.4169940496,0.09238388581,0.3590236891,0.09569003461,0.08585838479,0.2261072797,-0.07087666085,1.38222648,1.071743057,0.08147575568,1.599590763,0.7588015322,1.298672223,1.00013908,1.632493235,2.034260026,0.1151046731,0.5113118423,0.1377089922,0.4093152968,0.5851606389,0.2182702304,0.2536075714,-0.05962759593,0.1491181325,0.04247706155,-0.2200812638,-0.3842708037,0.1880283214,0.3578351134,0.4804061078,-0.0074812745,0.2250814109,0.3997230379,0.4315960083,0.02351429487,0.3238852654,-0.0003717500486
0.1389800442,0.2190920099,0.03430934132,0.3078096863,0.1296046354,0.8618612212,0.1169590031,0.09064342246,-0.07622932739,0.470677433,0.3012669143,0.2780063928,0.3259283738,0.1486644435,0.5628245114,0.886433938,-0.2473279513,0.08570952236,0.7605863386,0.04708466226,-0.1353144529,0.008112468869,0.3268151221,0.1749448888,0.0501093079,0.5717785564,0.1316589994,0.2300655325,1.031002949,0.5294980642,0.7064206967,0.3582741812,0.1976589234,0.2199909307,-0.1004199423,0.5069687984,0.5951599792,0.1570919026,0.05251608075,0.3490791075,-0.05138489965,0.1933546758,0.4358361992,0.264383074,-0.2384481642,0.4480740076,0.09242013951,0.3693410975,0.1022342684,0.0857947559,0.2154337293,-0.06820283261,1.379059637,1.073310749,0.07490076243,1.60333555,0.7604870542,1.2967067,0.9997936139,1.631811733,2.03491614,0.1075949447,0.4573424695,0.1356731498,0.3983558787,0.5960782738,0.2184667946,0.2518086121,-0.06081543242,0.1442299611,0.04070045885,-0.2206286705,-0.3836453499,0.1856657905,0.3476562072,0.4735207062,-0.005704475526,0.2250976351,0.4101356063,0.4400995971,0.02655861088,0.3234350011,-0.001784729174
0.1407039051,0.2101354106,0.04517188974,0.2972372026,0.1456207315,0.8570696346,0.1174564113,0.0914155915,-0.07973632469,0.4675302561,0.3056916578,0.2651950989,0.3228706913,0.145432147,0.5529455315,0.9209168657,-0.2517899182,0.08532342951,0.7623242602,0.05561380463,-0.132553977,0.01168926388,0.3337463036,0.1812545265,0.05516023036,0.5778004973,0.1302172553,0.2238465499,1.026899531,0.4976828163,0.7006067579,0.358038485,0.2000587118,0.2265978916,-0.08647323939,0.5073889733,0.5931631246,0.1664291339,0.05008553721,0.3402817184,-0.05482135299,0.2023750541,0.4694084413,0.2550038641,-0.2742718977,0.4847921584,0.09330579495,0.3784005066,0.1029364055,0.08363045074,0.2050194835,-0.07184714699,1.37758755,1.074372162,0.06765653506,1.606870272,0.7606955485,1.296754378,0.9988556858,1.631572383,2.036823575,0.1069103802,0.4021733497,0.131520441,0.4015643306,0.6042156682,0.2186385166,0.2493420243,-0.06426164632,0.138271758,0.03617549741,-0.219517916,-0.3823986336,0.1846649543,0.349670887,0.4706711424,-0.00181931989,0.2255626722,0.4162282738,0.4420039888,0.02908224809,0.3203067286,-0.001103381079
0.1465891054,0.2006241712,0.05497652123,0.2884926149,0.1637826613,0.8551042424,0.1160148809,0.08997398515,-0.07921393275,0.4668593349,0.3095044796,0.2532934466,0.3210549667,0.1418242519,0.5408650579,0.9524417757,-0.2553853769,0.08056430251,0.7657216711,0.06680145941,-0.1287496945,0.01607767622,0.3444013002,0.1867298641,0.06099664281,0.5873826235,0.1342270621,0.2146325418,1.024638774,0.4698919206,0.6980253703,0.3586458867,0.2085350728,0.2270188994,-0.07232815308,0.5085724162,0.590271209,0.1753344205,0.04754443321,0.3370031756,-0.05448706686,0.2107333922,0.5031376596,0.2503350602,-0.3084168457,0.5273718741,0.08951349374,0.38379748,0.1022593262,0.08203090966,0.1947844973,-0.07520688456,1.380993063,1.076343326,0.06284506735,1.611222127,0.7643477663,1.296428801,0.9994191813,1.633864707,2.035972413,0.1080264467,0.3448475968,0.1278242534,0.4163455327,0.6125528803,0.2191591167,0.2485184407,-0.06631203486,0.1336073749,0.03576986325,-0.2210404384,-0.382200532,0.1839838835,0.3520621444,0.4653220313,0.003626088133,0.2231370994,0.4184591832,0.4439717112,0.03096341702,0.3184005285,-0.003050771446
0.1500616924,0.1921634288,0.06871703452,0.2758647593,0.1845457988,0.8531381385,0.111688508,0.09302511752,-0.08052386319,0.4701217673,0.3177181132,0.2459376077,0.3170584481,0.1363282511,0.5256205981,0.9777081949,-0.2606313873,0.07879857746,0.7681098545,0.07851856543,-0.1223662711,0.02481721268,0.35819651,0.1926294175,0.07023946945,0.5941607224,0.1405871174,0.2121245354,1.027368694,0.446233817,0.6927358221,0.3550262949,0.2167107529,0.2250169302,-0.0605590605,0.5103620065,0.5885302098,0.1815328769,0.04519189783,0.3312106729,-0.05688474576,0.2194240331,0.5328358271,0.2442157235,-0.3326108307,0.5608444133,0.0865064846,0.3866779026,0.1032953761,0.08065440297,0.1814334617,-0.07690258256,1.380913844,1.075824637,0.05887011697,1.61358225,0.768059952,1.297821763,1.001292501,1.635500885,2.036415736,0.1100597482,0.2860657492,0.1257249668,0.4351601261,0.6206506507,0.2139222954,0.2463621619,-0.06979811307,0.1249215884,0.03251810076,-0.2198095012,-0.3800012075,0.1787063948,0.3535685303,0.4718678954,0.01180837839,0.2222126148,0.414367749,0.4500031459,0.03116899146,0.3150689702,-0.004812153116
0.1521979718,0.1820790924,0.07802621268,0.2630483182,0.2085430082,0.8500188432,0.1139555773,0.0944849821,-0.08243105869,0.4709510972,0.3274035444,0.2413876234,0.3130079209,0.1326557312,0.5117760743,0.9998240475,-0.2646995572,0.07496724398,0.7722442068,0.09337702745,-0.114098303,0.03515436099,0.3709089376,0.2038624883,0.08333458381,0.6044029826,0.1468298881,0.2059460643,1.032517803,0.4250815498,0.6852039496,0.3525470774,0.2260462264,0.2243763807,-0.04545763742,0.5122318078,0.5860602359,0.1867758441,0.04129516869,0.3252564232,-0.06195837201,0.2246189952,0.5511042501,0.2303415696,-0.349888146,0.5930613938,0.08467823288,0.3876251423,0.1033063974,0.08160422181,0.1727366928,-0.07838361757,1.379234186,1.074107549,0.05877240575,1.618201567,0.7752998587,1.297176735,1.002728071,1.63523905,2.035885738,0.1148408176,0.2269693236,0.1217636979,0.4503669467,0.632992256,0.2133798807,0.2460163067,-0.07068731964,0.1173262912,0.02998363645,-0.2195904137,-0.3776025019,0.1746922458,0.3588752887,0.4712331277,0.02499130943,0.221598567,0.4055725901,0.449367712,0.03267649059,0.3121426572,-0.008266075585
0.1562373127,0.1732571205,0.08951080453,0.2576034418,0.2419716155,0.8472884992,0.1133852017,0.0965444264,-0.08066280579,0.4789596928,0.3353208057,0.2334273135,0.3073596883,0.1282267314,0.4958401631,1.022779882,-0.2676435935,0.07040432426,0.7751709005,0.1101026097,-0.1076576953,0.04721059861,0.3834601773,0.2122929693,0.1011818532,0.618334671,0.1556142284,0.205543452,1.039630326,0.4092178551,0.6800636298,0.3483280464,0.2383091198,0.221416726,-0.0275611676,0.5140136181,0.5866740131,0.1896820056,0.04093943972,0.3248309797,-0.06491768397,0.2253655307,0.5598144148,0.2175218405,-0.3615581167,0.6239423557,0.08508439725,0.3879629839,0.1016542489,0.07928799691,0.1672353098,-0.07905996305,1.376035549,1.075605963,0.05760651793,1.618795216,0.7812350399,1.299866971,1.006986458,1.638918906,2.037857161,0.1150161167,0.1694169072,0.1164696402,0.4665684144,0.6516082523,0.2100222971,0.244021491,-0.0726980266,0.1083984426,0.03022888993,-0.220798063,-0.3766614974,0.1731135369,0.3637977566,0.4733382375,0.03710541552,0.220621403,0.3949964217,0.4511861146,0.03399939657,0.3132883961,-0.008697297082
0.1578257423,0.1669367676,0.1007931385,0.2470059429,0.2768055928,0.8512076849,0.1116360321,0.1009860794,-0.07804299867,0.4891108977,0.3417987594,0.229047409,0.3048259136,0.1239913544,0.4777742349,1.04964635,-0.2710428154,0.06221171033,0.7760381912,0.1287005887,-0.09770218344,0.0594338806,0.3947172255,0.2195392934,0.120610451,0.628895651,0.1621767528,0.2044351791,1.045676434,0.3929925551,0.6700039701,0.3415965001,0.2450847737,0.2178186065,-0.01028785147,0.5140304699,0.5847390273,0.1881638443,0.03840286799,0.3253797823,-0.06585048991,0.2223384238,0.5651363619,0.2051146296,-0.3694003546,0.6505974796,0.08156983627,0.3840252844,0.09913095347,0.07881347203,0.1592307759,-0.08134572249,1.378399425,1.077744377,0.05936427391,1.621414371,0.7794011605,1.302042629,1.006691718,1.639379454,2.040390111,0.1182363032,0.1107584144,0.1163626388,0.4884935797,0.6720565717,0.2080363931,0.239479452,-0.07586393719,0.09897451091,0.02889013666,-0.2205755101,-0.3737371388,0.1714458988,0.3656200664,0.4725666752,0.04940933316,0.2161251874,0.3766752346,0.4562422393,0.03455051399,0.312438781,-0.01012477907
0.1601175003,0.1590877423,0.1124528569,0.2340670818,0.3171541498,0.8489389448,0.113008515,0.1028034037,-0.07413857715,0.4970625217,0.3453934227,0.22974503,0.3002753554,0.1198248283,0.4627713131,1.07841521,-0.2733131914,0.05619577969,0.7773878278,0.1409901188,-0.0937615412,0.07039606833,0.403817715,0.2263993887,0.1384381623,0.633379016,0.1676620759,0.2055364529,1.048428075,0.373801367,0.6674387845,0.3322817581,0.2476384942,0.2126404421,0.0108696496,0.5137098267,0.5825714953,0.1841452753,0.03591321846,0.3309236455,-0.07047059523,0.2205862313,0.571025425,0.19204613,-0.3797597081,0.6726697363,0.07892249665,0.378929684,0.09503577758,0.07446691642,0.1493553013,-0.08583800803,1.378641136,1.075886774,0.06327113684,1.622885268,0.7778125585,1.302060152,1.007909703,1.640476729,2.040699641,0.1197732998,0.05681611536,0.1127244506,0.5088819066,0.6960491941,0.210800092,0.2386268549,-0.0796530573,0.09074829329,0.0289787019,-0.219360514,-0.3717063109,0.1692245297,0.3668946949,0.4806210381,0.05848757141,0.2141309913,0.3544050689,0.4571333833,0.03587765825,0.3121308682,-0.01248960367
0.1645639926,0.1542090502,0.1251619711,0.221880303,0.3574816488,0.8454571692,0.1107070557,0.1094881574,-0.07037250699,0.5069820577,0.3564718037,0.2298924017,0.2963655032,0.1154557744,0.4486450852,1.110048296,-0.2739794283,0.04921290774,0.7771095212,0.1444758438,-0.08830409903,0.07803163417,0.4052235812,0.2284205373,0.1521669072,0.6363351867,0.1709424036,0.2075569768,1.049644758,0.350693077,0.6628525386,0.3228156762,0.2511076751,0.2079244996,0.02978864876,0.5112710266,0.5786086401,0.1783676392,0.02986675917,0.3376725532,-0.0744836062,0.216878368,0.5706969252,0.1812945356,-0.3846680206,0.6896891046,0.07624893965,0.3686148786,0.08935899967,0.07167237249,0.1390838183,-0.08874304401,1.38108087,1.075062454,0.06645424172,1.624014892,0.7822009042,1.301062906,1.009496158,1.641746289,2.044367802,0.1233389534,0.003838633807,0.1097493116,0.5316857349,0.7183186289,0.2114696679,0.2363014273,-0.08360374927,0.08099801775,0.02723982639,-0.2205561034,-0.3714621916,0.1677676469,0.3732546579,0.4824246531,0.06425859199,0.2091179744,0.3291959263,0.458430599,0.03607426573,0.3112002777,-0.01731915087
0.1668700409,0.1506577098,0.1373692922,0.2113780286,0.403367383,0.8463402437,0.1103888143,0.1159883675,-0.06788433253,0.5200290081,0.3640640064,0.2337877098,0.29047766,0.1137525122,0.4333139229,1.138106621,-0.2741124046,0.04085761503,0.7798495776,0.1525545041,-0.08212701719,0.08528867333,0.4079598632,0.2339195621,0.1690064678,0.6415789949,0.1731249716,0.2095512192,1.049867567,0.3294118478,0.6519779903,0.3112327239,0.2533564454,0.1982830157,0.04688492408,0.5095741355,0.5712119462,0.1724329716,0.02737636315,0.3392576737,-0.07873189151,0.207037095,0.552749174,0.1709267191,-0.3932823157,0.7002582588,0.07015278729,0.3558966097,0.08242189971,0.06645270136,0.1311152143,-0.09208592268,1.379895572,1.076435464,0.07345570934,1.623362405,0.780798414,1.30156908,1.010575761,1.641941108,2.043127243,0.1278026443,-0.04371659362,0.1082284974,0.5532992542,0.7397737355,0.2132916131,0.2378048725,-0.08599459002,0.07222724419,0.02609088636,-0.2215588044,-0.3695673434,0.1650817368,0.3799956167,0.4876064444,0.07128612325,0.2014666642,0.2991715584,0.4583056305,0.03901619734,0.3079792409,-0.01991764324
0.1709689111,0.1491270212,0.1525990967,0.2007068319,0.4455906062,0.8387282267,0.1097121503,0.1251841181,-0.06137821749,0.5317748763,0.3698263874,0.2356800609,0.2860311497,0.1124668334,0.4143267523,1.165828365,-0.2725989604,0.03417120806,0.7789857095,0.1631860915,-0.07517866432,0.09531041124,0.4124883026,0.2418852832,0.1825141823,0.6482948034,0.1779891817,0.2162990302,1.053422357,0.3105572815,0.63548283,0.2973031251,0.2464078847,0.1911707172,0.06682806229,0.5066984522,0.5672105956,0.1658482913,0.02555543503,0.3413316426,-0.08706040904,0.2024737651,0.5310257527,0.1697387946,-0.3974586266,0.7019098853,0.06432249542,0.3424466267,0.07441573805,0.06528579571,0.1247289073,-0.09614102872,1.381257873,1.076380076,0.07907201248,1.625879688,0.7882806842,1.302891332,1.011897288,1.643702267,2.046464759,0.1341006282,-0.08574421677,0.1076974582,0.5746457256,0.7604857238,0.2092323915,0.2366436958,-0.08992392704,0.06128590581,0.02376394834,-0.2216342825,-0.3663066092,0.1605877721,0.3859658229,0.4870278296,0.0776058246,0.1976480825,0.2710447178,0.4604082182,0.04136778111,0.3052903279,-0.02559436726
0.1749724853,0.1463266783,0.169639201,0.1901056462,0.4828343087,0.839604897,0.1074718982,0.1286983838,-0.05449762929,0.5457470356,0.3784855304,0.2407181173,0.2819257718,0.1121104033,0.3957879588,1.196990866,-0.271635754,0.02913687576,0.7795263229,0.1763000787,-0.06765997614,0.1100821203,0.4127653812,0.2494273605,0.1958655316,0.6565010559,0.1805839014,0.2225127288,1.058263969,0.2953776564,0.6283617721,0.2845792813,0.2418607727,0.185716837,0.09001663418,0.5046152046,0.5643442366,0.1608813019,0.02407626584,0.3461039825,-0.09250419701,0.202122662,0.5103484116,0.1664716032,-0.4023491831,0.6991452002,0.06283814182,0.3315008891,0.06484279068,0.0630051025,0.1181147254,-0.09901974667,1.389605482,1.078406236,0.08379315806,1.630111927,0.7887324287,1.30541123,1.014902983,1.644396471,2.05254185,0.1408751443,-0.1211338087,0.1062001299,0.592794686,0.7818009014,0.2043832644,0.236761927,-0.09252150355,0.05218008808,0.02089422045,-0.2222254928,-0.3645272689,0.1578219859,0.3890605896,0.4870459398,0.08311198097,0.1934636393,0.2442254679,0.4606443518,0.04425657651,0.3030785729,-0.029154485
0.1813104844,0.1412232453,0.1902932243,0.1814023673,0.516962103,0.8380178534,0.1080258806,0.1332842348,-0.05407612527,0.5580534329,0.386663425,0.2456687394,0.2789592063,0.1142715482,0.3769821903,1.226198405,-0.2709275585,0.02666077734,0.7774680333,0.1910170176,-0.05814627278,0.1250589488,0.4129505837,0.2558328908,0.20635314,0.6685953323,0.1848009973,0.2269815115,1.059723565,0.2785116508,0.6228163632,0.2727750326,0.2365272282,0.1794583295,0.116576253,0.5024171236,0.561609899,0.155768088,0.02187246852,0.3558699322,-0.09490842817,0.1980771544,0.4805853338,0.1598629308,-0.4052107503,0.690436245,0.06343458692,0.3186637222,0.05555566811,0.06191792524,0.1128404731,-0.1016429284,1.395764031,1.08065451,0.08934852665,1.635296888,0.7925231641,1.307033416,1.018707601,1.646111248,2.054997258,0.1476146714,-0.1524548694,0.108215947,0.6092909221,0.7952738262,0.2053464446,0.2366386361,-0.09470806253,0.04522038039,0.01925616482,-0.2239272497,-0.3608681696,0.1507566351,0.391644816,0.4919798834,0.09041835649,0.1899957088,0.2205670314,0.4664744652,0.0474129094,0.3006370806,-0.03321070544
0.181883036,0.1374929187,0.2167125165,0.1717787578,0.5497989129,0.8316735927,0.107334338,0.1332621008,-0.04972843117,0.56800902,0.3958681625,0.2517862083,0.2765781954,0.1140613729,0.3617624446,1.263097662,-0.2696196789,0.02451865275,0.7754857841,0.2030033342,-0.04850319683,0.1427442358,0.409372239,0.2628800273,0.2183895957,0.6784866477,0.189861545,0.2326311079,1.064761249,0.2682027803,0.6140578534,0.2600356256,0.2311173105,0.1722066725,0.1388657439,0.5000313478,0.5579456329,0.1501077216,0.01884478659,0.3617977142,-0.0971357081,0.1972175661,0.4461495153,0.1537307764,-0.4084797909,0.6809139396,0.06145107923,0.3033513113,0.0473959887,0.05653884861,0.1104645296,-0.1053217285,1.400681428,1.084203033,0.09497758354,1.641326046,0.792534482,1.310442049,1.021946677,1.647132844,2.056976301,0.1514317506,-0.1785815108,0.109346545,0.6208788328,0.8104749199,0.2057704705,0.2372516323,-0.09924121209,0.03705355298,0.01836821131,-0.2241811998,-0.3611560125,0.1470496963,0.3923439072,0.4938348676,0.09577624511,0.1861968386,0.1923244344,0.4788713508,0.04882040598,0.2992598361,-0.03530641616
0.186656409,0.1391889447,0.2509848258,0.1640876642,0.5838260338,0.8289090927,0.1074480211,0.1333312112,-0.04556617303,0.5752582264,0.4036154456,0.2590803334,0.2716130097,0.1123100132,0.3422387937,1.298848514,-0.2681144005,0.02473176476,0.7742106623,0.2145346545,-0.036786298,0.1628380678,0.4074282703,0.2683747454,0.2319169672,0.6934306493,0.1988598632,0.2418079418,1.072380409,0.2599728273,0.6047273623,0.2427693635,0.2235911064,0.16494576,0.1566483404,0.4971949949,0.5531488795,0.1436632619,0.01862297254,0.3698564784,-0.1019216016,0.1926610076,0.4066276641,0.1445813986,-0.4098676847,0.6704198844,0.06276829711,0.2884656656,0.03695740496,0.05584164825,0.1028996231,-0.1074340821,1.401639206,1.084682837,0.1021533186,1.645325317,0.7921666926,1.312821762,1.023907921,1.647960789,2.056015545,0.1574108963,-0.2027109834,0.1114851439,0.625613133,0.8160351746,0.2077514837,0.2376095284,-0.1010227841,0.02741984084,0.01404333776,-0.2243610581,-0.3621718015,0.1441161106,0.3899241949,0.4949343496,0.1029179227,0.1826275314,0.169205224,0.4881368612,0.05031659135,0.2934695442,-0.03394157316
0.192363062,0.1411360787,0.2877740761,0.1562239219,0.614693311,0.8278668371,0.1062309169,0.1360990375,-0.04647443303,0.5822195643,0.4111078009,0.269550287,0.2705433621,0.1116489737,0.324096645,1.333876676,-0.2649230993,0.02380790475,0.7696235308,0.2253346156,-0.02242365968,0.1869828367,0.4086658319,0.2722370672,0.2471569782,0.7099070902,0.2053823856,0.2529360499,1.083416861,0.2531213044,0.5991194602,0.2257642103,0.2194054959,0.1602991646,0.1709034701,0.4943723646,0.5507568919,0.138551362,0.01741509901,0.3759878067,-0.1048983862,0.1902062305,0.369601151,0.1390336264,-0.4119519013,0.6515810969,0.06320600425,0.2728716016,0.02645685266,0.05766837677,0.1001410653,-0.1089718021,1.406278456,1.084582382,0.1051216005,1.644853004,0.7878181285,1.313962231,1.024974442,1.647352435,2.055220112,0.1641952766,-0.2218573394,0.1112235694,0.6201211092,0.8152532249,0.2054239989,0.2398573307,-0.1040583459,0.01734698368,0.01020506466,-0.2231118924,-0.3622340116,0.1404979521,0.3942804109,0.4911402086,0.1108490405,0.1803702356,0.1518106258,0.4844872944,0.05392239282,0.2886066008,-0.03478312059
0.1953601899,0.1409651578,0.3270846304,0.1469996839,0.643109656,0.8312879147,0.1069083827,0.137706182,-0.04468742153,0.5884472969,0.4218639761,0.2800775518,0.2715524454,0.111832962,0.3077836525,1.36502844,-0.2633531402,0.02505815253,0.7694787899,0.2324166343,-0.01259432102,0.2068634417,0.40833924,0.2745230478,0.2575106513,0.7248662444,0.2130850653,0.2607887965,1.089775067,0.2475097916,0.5957022717,0.2109526576,0.2191454412,0.1543631999,0.1775762629,0.492399931,0.5469657094,0.1338652217,0.0183794303,0.3875130147,-0.1051060764,0.1879970321,0.3269694273,0.1324073019,-0.4142401464,0.6297385357,0.06078028331,0.2549049686,0.01882375007,0.05872827718,0.09488350233,-0.1088180825,1.408101508,1.082922379,0.1057634714,1.643348335,0.7839981693,1.313169421,1.02577074,1.647437556,2.056075229,0.1675350274,-0.2388704213,0.1107193844,0.6031914537,0.8134265622,0.2073502815,0.2424632854,-0.1065296202,0.008511680357,0.00651775382,-0.2257023361,-0.3631531764,0.1370432341,0.3941465233,0.4875981296,0.1155669817,0.175491959,0.1327773843,0.4873835342,0.05559336374,0.2847556655,-0.03788181845
0.1980159426,0.1409828393,0.3757334711,0.136247495,0.6716843921,0.8306612236,0.1070253623,0.1419488156,-0.04402850572,0.591034485,0.4306652827,0.288896989,0.2686170341,0.1109521881,0.292494599,1.386791709,-0.2606336143,0.02771818942,0.7667361769,0.2408639934,-0.003402909144,0.2223986355,0.4026308134,0.2741502103,0.2657036822,0.735026742,0.2164252321,0.2730737543,1.092118729,0.2393057142,0.5896165544,0.1971617826,0.2157246458,0.1504743131,0.1813179326,0.4903827125,0.544813749,0.1295043368,0.01727139976,0.3919443723,-0.1081197073,0.1853127847,0.2797201746,0.1268691097,-0.4141377779,0.5979360884,0.0585280476,0.2380114935,0.01086115356,0.05859691762,0.08475343573,-0.1093717734,1.407900179,1.081907557,0.1082764987,1.641959678,0.7802305343,1.311717716,1.026116206,1.64717869,2.054384598,0.1679364061,-0.2549044629,0.1132596886,0.5784984682,0.813627965,0.2073075839,0.2479209439,-0.109984658,0.003575707921,0.003247957192,-0.2244914986,-0.3644940019,0.1331024043,0.3955031466,0.4835163898,0.119448246,0.1717815553,0.1145283657,0.4901905728,0.05711508391,0.279891838,-0.03750722489
0.20152793,0.1381398437,0.4251361944,0.1306162135,0.6933223178,0.8315421633,0.1095157886,0.142728923,-0.04480335932,0.5910727749,0.4351005656,0.2989424381,0.2674944604,0.1105996069,0.2759411528,1.404420397,-0.2565092522,0.02639091038,0.7654420037,0.2443424488,0.003144822613,0.2390203874,0.3930540118,0.2717786665,0.2706574583,0.7492781787,0.2196370318,0.2817390491,1.094994521,0.2343337768,0.5861682615,0.1894992921,0.2147346759,0.1441973177,0.1861480189,0.4882760963,0.5442325276,0.1246062456,0.01885918318,0.3969006921,-0.1118025981,0.1787235466,0.2318155501,0.1182081363,-0.4151631721,0.5614487787,0.05774808092,0.2209625203,0.001398314761,0.05277992451,0.07917261012,-0.1082608313,1.409024717,1.084170985,0.1095427969,1.646910895,0.7789942652,1.309670228,1.026479381,1.647456829,2.054869921,0.1687957388,-0.2667456814,0.1157784449,0.5542949316,0.8065651713,0.212594866,0.2551470752,-0.1129912941,-0.003137537073,0.0006674175545,-0.226387946,-0.3657138488,0.1313359641,0.3963841993,0.4772135895,0.1223464393,0.1701037319,0.09824783355,0.4879138365,0.0578122646,0.2767745439,-0.03793439131
0.2040030532,0.1376067626,0.4803440655,0.1250232675,0.709032336,0.833764864,0.1069904377,0.1478387993,-0.04195103162,0.5895446556,0.4378774315,0.3056994444,0.2665716225,0.1103807026,0.2608750227,1.42090453,-0.2533328947,0.02690718372,0.764611125,0.2466267515,0.01177726249,0.2545789463,0.3850184621,0.2666974982,0.2742140979,0.7605698107,0.2228195514,0.2949875693,1.096773222,0.2291005843,0.5833357641,0.1817528847,0.2118209109,0.1358100141,0.1917482425,0.4858733251,0.5405118186,0.1206605623,0.02138439761,0.4033788844,-0.1155672706,0.1748095134,0.186974696,0.1099387912,-0.4152335713,0.5253235383,0.06123540042,0.2027618513,-0.004473986443,0.05281699436,0.06863997996,-0.1093655952,1.410601683,1.086656701,0.1060000905,1.648088211,0.7712399855,1.311743122,1.02742345,1.648457497,2.055251408,0.1676165505,-0.2753302478,0.1170396226,0.5354502138,0.7927606509,0.2157267735,0.2574002575,-0.1151268936,-0.009858776904,-0.002422037764,-0.2256692755,-0.3664826064,0.128760927,0.3964623753,0.4770357907,0.1228503334,0.167305521,0.08449409753,0.4919676954,0.0601716244,0.2760154827,-0.03978040479
0.2088082323,0.1374834576,0.5386078911,0.1177284135,0.7201809885,0.8369257158,0.1072931769,0.1516869431,-0.04016579386,0.5836356704,0.4418009571,0.3136243789,0.2664456825,0.1089147838,0.2472334071,1.436349852,-0.2507129073,0.02829117087,0.7617708222,0.2438098317,0.02051495091,0.268023708,0.3750053502,0.2614296253,0.2743296141,0.7677151041,0.2224142525,0.3092547181,1.094089978,0.2223049172,0.5804494633,0.1747730005,0.2071978663,0.1311447245,0.1930006002,0.4843959377,0.5381898871,0.1168396932,0.02332580383,0.4064072977,-0.1191263158,0.1755331692,0.1455714869,0.1094758449,-0.4153809136,0.4856774001,0.06190353364,0.1853585243,-0.008157736818,0.05324250295,0.05402551623,-0.1086524255,1.412919307,1.08623642,0.1050648497,1.652466464,0.7676736654,1.310581284,1.029915485,1.648016757,2.056551942,0.1699344531,-0.2830597978,0.1204193738,0.5168056715,0.7710928204,0.221558411,0.2614285735,-0.1187198771,-0.01417608999,-0.007872091243,-0.2252130801,-0.3666384845,0.1260485282,0.4003731228,0.4773225923,0.1240113618,0.1652832788,0.07203384102,0.5001857101,0.06353100977,0.2699790963,-0.04074121915
0.2117087169,0.1368765486,0.6027487148,0.1105392103,0.7238736526,0.8390391173,0.1079027536,0.1535723505,-0.04264789462,0.5756009049,0.4431132366,0.3203986867,0.2654128426,0.1094066265,0.2349282932,1.437569057,-0.2501464349,0.03166115969,0.7616175041,0.242069285,0.02731653686,0.2810327109,0.3661117843,0.2560477914,0.2746255097,0.7754371234,0.2243854329,0.3201519012,1.092432486,0.2173496354,0.579026738,0.1711266514,0.2056423155,0.1233934802,0.197127963,0.4840862324,0.5354757123,0.1145893671,0.02711343885,0.403312225,-0.1231253729,0.1772057453,0.1033605021,0.1065853795,-0.4152844221,0.443262957,0.06523477787,0.1680118592,-0.00937912057,0.04863620201,0.03967602656,-0.1080812125,1.418656315,1.090271365,0.1028289633,1.653033606,0.7678251901,1.310957957,1.031992373,1.648559603,2.054985565,0.1702365267,-0.2882405631,0.1204729437,0.5046631076,0.7465179529,0.2250897351,0.2674292887,-0.1218773292,-0.01769966351,-0.01435169559,-0.2247188339,-0.3685619228,0.1264197809,0.3988498138,0.4757376663,0.1245003392,0.1656716959,0.06556039581,0.5035440166,0.06807420824,0.2695120327,-0.04166181669
0.2120086093,0.1388928575,0.6665092911,0.1051628383,0.7224284051,0.843116488,0.105613411,0.1569537187,-0.04770820034,0.5678442039,0.447392409,0.3233304406,0.2671156181,0.1104024119,0.2197246319,1.435447375,-0.247845881,0.03416324738,0.7593795873,0.2415659223,0.03868139366,0.2961190435,0.3552917547,0.2521321398,0.2749027385,0.7856567918,0.2265553773,0.3335874976,1.09514085,0.2148782404,0.574775048,0.1670878633,0.2047360375,0.1180556824,0.1960965525,0.4838462883,0.5327762743,0.1138051604,0.02789719963,0.3987935828,-0.1246648687,0.1781911301,0.05870014281,0.1055980592,-0.4143544774,0.399303373,0.06412033493,0.1472407121,-0.01275318409,0.04816352293,0.02863570073,-0.1078082938,1.428626235,1.093532023,0.1028593968,1.656039284,0.7694987186,1.310572166,1.036505276,1.648560966,2.054749216,0.1703223848,-0.2932057086,0.1224627372,0.5052247768,0.7151398849,0.2259344488,0.2683192253,-0.1245724389,-0.02023372471,-0.02168484412,-0.2266923535,-0.3702685524,0.1263327517,0.3985678111,0.470109271,0.1280504781,0.1637310695,0.060307052,0.5085530881,0.07057619865,0.2682867921,-0.04134017765
0.2121511858,0.1387526465,0.7293565372,0.1013438727,0.7158455958,0.8488399636,0.1085514422,0.1597711364,-0.04830546541,0.559193636,0.4463698453,0.3285856926,0.2665100959,0.1102843314,0.2057169592,1.431536743,-0.2471423978,0.03639649832,0.7617876468,0.2432577509,0.04624671187,0.3096481999,0.344916029,0.250573194,0.2769294948,0.7941509445,0.2250015292,0.3472679708,1.094329534,0.2111207349,0.5732877991,0.1640228826,0.2047286848,0.112143933,0.1962741484,0.4855431794,0.5332359409,0.1148000038,0.03198572328,0.3947759053,-0.1266509288,0.1803454845,0.01671083649,0.09987793511,-0.4159648644,0.356718388,0.06684550737,0.1306549729,-0.01640958927,0.04692401575,0.02116915844,-0.1082389112,1.427024623,1.096086233,0.102914933,1.657701058,0.764677759,1.311894799,1.042108907,1.649248453,2.051379879,0.1696617067,-0.2971978375,0.1270066773,0.5095425352,0.6774705576,0.2312881838,0.2730594906,-0.1249319226,-0.02398333715,-0.0270184517,-0.2262468318,-0.3725155272,0.1270598332,0.3961623262,0.4677451514,0.1294570221,0.1643411849,0.05879218384,0.5160870966,0.07353592406,0.2674303983,-0.04175613298
0.2102677633,0.1370476247,0.7876910542,0.09430987491,0.7057298426,0.8493461126,0.1089052319,0.1620645288,-0.05134865779,0.546984816,0.4480620994,0.3333266113,0.2662737931,0.1116317673,0.1928277442,1.420149022,-0.2482363535,0.04032738709,0.7608969336,0.2424589132,0.05253889781,0.3231412311,0.3343811054,0.2464185846,0.2776425458,0.8008176612,0.2261519145,0.3606524874,1.094026224,0.2081026195,0.5740854706,0.160981686,0.2036470604,0.1047829519,0.1961506999,0.4847903613,0.5334362204,0.11606575,0.03391390597,0.3952614991,-0.1311543474,0.1832974752,-0.01881588283,0.09393250273,-0.4151032348,0.3170087891,0.06924316754,0.1133634973,-0.01637714935,0.04539261552,0.01185027812,-0.1082810759,1.429562087,1.098631734,0.101784236,1.657995914,0.7614628428,1.311788568,1.044611398,1.64990713,2.051997134,0.1720402982,-0.3034572373,0.1265556008,0.516510805,0.6410788186,0.2301246355,0.2756857481,-0.1268591938,-0.02633966437,-0.03170058299,-0.2295374404,-0.3727627791,0.1280532183,0.394798664,0.4679021064,0.1318631753,0.1667262218,0.05882094376,0.5225539461,0.07386689575,0.2729737853,-0.04288172652
0.2114638217,0.1386046804,0.8459759441,0.09391086015,0.6927566858,0.8552216536,0.1075592096,0.1626569173,-0.04979475812,0.5349386506,0.4507802456,0.3377807422,0.2680291339,0.1096050038,0.1803506259,1.399302006,-0.2493358606,0.04070875036,0.7628749766,0.2400537237,0.05997020984,0.3354626939,0.3215659074,0.2428008733,0.2792683873,0.8042991006,0.2247997814,0.373077845,1.094169734,0.205327676,0.5795319624,0.1605624121,0.2043506482,0.09924739934,0.1941583178,0.4847009636,0.5329373839,0.1170621793,0.03337022159,0.397246066,-0.1282476961,0.1878713197,-0.05082820093,0.08287119812,-0.4147299398,0.2777756263,0.07395573931,0.09415579782,-0.01644753982,0.04356850189,0.007278146879,-0.1078734257,1.432907799,1.102172505,0.1011406781,1.659281201,0.7583416793,1.312545335,1.048150109,1.649163673,2.050690725,0.1731560108,-0.3099540431,0.1295813106,0.5297537459,0.6049733907,0.2361207753,0.2782847857,-0.1274513629,-0.0260242042,-0.03583055949,-0.2310987069,-0.3746242721,0.1309716782,0.397816902,0.4664395095,0.1323303539,0.166268456,0.05800939445,0.5257386248,0.07556560818,0.2757140539,-0.04237150261
0.2083315075,0.1399478524,0.9027955383,0.09416925838,0.679032711,0.8594202068,0.1060107673,0.1684547226,-0.05102315048,0.5236944873,0.4467407069,0.3398771582,0.269554547,0.1062217736,0.1688707445,1.375708663,-0.2484550865,0.03945929865,0.7629889961,0.2374548925,0.06827443754,0.3460906219,0.3105277226,0.2367454017,0.2775456469,0.8052177895,0.2217639905,0.3850689784,1.089111697,0.1973768234,0.5808460658,0.1602257107,0.2038256596,0.09017936302,0.1939137245,0.4851991677,0.5343794087,0.1172643198,0.03436171977,0.3966170761,-0.1288912728,0.1910655244,-0.08136168084,0.075689675,-0.4137063796,0.2422409595,0.07903924586,0.07217416325,-0.01707117647,0.04350189921,0.005475947697,-0.1059622968,1.432326219,1.103065144,0.102234126,1.660732412,0.7571685455,1.309973201,1.04901146,1.650695215,2.047800836,0.1774626713,-0.3157907035,0.1317535464,0.5427345451,0.5722658837,0.2455632321,0.2814844583,-0.1272687755,-0.02699080694,-0.04061912962,-0.2316178353,-0.3760651191,0.1351718075,0.3949828718,0.4651845534,0.1324197469,0.1659144906,0.05832087062,0.5324954759,0.07578155065,0.2742422767,-0.04259997033
0.2072302551,0.143929287,0.9555120317,0.09473985146,0.6659144558,0.8655405323,0.1047090244,0.1752757826,-0.05058525284,0.5119877581,0.444266949,0.3364586454,0.2736527678,0.1019255451,0.1594628677,1.343571467,-0.2473798831,0.03669188627,0.7658674841,0.2310677677,0.07431464479,0.3574407781,0.2998794716,0.2322065487,0.2767754568,0.802752297,0.2196466389,0.3991269875,1.08626061,0.1945649401,0.5816230687,0.1564527884,0.2028562907,0.07935513063,0.1919739633,0.4853244795,0.5337457898,0.1156024488,0.03424484082,0.3936717909,-0.1298000538,0.1933205244,-0.1023690112,0.07248120566,-0.4132350925,0.2084480929,0.08172283919,0.04921250137,-0.01717681416,0.0428648925,0.003847870273,-0.1051215858,1.433894223,1.103886546,0.1021925583,1.65736766,0.7524735608,1.309751623,1.052464427,1.651027522,2.049419567,0.18070294,-0.3212359151,0.1331707736,0.5571935529,0.5494286948,0.2471105154,0.2800941205,-0.1289873791,-0.02850508965,-0.04657280092,-0.2326314872,-0.3782663408,0.1389529969,0.3932649464,0.4605485735,0.1330618562,0.1646123226,0.06098183492,0.5345635985,0.07607122531,0.275271526,-0.04385523088
0.2091656127,0.1454156169,0.9989986277,0.09530691624,0.6544120821,0.8764503096,0.1040655923,0.1842835808,-0.0509174251,0.5029681875,0.4406556445,0.3376158373,0.2741028197,0.09863056081,0.1485572832,1.305222879,-0.2470825908,0.03191248296,0.7686384268,0.2304653271,0.08193733118,0.3681029154,0.2875224399,0.2279412421,0.274474393,0.8017147867,0.2159985879,0.4132936454,1.080849437,0.1893953958,0.5809522108,0.1501737881,0.1997557607,0.06780966152,0.1871684667,0.4840112463,0.5312359077,0.1146185032,0.03205362718,0.3903011014,-0.13141304,0.1943487246,-0.1222848867,0.06419168042,-0.4131067567,0.1732441546,0.08371126264,0.02609068745,-0.01662044875,0.04184129285,-0.0005494659676,-0.1033968821,1.430845436,1.102148121,0.1004407405,1.658032292,0.7474915324,1.307178871,1.055038646,1.651048839,2.046452543,0.1854624675,-0.3268938685,0.1323153156,0.5749516312,0.5238340208,0.2522376426,0.280929681,-0.1295467065,-0.02909170247,-0.0502992303,-0.2340804029,-0.379327971,0.1424080128,0.3934037763,0.4584463113,0.1351024384,0.164320682,0.06342727903,0.532272972,0.07777098856,0.2736442083,-0.04500577506
0.2073693203,0.1442929981,1.032525576,0.09643454423,0.643686062,0.8822075142,0.1020592992,0.192010828,-0.05586421176,0.4945721389,0.4375092642,0.3352296213,0.2761446227,0.09397171404,0.1411195728,1.264643622,-0.2459908621,0.02520383292,0.7738279855,0.2293475641,0.08733144771,0.3767724253,0.2759052064,0.2228602421,0.2754170899,0.7981018073,0.2095238711,0.4260261768,1.07457368,0.1866260438,0.5803122138,0.1467911592,0.2003730137,0.0560754869,0.1892409738,0.4856563476,0.531017135,0.1136121504,0.03066382347,0.3849041632,-0.1309310451,0.1977028773,-0.1351794413,0.060970349,-0.4134610452,0.1404642299,0.08775426743,0.004328469843,-0.01356080291,0.04140978541,0.001559342002,-0.09821198555,1.432591669,1.103996101,0.09863811028,1.653419242,0.7442488282,1.305348593,1.058152377,1.650787587,2.046960494,0.1888196465,-0.3311266831,0.1306143661,0.5896701804,0.5023061193,0.2536811319,0.2855335897,-0.1285581916,-0.02998534392,-0.05128463233,-0.2337931842,-0.3783098437,0.1451863169,0.3965427229,0.4562738862,0.1359635444,0.1645899895,0.06848042335,0.5317759194,0.07866985567,0.2718508138,-0.04714924025
0.2047281028,0.1461849163,1.059750627,0.09671910736,0.6362060771,0.886520917,0.1042758525,0.1986835807,-0.05783123052,0.4860795938,0.4367750691,0.3318050838,0.2752997304,0.08960346503,0.1353309269,1.217863812,-0.2445816688,0.02287158862,0.7765387638,0.2311574068,0.09650620074,0.3854841496,0.2662092087,0.2187168034,0.2728640989,0.7966280243,0.2092033961,0.4388728728,1.067672152,0.1873757247,0.5797890819,0.1441825764,0.1997263838,0.04009780942,0.1938899395,0.4860999198,0.5327717151,0.112814939,0.03202411418,0.3811073635,-0.1314684105,0.1961287177,-0.1452328047,0.06185335332,-0.4138590571,0.1098407762,0.0944009845,-0.01550458765,-0.008748673615,0.03810892779,0.003562309171,-0.09430857469,1.431887393,1.10551546,0.09785429491,1.652036186,0.7426565943,1.30208722,1.061586033,1.650769239,2.044358728,0.1917734562,-0.335824203,0.1309650393,0.6036186912,0.4895107635,0.2571987927,0.288022594,-0.1267496257,-0.02953353482,-0.04997392026,-0.2368811318,-0.3784448969,0.1506218441,0.3933922446,0.4547001225,0.1401680432,0.1610746971,0.07113032269,0.5327481041,0.07695958428,0.2702388954,-0.0508129771
0.2056157763,0.1471733729,1.084293427,0.09825724679,0.6305571028,0.8871508814,0.1007033876,0.2082955816,-0.06024748808,0.4768181643,0.435261827,0.3264972322,0.2711521921,0.08354473292,0.128469682,1.17790606,-0.2416190093,0.02052506193,0.7772334788,0.2347400992,0.109073877,0.3961040725,0.2562208871,0.2152499296,0.2722608699,0.7952580473,0.2081224897,0.4501327128,1.063289548,0.1898148792,0.5763447684,0.1386066057,0.1936810856,0.02415923845,0.2006834332,0.4850971383,0.5319465497,0.1104455987,0.02760542883,0.3745461607,-0.1348505045,0.1915740518,-0.1516733277,0.06419620433,-0.4162081981,0.07794329834,0.0984351819,-0.03649941124,-0.01003446932,0.0354019569,0.009301878263,-0.08815057416,1.43294226,1.106906496,0.0986074743,1.649840599,0.7414682152,1.301277646,1.061528723,1.648890401,2.04151811,0.1945810727,-0.3385884736,0.1307642328,0.6180400679,0.4788365327,0.2603578713,0.2896496504,-0.1263920738,-0.02813736072,-0.04763296165,-0.2360619624,-0.3780246921,0.1552755984,0.3894388147,0.4505907048,0.144052262,0.1600684235,0.0739226329,0.5341682483,0.07764744775,0.2709547796,-0.05207534595
0.2042434979,0.1494550591,1.099772867,0.09892619612,0.625126056,0.8912202112,0.1012173671,0.2113406902,-0.06272846009,0.4681465216,0.4376544391,0.3208695346,0.2694747369,0.07996523851,0.1239189979,1.133496898,-0.2384620818,0.01692229354,0.7783032005,0.2347835997,0.1206731711,0.4036878454,0.2455398522,0.2132789143,0.2762212467,0.7953638758,0.2053917959,0.4569936224,1.060069572,0.1929125252,0.5750495876,0.1318781875,0.1919222008,0.007303875313,0.2131262467,0.484086864,0.5317110817,0.1087288992,0.02557073806,0.3723856131,-0.1359589673,0.1911932977,-0.1590056565,0.06081236711,-0.4164667036,0.04585296422,0.1023210873,-0.05652409375,-0.008147027485,0.03595436437,0.01710777018,-0.0802651474,1.434981418,1.10706839,0.09742120748,1.647136487,0.7400824485,1.300574493,1.063424914,1.647605802,2.039522836,0.2005035105,-0.3397387917,0.1282127623,0.6330698215,0.4626360105,0.2634442088,0.2887759178,-0.1266376036,-0.03053839857,-0.04697361884,-0.2354896736,-0.3797328218,0.1593866867,0.3830121325,0.4430357959,0.1452311979,0.1611907647,0.07931717805,0.5321947962,0.07724337437,0.2734854259,-0.05820456869
0.2019746044,0.1534195877,1.111336672,0.09858851031,0.6197017953,0.8968697534,0.1044001378,0.2168281989,-0.06268680419,0.4642390291,0.4414170995,0.3146202962,0.2672298903,0.07530128515,0.123049262,1.093558896,-0.2366162292,0.0145715992,0.7813417695,0.2388637335,0.1305765735,0.4098159753,0.236538794,0.208835382,0.2768960234,0.7916319035,0.2028507838,0.4626189304,1.053038918,0.1950737095,0.5710938369,0.1212296694,0.1907073132,-0.008247662646,0.2257091886,0.4821997516,0.5282727802,0.1068734744,0.02056560513,0.3644505216,-0.137220397,0.1873855038,-0.1639941506,0.05717873932,-0.4187987971,0.01951303587,0.1033159135,-0.07601544451,-0.006415598786,0.03687393257,0.0218777284,-0.07524231268,1.435741547,1.1046034,0.09620410225,1.642523437,0.7371343897,1.299905674,1.062289379,1.646198608,2.038113813,0.2037173272,-0.3411805965,0.1248335187,0.64706504,0.4487717146,0.261072008,0.2871923495,-0.1270604211,-0.02914867408,-0.04488251588,-0.2359367894,-0.3800498284,0.1612801687,0.3761488178,0.4382916105,0.1448786701,0.1596772364,0.08468108179,0.5320716073,0.07594635347,0.2736573235,-0.06050117261
0.203203653,0.1572783377,1.117335556,0.09928913502,0.616957798,0.8991905102,0.1059344143,0.2218829736,-0.06333540008,0.460485082,0.4489114359,0.3098342701,0.2669902796,0.06979039222,0.1210054504,1.055818037,-0.2328330223,0.01284675458,0.7844036372,0.2379611865,0.1376435976,0.4121279815,0.2241855398,0.2022493379,0.2749549263,0.7866305033,0.1945782724,0.4695189609,1.041692565,0.1940515904,0.5686888434,0.1107175744,0.190130483,-0.02399711573,0.2367347875,0.4805284396,0.5249950104,0.1043942052,0.01694054489,0.35464787,-0.1395755267,0.1881049958,-0.1656767945,0.0576618215,-0.4191033601,-0.005125368041,0.1008199382,-0.09595696155,-0.007692868617,0.03393905643,0.02654042847,-0.06926243007,1.438584632,1.10209883,0.09802420986,1.640486674,0.7362622782,1.297075301,1.061021603,1.643609943,2.037554787,0.2113441429,-0.3432313105,0.1243730755,0.6672687932,0.4493305251,0.2623180791,0.2896616272,-0.1291374642,-0.02904611846,-0.04284653207,-0.2375754053,-0.3793573554,0.1649524969,0.3691564078,0.4277676561,0.1418081044,0.1567052828,0.09354012181,0.5319716846,0.07339781195,0.2724206623,-0.06133084106
0.2023328421,0.159592595,1.119427326,0.0983002603,0.6119106253,0.9020709982,0.1070757891,0.2248597188,-0.06761123103,0.4550526353,0.4571556577,0.3030618932,0.2622610359,0.0643958189,0.1176524717,1.007955153,-0.2304383522,0.009367048893,0.787751729,0.2378983981,0.1441157578,0.4127554155,0.2139322819,0.1961216945,0.2704417753,0.7824827247,0.190817396,0.4703317871,1.03250317,0.1981040192,0.5692802346,0.1028488077,0.1866315186,-0.04143738119,0.2516860908,0.4780280027,0.5228309459,0.1034430207,0.01397482161,0.3506412893,-0.139393722,0.1858251815,-0.1677619581,0.05265838164,-0.4217093395,-0.02807457307,0.09867011409,-0.1150589097,-0.01104998436,0.02778228198,0.03551868354,-0.06315989287,1.438918312,1.099824648,0.1007968669,1.637134456,0.7311454485,1.296582519,1.058053863,1.642404479,2.038558706,0.2163393046,-0.3450694501,0.1212951801,0.6905885152,0.4525336094,0.2642956765,0.2870458093,-0.1296780995,-0.02680104712,-0.03937541675,-0.2371499834,-0.380278638,0.169313757,0.3588168065,0.423547755,0.1370079403,0.1555886794,0.1039059665,0.52891332,0.07036431933,0.2743222942,-0.06133866497
0.204888726,0.1634938426,1.121686997,0.1018941285,0.61417917,0.9073594832,0.1071437674,0.225528876,-0.06824961451,0.4483376338,0.4690689528,0.2932884021,0.2571237202,0.05706033823,0.1151132043,0.9663912748,-0.2251884687,0.005626982234,0.7892933225,0.2413234452,0.1510564248,0.4155952723,0.2039575191,0.1908335662,0.2667741253,0.7811510064,0.1860601093,0.4755706597,1.02460242,0.1991547502,0.5640143599,0.09937572134,0.1867686784,-0.05474115404,0.2671928843,0.4763983177,0.519009455,0.1018246501,0.006173205255,0.3482748819,-0.1393294937,0.1827203927,-0.1667777401,0.05640288947,-0.424322613,-0.04473773693,0.09510803413,-0.1334414489,-0.0175993649,0.02490467697,0.03966479404,-0.05868254648,1.432136893,1.096993371,0.1008367814,1.634745496,0.7290442049,1.292397126,1.057146504,1.640849187,2.039213016,0.2234399133,-0.3471493128,0.1198866274,0.710517076,0.4507958176,0.2623184673,0.2847488827,-0.1290501386,-0.02367368835,-0.03554244151,-0.237996738,-0.3811967439,0.1743149204,0.3516200456,0.4166428764,0.1323887242,0.1531285312,0.1134885738,0.5290398511,0.06703929561,0.2722132504,-0.06248734858
0.211795357,0.1687376417,1.121413366,0.1049100299,0.6192390055,0.9098981267,0.1084663581,0.2250623805,-0.0658170171,0.445258622,0.4838531763,0.2892138999,0.2517868492,0.04953971216,0.1132594695,0.9239393028,-0.2233699538,0.001041444823,0.7950200308,0.2408945375,0.1546632284,0.4102435925,0.1929562332,0.1842469838,0.2608116007,0.7783042638,0.1775697509,0.4770212875,1.009071152,0.2009631925,0.5608173798,0.1003117068,0.1876545248,-0.06909285302,0.2850409795,0.4761116939,0.5155105688,0.09910096337,-0.0008298271649,0.3435224614,-0.1396448511,0.180649398,-0.1629813223,0.05429714435,-0.4272629572,-0.05575381904,0.09501483958,-0.1504899225,-0.01948779449,0.01915244074,0.04325030619,-0.05219794407,1.428570061,1.09450452,0.1014788885,1.632022363,0.7266508075,1.290184998,1.054780437,1.639221039,2.0377624,0.2302063788,-0.3485430607,0.1192597068,0.7210625035,0.4535937191,0.2639118639,0.2852191177,-0.1289898331,-0.02340293881,-0.03038457306,-0.2366989863,-0.3822724486,0.1800920448,0.3489636337,0.4075926811,0.122465666,0.1511789518,0.1228594686,0.5274617492,0.06565768411,0.2672406698,-0.06528191578
0.2152565934,0.1778015706,1.117994138,0.108000422,0.6284893452,0.9099232456,0.1066571395,0.22390366,-0.07017615986,0.4425584171,0.5019690525,0.2798211189,0.2506263252,0.04275388188,0.1100451063,0.880217887,-0.218655332,-0.003336740359,0.7944490259,0.2402780853,0.1621002037,0.406484222,0.1832482957,0.1802562331,0.2575154541,0.776276381,0.1714725612,0.4794631498,0.9967482934,0.2053088789,0.5581821888,0.1059871575,0.1868786638,-0.08434796502,0.3072048295,0.4756214707,0.5101828404,0.09586961429,-0.01028833055,0.3366173355,-0.1421360816,0.1765119088,-0.1597126378,0.05644041128,-0.4270668065,-0.06724065549,0.09036822088,-0.1696443256,-0.01923155032,0.01432797628,0.0439526398,-0.04782911593,1.424841697,1.092832629,0.09958779179,1.627538634,0.7290420089,1.288819484,1.049515242,1.637439099,2.03705149,0.2431458674,-0.351417166,0.1165955596,0.7296216297,0.4622858483,0.2612592564,0.2821080224,-0.1319797089,-0.01899929491,-0.0288118042,-0.2375284135,-0.3806992398,0.1832098598,0.345183479,0.3988563957,0.1167027164,0.1471670395,0.1347527247,0.5189291211,0.06402156522,0.2620156582,-0.06473700905
0.2215140768,0.1846179356,1.113724364,0.1106397073,0.6356577253,0.9125677016,0.1057768972,0.2199905617,-0.06721450556,0.445208907,0.5266034553,0.2727364655,0.2488999735,0.03437411578,0.1053619512,0.8369397079,-0.213628216,-0.007457936149,0.796483357,0.2403757562,0.1698000062,0.4042654022,0.1765448482,0.1777206287,0.2540822034,0.7776473179,0.1650625035,0.4765619869,0.9868071922,0.2088064975,0.5544254905,0.1157493525,0.1860640402,-0.0970418413,0.3304841559,0.4749761652,0.5059458933,0.09280039454,-0.01944850469,0.333567003,-0.1404110196,0.1744345212,-0.1575230083,0.05575095915,-0.4283422867,-0.07464928583,0.08480153644,-0.1875093616,-0.02508165305,0.0108234652,0.04497472815,-0.04350901454,1.426774802,1.091800521,0.09950303675,1.629699284,0.7340402118,1.286358709,1.048089328,1.633997085,2.039622018,0.2600435856,-0.3518769184,0.1179169976,0.7403570277,0.4691060304,0.2647992752,0.2797088763,-0.1324924888,-0.01904890993,-0.02825890022,-0.2358043389,-0.3815186479,0.1857353841,0.3410644119,0.3904394874,0.1111766348,0.1427436351,0.144988209,0.5180737878,0.06446591984,0.2519209246,-0.06219366571
0.225032107,0.1889061593,1.106028818,0.1117282069,0.6474444891,0.9165931267,0.1087167104,0.2193616101,-0.0726365458,0.4461120375,0.5441067758,0.2653125019,0.2432426594,0.02568153949,0.1001354936,0.7949668286,-0.210225702,-0.009618370302,0.7996390383,0.2395083262,0.1734881917,0.396144337,0.1693310567,0.1714817161,0.2516033843,0.7777292519,0.1600143825,0.4748561922,0.971190821,0.2123925097,0.5467287154,0.1280832648,0.1876753631,-0.111821398,0.3534450643,0.4728358454,0.498694577,0.08913730474,-0.02766791529,0.3260804114,-0.1441777953,0.1672899028,-0.1578187066,0.05401116254,-0.4310756848,-0.0836671134,0.08236905633,-0.2042340342,-0.02982245612,0.009704858032,0.04054833618,-0.03901400644,1.429593241,1.092151481,0.09844619681,1.631254528,0.7318115574,1.285230064,1.047374546,1.634782493,2.042966225,0.2739583883,-0.3514380486,0.116510429,0.751083987,0.4754684996,0.2641025281,0.2792752124,-0.1339785897,-0.01814996098,-0.02860652549,-0.2365701399,-0.3819392497,0.1881274587,0.3336588072,0.3857695653,0.1059052207,0.1407400161,0.1554694069,0.5178067919,0.0644581438,0.2419471752,-0.0587092109
0.2327165802,0.1941197138,1.098559252,0.1125596561,0.6599383454,0.9172280722,0.1124000075,0.2171365342,-0.07296205311,0.4483769272,0.5715943565,0.2550925704,0.2380477265,0.01940490936,0.09578356106,0.7406002354,-0.2072471629,-0.010230921,0.8006890489,0.235743776,0.1806721218,0.3879422297,0.161672995,0.1733066044,0.2508262622,0.778443723,0.1584177454,0.470537404,0.9627587284,0.2188773712,0.5423220309,0.1413757834,0.1896463238,-0.1229623313,0.3751325776,0.4729186976,0.493459026,0.08370778459,-0.03673835072,0.321064608,-0.1448282882,0.158846691,-0.1589812373,0.05856456248,-0.4336946269,-0.0878148742,0.07503147066,-0.222579947,-0.03460609651,0.007153601036,0.03672081109,-0.03385745239,1.431429203,1.092609644,0.09469281742,1.629642775,0.733009523,1.285144206,1.047721124,1.63275619,2.04613836,0.2872228194,-0.3513476576,0.1152688153,0.7611336364,0.4855111252,0.2629050546,0.2771886169,-0.1355940213,-0.01763251359,-0.02489764861,-0.2362472961,-0.3819791789,0.188778874,0.3307067642,0.3801821742,0.09916082142,0.1398197607,0.1661752637,0.51743206,0.06482396752,0.238225771,-0.0565064939
0.2382617934,0.196013338,1.088236671,0.1122111872,0.6720506362,0.9192133888,0.1149930693,0.2126883437,-0.07012482903,0.4492808296,0.593989405,0.2517998023,0.2328036565,0.01184421039,0.09134497118,0.6960402553,-0.2028320927,-0.01220896199,0.8018333266,0.2342744916,0.1896975337,0.3805461295,0.1530836253,0.1721705957,0.2519841964,0.7837139283,0.1544716468,0.4681019846,0.9531686086,0.22306822,0.5307285468,0.1577525169,0.1908120466,-0.1315964846,0.39609522,0.4704751893,0.4899986032,0.08003504316,-0.0414276119,0.3188802198,-0.1486331641,0.1513764569,-0.1555320927,0.07036091308,-0.4349812359,-0.09210985456,0.07011018407,-0.2373295515,-0.03740705479,0.005010676416,0.03178378244,-0.02801045141,1.431159698,1.093914551,0.09504175713,1.629714756,0.7355092579,1.283742459,1.046608461,1.632481798,2.04633335,0.2996181862,-0.3510632657,0.1136306639,0.7745604642,0.4916301903,0.2638623347,0.278197105,-0.1374996243,-0.01637940678,-0.02347685878,-0.2357714862,-0.3829504502,0.1878735241,0.3284111301,0.3754567825,0.09355622823,0.138671154,0.1726406902,0.5166480876,0.06544822166,0.2303378558,-0.05485541028
0.2426524719,0.2007888882,1.080368793,0.115461423,0.6840132811,0.915918546,0.1170825756,0.2061869662,-0.07173790697,0.4527470627,0.61929017,0.2450225594,0.2328643411,0.004422697482,0.0854062789,0.6470990583,-0.197146131,-0.01045330486,0.8061285846,0.228564321,0.1946462746,0.3678925278,0.1481044062,0.1719214766,0.2516237346,0.7869369158,0.1497634444,0.4630694241,0.9399993657,0.2287761569,0.5239400551,0.1784412206,0.1923257854,-0.137668715,0.4216710259,0.4709983409,0.4873113977,0.07552369704,-0.04644628828,0.3198770126,-0.1514848089,0.1440019476,-0.1484579154,0.08630874564,-0.4363311167,-0.09451709813,0.06357816797,-0.2511245279,-0.04277398988,0.007771893367,0.02977064577,-0.01712871326,1.430883098,1.096232408,0.09640060437,1.628114482,0.7400598971,1.283143257,1.043697987,1.632955194,2.051834837,0.3155816837,-0.349923322,0.1130115412,0.7890426295,0.499453084,0.2631136518,0.2785514784,-0.1382161377,-0.01458325565,-0.02033977623,-0.2348200742,-0.3837962865,0.1896303523,0.3258618732,0.3680886704,0.08790072318,0.1360601896,0.1818034116,0.5168444605,0.06476711843,0.2273397039,-0.05352410515
0.2460796157,0.2048193346,1.075235589,0.1159677139,0.6893390371,0.9172975939,0.1193592669,0.1991004848,-0.07129157065,0.4556743046,0.6419907039,0.238481899,0.2341097272,-0.002397218668,0.07899666416,0.6036038188,-0.1915557056,-0.01065789427,0.8079420106,0.2216667397,0.1989670913,0.3550192678,0.1415823837,0.1697901692,0.2496976897,0.7899838995,0.1454379498,0.4569280809,0.9284055389,0.233060396,0.5186163975,0.2001745674,0.1969200291,-0.1427000754,0.4430148375,0.469570418,0.486855648,0.07419902154,-0.04865970999,0.3213506943,-0.1537971872,0.137154303,-0.1394779264,0.09788386837,-0.4377418517,-0.09713286837,0.06019715171,-0.2645904447,-0.04578533975,0.004515898988,0.02745557757,-0.006697453249,1.431941379,1.096088279,0.09743338765,1.62770744,0.74290411,1.283457769,1.04020395,1.632280117,2.049936593,0.3318242532,-0.3498869782,0.1127992916,0.8044146931,0.5117890288,0.2641471665,0.2796285611,-0.141255746,-0.008966311165,-0.02031885236,-0.2365560008,-0.3852472371,0.1905856248,0.3193100644,0.3666239094,0.08219556735,0.1357857132,0.1928211925,0.5134686177,0.06395403284,0.2254057997,-0.05013911896
0.251895855,0.2093850335,1.06772778,0.1181299655,0.6973482745,0.9201092718,0.1221102022,0.1936810592,-0.07154645105,0.458545347,0.665814996,0.229432908,0.2332998383,-0.008998532442,0.0727399874,0.5592525935,-0.1868499275,-0.01310744149,0.8096673137,0.2111794309,0.2004714247,0.3398534667,0.1301703873,0.1665592251,0.2523600076,0.7909205521,0.1378421279,0.4524956379,0.9172170796,0.2365696734,0.5198771847,0.2227760888,0.2022660427,-0.1436315297,0.4639601061,0.4687967002,0.4856782759,0.07320213912,-0.04800517189,0.3306219139,-0.1534443363,0.132660075,-0.1288577933,0.09994193507,-0.4381153135,-0.1005053095,0.05091026382,-0.2781399213,-0.05122703222,0.003728100525,0.02391651916,0.0136521793,1.43098947,1.093476505,0.0977362047,1.625783473,0.7452373705,1.283173411,1.035272697,1.632658269,2.055415102,0.350888594,-0.3490893221,0.1130923345,0.823132584,0.520851585,0.2652665422,0.2774624189,-0.1444285487,-0.003342010084,-0.02120873236,-0.2348814132,-0.3879022835,0.1874893436,0.3192865517,0.3623533225,0.07390612076,0.1378492579,0.203279499,0.513942708,0.06298311485,0.2235160305,-0.0468656235
0.2572191193,0.2127524244,1.056818127,0.1185918157,0.7015627752,0.9194761764,0.1295173339,0.1862628477,-0.06920141166,0.4624512184,0.6847552468,0.2211683544,0.2348643445,-0.01527943903,0.06821776734,0.5150156212,-0.181026955,-0.01535914247,0.8127563564,0.2033079548,0.2009576568,0.323459344,0.1207286679,0.1643465266,0.2566583669,0.7921611147,0.1310697569,0.4496723925,0.9057152782,0.2434551024,0.520118346,0.2458584127,0.2094168531,-0.1429165243,0.4861113837,0.4671164886,0.4865768364,0.07354060336,-0.04718451319,0.3352766196,-0.1531789297,0.1307118486,-0.1133627072,0.1090771646,-0.4367403824,-0.09981122867,0.04576264761,-0.2872887799,-0.04720531403,0.004075418897,0.02098947357,0.05248352734,1.432421175,1.093617629,0.1017868678,1.625423735,0.7446660278,1.283714631,1.035187532,1.634001465,2.059933494,0.3745017761,-0.3485102978,0.1165716584,0.8410432472,0.5217313492,0.2680239529,0.2747780064,-0.1450891424,0.002779919252,-0.02068825771,-0.2363779446,-0.3902446912,0.1867823801,0.3152222228,0.3570652621,0.06817422989,0.1408331818,0.2126787058,0.508606522,0.05979700887,0.2208753049,-0.04404310014
0.2645324526,0.2172109488,1.046097575,0.1208407683,0.7012531293,0.9189016443,0.1319690937,0.1803430251,-0.0644116812,0.4665523215,0.6996115823,0.2140949778,0.2354918791,-0.02217399192,0.06356348297,0.4754348631,-0.1769211192,-0.01632088593,0.813722574,0.1979300176,0.2074600824,0.3127308747,0.1139086214,0.1645681228,0.258694927,0.7962037504,0.1274804301,0.4503305426,0.8983681728,0.2484928889,0.5255466461,0.2687588135,0.2164280641,-0.1404344638,0.5047581746,0.4659027871,0.4869874125,0.07399939584,-0.04745172982,0.33879047,-0.1533375589,0.1338857391,-0.09593981457,0.1286064226,-0.4372260911,-0.09942533292,0.04357800355,-0.2983306455,-0.04492869714,0.002374461264,0.02264805951,0.1022072943,1.434156633,1.095581478,0.1065701288,1.62727134,0.7478375306,1.285867779,1.03479183,1.633591824,2.06427429,0.4022844492,-0.3494733081,0.1199360446,0.8569633406,0.5280752518,0.2716498327,0.2726852625,-0.1456472428,0.005434339709,-0.02062998125,-0.2383829307,-0.3899492595,0.185912274,0.312217089,0.3570701598,0.06607488099,0.1401751357,0.2210586378,0.5093353241,0.05862503495,0.2135035248,-0.03868353073
0.2729830091,0.2236023378,1.039886616,0.1227256719,0.7074016228,0.9168391921,0.1335037266,0.1732620539,-0.0632913792,0.467057809,0.7082143037,0.20475078,0.2350583065,-0.02616196335,0.05709454546,0.4362135764,-0.1686319213,-0.01797370984,0.8141490029,0.1937344492,0.2158674993,0.3019913558,0.107104461,0.1705626605,0.2668367605,0.798421864,0.125046866,0.4570607862,0.8976575049,0.2532938684,0.5331091359,0.2919323964,0.2210112958,-0.1354366658,0.5228793106,0.4674349499,0.4883728337,0.07453993268,-0.04833818624,0.3500635879,-0.1523040829,0.1391370173,-0.07528360217,0.1448085253,-0.4357504587,-0.1011441773,0.04414331553,-0.3105429539,-0.04192790064,0.004029017491,0.02833422984,0.1578922351,1.433347478,1.099113976,0.1123594172,1.629087557,0.7496505057,1.285484837,1.035446097,1.633345952,2.070019514,0.4409554389,-0.349527121,0.1251357436,0.8758587892,0.5425881347,0.2763975724,0.2659675383,-0.1440081851,0.008653807071,-0.01690879621,-0.2397839535,-0.3906932214,0.188594831,0.3115606051,0.3564839138,0.06623194032,0.1413659353,0.2256546249,0.5109908206,0.05895565636,0.2084176966,-0.03850391474
0.2837714201,0.2296256729,1.030846024,0.1248640184,0.7085319773,0.9190830268,0.1354390122,0.1639843981,-0.06228040379,0.4677608442,0.7169883503,0.1979389341,0.235958711,-0.02907556322,0.0532430838,0.3996652829,-0.1628619779,-0.02122822202,0.8129793646,0.1962793444,0.2255474968,0.2968883781,0.1040432398,0.178793752,0.2781192666,0.8044615973,0.1308284006,0.4618629316,0.9004155297,0.2613387062,0.5409526623,0.3133411148,0.2284729859,-0.1294201284,0.5398499449,0.4692886459,0.4909958265,0.07465434759,-0.04762059643,0.3584915666,-0.1486095841,0.1404396903,-0.05479420286,0.1569811141,-0.4345596326,-0.09974094085,0.04357411191,-0.320890547,-0.03889289666,0.0005701900027,0.03244983183,0.2156579059,1.432402931,1.101026314,0.1180563591,1.630309015,0.752349613,1.285033227,1.036261039,1.634273472,2.070610418,0.4938330867,-0.3486818097,0.1281939367,0.8857460903,0.5439587826,0.280588225,0.2609587869,-0.1434938127,0.01250264955,-0.01344950743,-0.2389362287,-0.3935725769,0.1869417599,0.3105997291,0.3552996898,0.06953724833,0.1435540555,0.2266597437,0.5098042057,0.05845480292,0.204723628,-0.03502575723
0.2943575619,0.2358022475,1.021186525,0.1276250102,0.7084221391,0.9185158951,0.1350899445,0.1575222454,-0.06445511084,0.4730341102,0.7219291303,0.1910693908,0.2380186773,-0.03169539572,0.0512664113,0.3702886937,-0.156739002,-0.02350076124,0.8107512621,0.1949911557,0.2333758628,0.2894145884,0.09969605673,0.1864052758,0.2893912262,0.8092508605,0.1333473788,0.4769607983,0.9015425086,0.267934506,0.5516658003,0.3328275277,0.2367838268,-0.1234525028,0.5552741712,0.4694335942,0.492180551,0.07239973939,-0.05017257785,0.3606063937,-0.1455853968,0.1417938426,-0.02387385929,0.1689337168,-0.431882879,-0.09659040579,0.04277468703,-0.332127219,-0.0378044438,0.002416760889,0.03313597219,0.2729409166,1.435736906,1.105894896,0.1245241602,1.628036845,0.7549949602,1.285251006,1.036040473,1.631584599,2.070102176,0.5625384339,-0.3478249528,0.1312412406,0.891570072,0.5400166555,0.2821118305,0.2590937309,-0.1433793366,0.01426410039,-0.0128282664,-0.2394437131,-0.3943100089,0.1834215092,0.3130128519,0.3535801334,0.07087547742,0.143670593,0.2228892379,0.5046155163,0.05832197991,0.2054076083,-0.03460722573
0.3040546828,0.2395412598,1.004225974,0.130101082,0.7083975129,0.9164204966,0.1377906311,0.1544482319,-0.05927639484,0.4773265081,0.7229688899,0.1876128765,0.2414656069,-0.03489099014,0.04711932979,0.3412700567,-0.1508061305,-0.02607646178,0.8125365647,0.1910884827,0.2414419023,0.2807289317,0.09399501663,0.1926749413,0.3001869602,0.812924142,0.1331239578,0.4952409984,0.9039714806,0.2742417474,0.5669990905,0.3474748403,0.2391562713,-0.1196807752,0.5653181497,0.4691226544,0.4948610784,0.06998451983,-0.04771204141,0.3633171948,-0.1448268322,0.1451416024,0.007324482996,0.179453705,-0.4315101258,-0.09317576444,0.04193777951,-0.3435863843,-0.0319851174,0.002940712239,0.03848587564,0.3357297014,1.44021025,1.105454499,0.1318381283,1.626044391,0.754538528,1.286267105,1.035235899,1.631464291,2.068264255,0.6400269161,-0.3488564675,0.1347141048,0.8959211929,0.5458033326,0.2859958366,0.2565462515,-0.1438564814,0.01554327441,-0.01111759263,-0.2409254122,-0.3927351235,0.1774309098,0.312376586,0.3510243191,0.07443811916,0.1434489195,0.2170207813,0.4998522582,0.05806221845,0.2009822562,-0.03512899468
0.3124500787,0.240957329,0.9912444558,0.1332484819,0.7053704546,0.9166652812,0.1382008169,0.1503967259,-0.05908676641,0.4818759728,0.7199481112,0.1821588118,0.2435570281,-0.03735420371,0.04349874348,0.3108281192,-0.1432954246,-0.026439375,0.8109676312,0.1917995573,0.2486827225,0.27719418,0.09349320584,0.1981788449,0.3120098125,0.8156002974,0.1349984449,0.5152348266,0.9093888723,0.2819899964,0.5799709579,0.3579126615,0.2417544807,-0.1159680395,0.575800026,0.4683386303,0.4998354763,0.06881293375,-0.04346971424,0.3650944511,-0.1420602858,0.1484074746,0.04400278759,0.188624017,-0.4300889289,-0.08857594384,0.04237978794,-0.3538733978,-0.03036249759,0.007086280542,0.04372196568,0.4006249061,1.439388505,1.107064471,0.1383133184,1.624223737,0.7566950097,1.285295788,1.034092489,1.632794881,2.07346872,0.7246734227,-0.3498221216,0.1397476492,0.9047601725,0.5508857229,0.2893859481,0.2527693209,-0.1427467811,0.01761793477,-0.008150576754,-0.2409814836,-0.3928431308,0.1710032642,0.3100027759,0.3502109554,0.08002048119,0.1435191585,0.2159715819,0.4981374245,0.05566124638,0.1977825868,-0.03144550723
0.3216023713,0.2396350957,0.9758985592,0.1349937205,0.7034132349,0.9176506102,0.1387379606,0.1469503566,-0.05479228436,0.4832629755,0.7155763027,0.177459602,0.2430716721,-0.03656129844,0.039624872,0.2856835496,-0.1370240446,-0.02868629957,0.8132514857,0.1912356926,0.2531324338,0.2746494475,0.09164145049,0.2019277104,0.3202628544,0.8185127585,0.1390538605,0.5354710288,0.9142121616,0.2881280049,0.5920377904,0.3625518712,0.243448445,-0.1142482237,0.5816880553,0.4686595893,0.5021143211,0.06617173907,-0.03899101645,0.3680302471,-0.1388631514,0.1504735905,0.0851855651,0.1970964943,-0.4274597332,-0.08165204292,0.04393378142,-0.3611684001,-0.03118997547,0.01076516862,0.05139622098,0.4686754822,1.446122446,1.108375605,0.14697753,1.624254459,0.7579175115,1.284888389,1.033807537,1.631877338,2.074289225,0.8027376096,-0.3471436905,0.1465906673,0.9099696935,0.5524706796,0.2904484972,0.2514606434,-0.1394510439,0.02049570681,-0.005183560875,-0.24164637,-0.3946512378,0.1657113576,0.3061040842,0.3512596376,0.08353149044,0.1444066193,0.2090265547,0.4997233396,0.05511622369,0.1971936549,-0.03024501406
0.3311101252,0.240974235,0.962085514,0.1395262744,0.6988932859,0.9182822824,0.1371867564,0.1469855189,-0.05800032663,0.4817296068,0.705686026,0.1742720332,0.243253846,-0.03594000483,0.03698851046,0.2592724735,-0.1314949755,-0.03221938862,0.8133806804,0.1895279763,0.2557379788,0.2685288436,0.08790974286,0.2055394663,0.3267965724,0.8168016413,0.1388284066,0.5594284973,0.9148923202,0.2945778897,0.5970179181,0.3623022147,0.2375843887,-0.1129969529,0.5838706336,0.468072619,0.5023827302,0.0630129585,-0.03775501626,0.3556848545,-0.1438477156,0.1519632549,0.1318738672,0.2069484525,-0.4264950682,-0.07871337938,0.04496281308,-0.3683010418,-0.02849928172,0.01184491141,0.05849775956,0.5348075296,1.445442229,1.106601213,0.1517605886,1.622026209,0.7571912657,1.282026721,1.030589152,1.63330473,2.071085851,0.8739532328,-0.3461159575,0.1516936081,0.9126697582,0.5600647734,0.2898710704,0.2494837609,-0.1379296472,0.02691663635,-0.0002808994568,-0.2416037446,-0.3959456484,0.1616794749,0.3065500769,0.350203324,0.0853741902,0.1443544347,0.1983860125,0.4950455931,0.05139826524,0.1991734623,-0.03081224756
0.3402854456,0.2414691613,0.9447910706,0.1401902286,0.6938032974,0.9167127438,0.1367195509,0.1435410641,-0.05818092514,0.4820125347,0.6958554992,0.1690279809,0.2458955177,-0.03417709868,0.03568304817,0.2373012603,-0.1237014368,-0.03365835128,0.8146334519,0.1853686388,0.2561879512,0.2637719964,0.08528952017,0.2106792469,0.326945362,0.8150151723,0.135342626,0.5824128548,0.9160282944,0.2981344572,0.6072569361,0.3590619032,0.2346644909,-0.1083088455,0.5853720807,0.4687227476,0.5065689492,0.06072638208,-0.0360235869,0.3494167568,-0.1445708899,0.1559249823,0.1777210379,0.2176879388,-0.4245183052,-0.06853667323,0.04238961945,-0.3742853532,-0.02562185049,0.00887670829,0.06638493664,0.5990433873,1.44201111,1.105912096,0.1581510574,1.618951268,0.7604737092,1.279666431,1.027975599,1.630483041,2.06787666,0.9457036443,-0.3458205553,0.1613569614,0.9124559923,0.5649102126,0.2921970801,0.2475367244,-0.1373680224,0.03001641629,0.002803579084,-0.2389679724,-0.3982180808,0.1564951254,0.305623122,0.3506977663,0.08496210313,0.1437405353,0.1869591419,0.4888305472,0.04731395766,0.2003400529,-0.03266684826
0.3500492002,0.2445606282,0.9310708035,0.1424489732,0.6909740879,0.9128215944,0.1345561863,0.1431253741,-0.0589968434,0.478986789,0.6789999185,0.1698767582,0.2501687554,-0.03374386851,0.03367334829,0.2262197338,-0.1152106443,-0.03763194675,0.8162521581,0.1818870176,0.2503268725,0.2542056878,0.08107772283,0.2111658433,0.3274605551,0.8126037425,0.1299614065,0.6123698299,0.9148650442,0.301069473,0.617789457,0.3537288673,0.2327543508,-0.1058500152,0.586328584,0.4664262258,0.5062961094,0.06043828306,-0.0326794467,0.3403285368,-0.1452527689,0.1585310852,0.2210482434,0.2243032197,-0.4236172454,-0.06324996552,0.03940063475,-0.3799840939,-0.02117643785,0.001370345084,0.07304050524,0.6620738861,1.437832237,1.103051994,0.1643222159,1.613965336,0.7616865824,1.276589833,1.023588886,1.629748832,2.064408433,1.016032156,-0.3473890949,0.1674515229,0.9122791705,0.5637845537,0.2893184083,0.2445793425,-0.1374205744,0.03456531094,0.002816529409,-0.2387050814,-0.4002266278,0.1511004676,0.3054946258,0.3519027201,0.08460208091,0.1409209312,0.170844808,0.4794483589,0.04102227315,0.1992753631,-0.0319054005
0.3614445412,0.2473003267,0.9177087653,0.1429913795,0.6854957477,0.9092850268,0.1320841132,0.1413605364,-0.06329014296,0.4811040776,0.6663356287,0.1657203829,0.2512449586,-0.0307149301,0.03336706571,0.2125146428,-0.1072567595,-0.03931300765,0.8176538767,0.1789306852,0.2425512778,0.2434108523,0.07653761346,0.2121374213,0.3263224759,0.8066470745,0.1248015751,0.6362024728,0.9127921938,0.3010797638,0.6303976131,0.3472687968,0.2283715731,-0.1057124666,0.5861743844,0.4675894007,0.5033074574,0.05962038634,-0.03335299362,0.3316334109,-0.1486131434,0.1631927896,0.2567596486,0.2207039204,-0.4240181333,-0.05884616274,0.03815715322,-0.3851949112,-0.02123492328,-0.003462733118,0.08233344801,0.7230710203,1.432754802,1.099986063,0.1665122158,1.609734816,0.7603639087,1.274582188,1.019561254,1.626732713,2.062991207,1.085843484,-0.3482254708,0.17694097,0.9088375238,0.5674591627,0.2874988696,0.2387595608,-0.1367673949,0.03950551593,0.006047368033,-0.2382009932,-0.4018485899,0.1494731401,0.3064614924,0.3522825784,0.08407494671,0.1363131987,0.1538944655,0.4746385686,0.0351541021,0.1980846051,-0.03084468816
0.3732352339,0.2450285669,0.9049557502,0.1388906655,0.6790354395,0.9094930225,0.1299088991,0.1412048044,-0.06427155611,0.4823414721,0.6431634349,0.1625437048,0.249467004,-0.02754552269,0.03408106241,0.2017369807,-0.1000676173,-0.04446941927,0.8147105233,0.1794049108,0.2337226829,0.2380030349,0.07202465544,0.2127360272,0.3283934482,0.8039134282,0.1223480099,0.6628790805,0.9189901844,0.3017182685,0.6403765473,0.3397758204,0.2288965617,-0.1067404844,0.5852054475,0.4669693585,0.503361685,0.05954099825,-0.03229079221,0.3236752631,-0.1494389292,0.1662563191,0.2941943619,0.2166136886,-0.4250603249,-0.05359785217,0.03838102495,-0.3885358334,-0.01586762428,-0.01181524263,0.08915364211,0.7787177755,1.431314775,1.097167719,0.168804077,1.606225215,0.7612696361,1.272294933,1.017006792,1.624204056,2.059327932,1.149418358,-0.3501444302,0.1997663337,0.9027992856,0.564125093,0.2862994554,0.2335669298,-0.1370646151,0.0431283195,0.003821249904,-0.2398377377,-0.4015273477,0.1454505713,0.303660335,0.3533805796,0.08567494134,0.1329525065,0.1361485662,0.4651170007,0.03029513374,0.1916302267,-0.03001692799
0.3900784508,0.2436155997,0.8867438183,0.1377298953,0.6736209034,0.9014628082,0.1319989399,0.1418021894,-0.06290368365,0.481384458,0.624045123,0.1613051803,0.2483821402,-0.02229348113,0.03572515694,0.1917201948,-0.09387889558,-0.04726694174,0.8137488006,0.1810042275,0.2284714352,0.2325493428,0.06721569719,0.2154197774,0.3306108334,0.8001808046,0.1221018337,0.6866882693,0.9223737743,0.3046760668,0.6512705055,0.3329136678,0.2244925391,-0.1074054554,0.5853078586,0.4656071202,0.4988277542,0.05931026528,-0.03526352717,0.3169977202,-0.1515035758,0.1690295619,0.3232302302,0.215162668,-0.424963625,-0.04896073412,0.03684915238,-0.3919250825,-0.01181674136,-0.01786275588,0.09512108605,0.8312005378,1.423833988,1.094871765,0.1698306858,1.602774675,0.7595502026,1.267058491,1.014176855,1.621014338,2.056700104,1.21027488,-0.3515506274,0.2428341225,0.898670075,0.5543161353,0.2877511736,0.2265102676,-0.1376019088,0.04445220414,0.005178197845,-0.2372194316,-0.4034443002,0.1436637523,0.301640189,0.3528187082,0.08832981691,0.1293278241,0.1141839635,0.4567253583,0.02434373814,0.1883128152,-0.0328778553
0.4035431517,0.2371812477,0.8697094402,0.1357751392,0.6635054301,0.8953128809,0.1285950396,0.1442236697,-0.06407225275,0.485238144,0.604267977,0.1603930671,0.2506557954,-0.01749517157,0.03815558309,0.1777515522,-0.08610656213,-0.0488413764,0.8115226775,0.1864116536,0.2210445361,0.2307738422,0.06284156517,0.22094757,0.3316962791,0.7963445122,0.1225853332,0.7097407641,0.9249986525,0.3110909748,0.6538254583,0.3248350057,0.2171261628,-0.1068740009,0.5841159485,0.4625799431,0.4925529847,0.05827117394,-0.04144822034,0.3055759126,-0.1547481129,0.1706206289,0.3437271112,0.2143167419,-0.4254588786,-0.04343750374,0.03680450092,-0.3962786093,-0.008602953914,-0.02493720146,0.1016633373,0.8721127905,1.417796588,1.09265863,0.1705491129,1.600420042,0.7597486037,1.263724414,1.009733232,1.618097357,2.051646246,1.267314145,-0.352834775,0.3059890249,0.8901997522,0.5450457233,0.2826948467,0.2206630737,-0.1378950825,0.04514473175,0.005372773808,-0.2375406813,-0.4038098396,0.1441925965,0.2955627529,0.3560058732,0.09239314607,0.1248475112,0.09606956101,0.4488035957,0.01762104437,0.1828504035,-0.03179925293
0.4147029883,0.2338076527,0.8520839675,0.1343449895,0.6535813691,0.8909224137,0.1217793986,0.148127382,-0.06853953962,0.4889619842,0.5853171867,0.1612908912,0.2534941355,-0.01197736085,0.03794747901,0.1645018525,-0.07839148593,-0.05098312637,0.8109500644,0.189174872,0.2137352785,0.229836916,0.06053936734,0.2269540185,0.3326913619,0.7944366164,0.1250190613,0.7349112144,0.9296633017,0.315670732,0.6524782202,0.3163125099,0.2105566552,-0.1082599108,0.578614417,0.4615019745,0.4877714817,0.05861575542,-0.04514241085,0.2947762722,-0.1544961344,0.1714509026,0.3576013463,0.2131313455,-0.4284538667,-0.0439858771,0.03381469694,-0.4017073712,-0.01040045815,-0.03447010123,0.1082225614,0.8931072846,1.409946112,1.089625443,0.1710782583,1.595310611,0.7616845975,1.258707509,1.006094094,1.613419801,2.047894492,1.319744366,-0.3565860844,0.3735920322,0.8843452045,0.5448694535,0.2768622775,0.2180005653,-0.1408994212,0.04364643872,0.004889865806,-0.2360660517,-0.405264761,0.1417028376,0.2974697533,0.3596952256,0.09661508389,0.1183960773,0.0806920096,0.4409895692,0.01217456536,0.1748565351,-0.03112987924
0.424776312,0.2284991767,0.8340532292,0.1327836981,0.6437007537,0.8845978639,0.1204192996,0.1551782809,-0.07310459693,0.4899514212,0.5644459198,0.1608948105,0.2540468519,-0.006991591579,0.03686792215,0.1562380599,-0.07295782408,-0.05232581166,0.8109233842,0.189838225,0.1994041192,0.225386482,0.05631589998,0.2308577255,0.3345790829,0.7868786021,0.1241511819,0.7615079578,0.9292230723,0.3226248654,0.6469921372,0.3078401677,0.2032768509,-0.1097081116,0.5731435257,0.4587476987,0.4815967878,0.05921379425,-0.04771044179,0.2834668837,-0.1580191421,0.1673982871,0.3722296002,0.2052978921,-0.4291633606,-0.04120634631,0.02649943699,-0.4059888809,-0.01309011216,-0.04038999779,0.1104847978,0.9018988684,1.400635231,1.087157406,0.1673020706,1.589467284,0.7613774518,1.254906958,0.999164309,1.610542825,2.044210391,1.367603187,-0.3562047088,0.4457054349,0.8819803849,0.5441392413,0.2723174678,0.2117941304,-0.1415824402,0.04664278965,0.007079862159,-0.2358975602,-0.4061188038,0.1383204329,0.2943089414,0.3654200946,0.09759303854,0.1145961188,0.06382673725,0.4318361788,0.008002269542,0.1692190575,-0.03290471422
0.4339767833,0.2217989821,0.8122785734,0.1314739862,0.6294051304,0.8743401813,0.116141928,0.159254816,-0.07998029392,0.4944376613,0.5483159758,0.1610210187,0.2567981648,-0.002285552851,0.03833020799,0.1527378468,-0.06907317432,-0.05191827181,0.8091529681,0.1886133524,0.1803418135,0.2181505843,0.05014296616,0.2297191597,0.331009322,0.7818584496,0.1222099702,0.7883241772,0.9253416335,0.3304648392,0.6457246093,0.2976333892,0.1918426427,-0.1133210765,0.5659036416,0.4577742572,0.4754069396,0.05993900356,-0.04969810371,0.2667427159,-0.1613102326,0.1664020512,0.38156999,0.2017653869,-0.4311980602,-0.0368738394,0.01768220866,-0.4100452154,-0.01589392972,-0.04766055981,0.1113537766,0.9053913829,1.392519517,1.080489481,0.1621435527,1.581044786,0.7596393522,1.250172083,0.9934314184,1.607086454,2.036440517,1.403523578,-0.3580273202,0.5181635123,0.8726430761,0.5385821565,0.2657337315,0.209458263,-0.1424723517,0.04773573098,0.003345191661,-0.2335020149,-0.4066438391,0.1347432928,0.2895017906,0.3661243416,0.09891930532,0.1040954519,0.05606993673,0.4213808412,0.001440525592,0.1641387554,-0.03205491352
0.4351207025,0.2144327853,0.7988107367,0.1286203865,0.6146230705,0.8667157828,0.1129466843,0.1638204476,-0.08405080157,0.5040509559,0.532010348,0.163029228,0.2562337205,0.0009424923263,0.03638827974,0.1455303878,-0.06512103587,-0.05045116582,0.8106319643,0.1816858132,0.1595949059,0.2083707066,0.04365875315,0.2271448281,0.3242833411,0.7729134887,0.1141697327,0.8154983721,0.9181644848,0.3368316244,0.638268224,0.2892548136,0.1830862357,-0.1147792429,0.5615222493,0.4534973497,0.4657805879,0.06073272588,-0.05629603221,0.2564078873,-0.1659208735,0.1672195812,0.3812443997,0.1937399336,-0.4337135501,-0.03320315608,0.01839396922,-0.4102163054,-0.01559136509,-0.04829864324,0.1116087583,0.9051313091,1.38287805,1.076471213,0.158479247,1.574985295,0.757393003,1.24708822,0.989945613,1.604019283,2.030600998,1.422251962,-0.3595431512,0.5892980293,0.8626134933,0.5424159404,0.2594692956,0.2075883394,-0.1440581264,0.05012850526,0.001634303834,-0.2335442244,-0.4074291861,0.1308253379,0.2870416424,0.3734626118,0.09718174415,0.1030903901,0.04144453332,0.4096813746,-0.005161184354,0.1592785382,-0.03593485744
0.4368759205,0.2103204457,0.7790016018,0.1264007306,0.5990238,0.8597664631,0.1122048931,0.1691058083,-0.08540781662,0.5125472064,0.5108021359,0.1631518833,0.2584423608,0.00579883591,0.03522595112,0.1384440694,-0.05991204581,-0.04895226395,0.8135170914,0.1785166099,0.140552201,0.1995330235,0.03760450948,0.2265540283,0.3216406803,0.7637998946,0.1078487613,0.8360037858,0.9145132752,0.3407681777,0.630278474,0.2786925649,0.1757839329,-0.1185061596,0.5531702747,0.4508811322,0.4612501245,0.06386531563,-0.05674235302,0.247296611,-0.1717625692,0.1615649636,0.375608916,0.1879620631,-0.4374206163,-0.03029464208,0.0133399572,-0.4119398788,-0.01567594802,-0.05408646243,0.113257848,0.9059160681,1.372651588,1.069513637,0.1530207462,1.572199331,0.7539877519,1.240816019,0.9858114584,1.602241577,2.023646801,1.424507539,-0.3620970228,0.6619191236,0.8556435553,0.5491948004,0.251514423,0.2029619502,-0.1435965149,0.05253999014,0.0006875387213,-0.2326366161,-0.4103058504,0.1296711574,0.2819541362,0.3796090267,0.09617409992,0.09875453722,0.02900026947,0.3980365574,-0.01147843869,0.1510718056,-0.03869889231
0.4402243859,0.2053092976,0.7597201642,0.1208569033,0.5791873615,0.8515794871,0.1111512752,0.1732268916,-0.09485569862,0.5229741599,0.4952292767,0.1628316511,0.2590859537,0.0124096082,0.0360902653,0.1328784906,-0.05660932858,-0.04643903131,0.8134719785,0.1754347006,0.1230213315,0.1938051774,0.03446210406,0.2255601763,0.3212283278,0.7556312151,0.1054024097,0.8515548347,0.9085855158,0.3475769314,0.6211602324,0.2662457553,0.1739736131,-0.1229166497,0.5449147165,0.4492826531,0.4567378654,0.06762963431,-0.05794380141,0.2403250218,-0.1758711945,0.157833043,0.3676697076,0.1813455404,-0.4378293818,-0.02619714577,0.009547041519,-0.4112370346,-0.01817928044,-0.05888846963,0.1170968891,0.9033613342,1.36264566,1.064632906,0.1461832552,1.566557972,0.753153437,1.23711752,0.9832822249,1.595987997,2.019224856,1.414867195,-0.3627608158,0.7327215623,0.8467985411,0.5489845672,0.2445620123,0.2016046608,-0.1438910984,0.05401779221,0.0007345237862,-0.230252091,-0.4137422287,0.128710073,0.2858075247,0.3875904932,0.09727009228,0.0966700444,0.01790655701,0.3844138604,-0.02035043435,0.1500766705,-0.037563662
0.4425934341,0.2005078457,0.7438787461,0.1156159545,0.5588304157,0.8403075852,0.1105400057,0.1769200039,-0.09799972516,0.5323567891,0.4725048904,0.1608392758,0.2622859352,0.01802336247,0.0412152914,0.1277827873,-0.05592469448,-0.04754402014,0.8134697104,0.1687987671,0.101776755,0.1870852596,0.02845922872,0.2256282096,0.3196716078,0.7480179725,0.1036931768,0.8697521112,0.9051080352,0.3575822535,0.6100599939,0.253024279,0.1675286268,-0.1286402892,0.5363270576,0.4483755278,0.4498579233,0.0717711597,-0.05920510226,0.2327333829,-0.1828708589,0.1534818974,0.3503477826,0.1773213487,-0.4366040022,-0.02365858218,0.005336491369,-0.4097013789,-0.01876891756,-0.06507595618,0.1234868458,0.8979436243,1.357496367,1.059617713,0.1373768968,1.561631489,0.7508702625,1.235647913,0.9817916582,1.591381107,2.012292415,1.403311919,-0.3622006996,0.7997983291,0.8414376127,0.5488673936,0.2392388643,0.1998668667,-0.144745192,0.05586933614,-0.0008545667647,-0.2297080805,-0.4145596955,0.1310731999,0.288235474,0.3939383982,0.0994382965,0.09383315262,0.00420115736,0.3748389889,-0.02753590703,0.1464767662,-0.04040631762
0.448709525,0.19611648,0.7270510568,0.1102117922,0.5403306458,0.8306608678,0.1098653018,0.1817460604,-0.1064051883,0.5493566239,0.4548578214,0.1633640583,0.2654353963,0.02259957303,0.04622844914,0.1241607246,-0.05479010357,-0.04547386943,0.8136481005,0.168631214,0.08400549079,0.1817513002,0.02480064421,0.226446763,0.3172782004,0.7411968497,0.09954903543,0.8879817877,0.90283447,0.3713867795,0.5995078195,0.2404137721,0.1632442125,-0.1342710078,0.5280310067,0.4457248316,0.4442462784,0.07618145819,-0.05880234445,0.2271375645,-0.1876759238,0.1505761287,0.3264123561,0.1771442068,-0.4397110705,-0.01936167738,0.00111897723,-0.4108961167,-0.02035057157,-0.07068411732,0.1290415921,0.8898331679,1.352653868,1.055599749,0.128847443,1.558857281,0.7487145409,1.230375617,0.9805726053,1.589295137,2.011416764,1.391406089,-0.3650967249,0.8673006562,0.8339389267,0.5541762063,0.2390210289,0.1971544655,-0.1472796173,0.05707484344,-0.0002644707382,-0.2276615779,-0.4155530271,0.1319263174,0.2904032109,0.3968082362,0.1028843778,0.08951735742,-0.005197780674,0.3659560235,-0.03569453945,0.1441425534,-0.04342749197
0.4541045266,0.1937516598,0.7180309158,0.1014132493,0.5266958009,0.8200118145,0.1122383922,0.1859015121,-0.1131776324,0.5658200152,0.4335736935,0.1614958057,0.2685549061,0.02905289626,0.05203616146,0.1211350463,-0.05334863442,-0.04204970118,0.8144759276,0.1668284065,0.06726784665,0.1727318627,0.02173183411,0.2250379145,0.3155813063,0.7371453007,0.09920318209,0.9077117812,0.9019932671,0.381400132,0.594744408,0.2289089973,0.1668533994,-0.1394392983,0.5204150046,0.4440530315,0.4436925401,0.08003159939,-0.05525862492,0.2327374609,-0.1865459436,0.1463459009,0.2946463436,0.1789792272,-0.4409048142,-0.01367936009,-0.0004645107899,-0.4112686128,-0.01972241205,-0.07351234713,0.1381885476,0.8827936878,1.348262838,1.052489578,0.1218441196,1.554106091,0.7485939716,1.231817777,0.9813731302,1.588435509,2.012036404,1.381027215,-0.3666307613,0.9354414392,0.8282679714,0.5578757217,0.2353563331,0.1954027732,-0.1491950885,0.05539569239,-0.003683998814,-0.2251614445,-0.4155595128,0.1333231068,0.2900326986,0.4009301829,0.107648691,0.0886405067,-0.0122486641,0.3560061596,-0.04149752494,0.1369354503,-0.04664173563
0.4620817063,0.1895256315,0.7127424219,0.09329757071,0.5094330056,0.8117455682,0.1109479641,0.1881809424,-0.121282958,0.5775651114,0.4164498721,0.1628499567,0.2720405078,0.03516571297,0.05764489627,0.1207428588,-0.05387305149,-0.04155801229,0.8107903546,0.1687649399,0.05181609553,0.1673605125,0.0183933319,0.2252334682,0.3169256112,0.7322869936,0.1017106843,0.9282384241,0.9038100217,0.3952416573,0.589587399,0.2165791956,0.1651608582,-0.148430267,0.5099655169,0.442408246,0.4387623206,0.08371170415,-0.05247520506,0.2355133136,-0.186513061,0.1434847982,0.2668435621,0.1777998626,-0.4426247389,-0.008103528389,-0.002155326157,-0.4124089762,-0.01788633342,-0.07368749321,0.1488903742,0.8767850439,1.342907522,1.049433008,0.1134901479,1.548019205,0.7464443735,1.228021975,0.9769287061,1.587199092,2.010677,1.370586501,-0.3680934152,1.002023618,0.81393373,0.5546904115,0.2328129538,0.191301059,-0.1494291576,0.0566614969,-0.003657777081,-0.2244466553,-0.4140655005,0.1328303261,0.2944129514,0.4040742934,0.1151673614,0.08580603867,-0.01446685111,0.3457632121,-0.04685615582,0.134334365,-0.04824401522
0.4661065527,0.1846281722,0.6998041231,0.08633025378,0.4909821382,0.8077177948,0.1108820351,0.1895700622,-0.1333464009,0.5885313647,0.4016484527,0.1629132153,0.2746897576,0.04370979561,0.06836776855,0.1170477674,-0.05594577057,-0.04130462861,0.8100418256,0.1721980774,0.04028932073,0.163395099,0.0180829971,0.2244212404,0.3192903501,0.7274232355,0.1060559833,0.9430285609,0.9040228821,0.4114622579,0.5804133237,0.2041799026,0.1609599324,-0.1549879954,0.4971547727,0.4422765609,0.4390601712,0.08756096175,-0.04901725186,0.2401320625,-0.1881043682,0.146841937,0.2349440922,0.1763924401,-0.4419763076,-0.001652260417,0.0007875733212,-0.4095212177,-0.01784781101,-0.07188132488,0.1636424629,0.8702199865,1.338551647,1.046893864,0.1049078235,1.547937187,0.7436929843,1.226702429,0.9785704252,1.585106989,2.006440622,1.358830801,-0.3685368698,1.068247603,0.7977236273,0.5584280792,0.2308338038,0.1875756865,-0.1482369352,0.05676317914,-0.002553306972,-0.2226471027,-0.4135270084,0.1319318312,0.2957072736,0.406692639,0.1241297959,0.08452981453,-0.01551649849,0.3358766355,-0.05265900121,0.1289442344,-0.05311497189
0.4705085409,0.1826228754,0.6856205103,0.08101687579,0.4767999211,0.8021636759,0.1123576882,0.1922541154,-0.140018602,0.5975776455,0.3835794097,0.1655752512,0.2766648618,0.05166687175,0.07818683838,0.1130427344,-0.06027898929,-0.03776657585,0.8070205761,0.1758159454,0.02765456782,0.1565791213,0.01887230858,0.2265753602,0.3169244229,0.7230547495,0.1066589642,0.9632550291,0.9068918762,0.4324707515,0.5780260346,0.1940107911,0.1617471782,-0.1591855419,0.4865334341,0.4416602508,0.441739318,0.09263928475,-0.04113021576,0.2441629935,-0.1864922313,0.1463856881,0.2064212018,0.1807238138,-0.4417339326,0.005867529168,0.001838521068,-0.4059375828,-0.01444624634,-0.07128815596,0.1785967014,0.8646547001,1.335520784,1.04287146,0.1003778153,1.544667208,0.74415554,1.224045957,0.9789442349,1.584173824,2.0038826,1.348348331,-0.3693521289,1.128965235,0.7811318171,0.5591177618,0.2321075119,0.1882617607,-0.1473281489,0.05679210164,-0.002283437174,-0.2194643397,-0.4112808719,0.1311025946,0.2980472374,0.4075482599,0.1302152594,0.08525310384,-0.01745859925,0.324923464,-0.05811290598,0.1278754184,-0.05725277091
0.4729922382,0.1868043899,0.6727302708,0.07760065141,0.4657583784,0.7978469999,0.1159428935,0.1956304404,-0.1485351655,0.6042714178,0.375569116,0.1645298238,0.2790734784,0.05945477633,0.088053258,0.1120062533,-0.06472113881,-0.03421044766,0.80787797,0.1771169146,0.01811140811,0.1497204502,0.01928507646,0.2272084874,0.313439529,0.716806376,0.1075722229,0.9837509408,0.9056303412,0.4529425181,0.5686118537,0.1835107949,0.157837717,-0.1635236609,0.470641114,0.4411241517,0.4409911436,0.09631365744,-0.03589996289,0.2438636929,-0.1874193344,0.1474164959,0.1752234137,0.1834839729,-0.4393608667,0.01105512829,0.003699954145,-0.4013596696,-0.01588862705,-0.06972342876,0.1961792431,0.8593646711,1.335742811,1.040280064,0.09776377033,1.543212394,0.7479055225,1.221835016,0.9793732639,1.58312551,2.003382618,1.339796716,-0.3688792913,1.176629795,0.7652773205,0.5666851377,0.2289614754,0.1850655466,-0.1449165015,0.05607955334,0.0004703799587,-0.2138974675,-0.4094895748,0.1311155223,0.2992272909,0.4125953068,0.1350481396,0.08674462062,-0.02010352608,0.3177469548,-0.06128377514,0.1298106488,-0.0620428169
0.4726872829,0.1915807155,0.6623023006,0.07461107351,0.4555321573,0.7982070609,0.1133650666,0.1984512202,-0.1582916237,0.6123126679,0.3662226111,0.167108519,0.2822747831,0.06728720635,0.1016692559,0.1069799323,-0.06955592334,-0.03081643633,0.8059026486,0.1765291305,0.00723042983,0.1436227325,0.0185094587,0.2273743986,0.3105287499,0.7097551524,0.1100187713,1.007463022,0.9069524388,0.4738904566,0.5582534936,0.1741454339,0.1565601791,-0.1665069125,0.4529274023,0.4407613934,0.4414475676,0.09847333525,-0.02856911489,0.2443358765,-0.1858194122,0.1497169189,0.1493101991,0.1816307682,-0.4391021945,0.01988568965,0.003631543202,-0.3958593902,-0.01386581093,-0.06929151113,0.2169974234,0.8546798171,1.338165581,1.040583213,0.09520816312,1.539939643,0.7503667005,1.222618471,0.9779715555,1.582581204,2.002221055,1.33119264,-0.3672776542,1.199714104,0.7500805087,0.5821158238,0.2219197103,0.1828147981,-0.1431084838,0.0550909144,0.0006026124137,-0.2136786573,-0.4065771729,0.1271316249,0.3044547501,0.4199717336,0.1401067544,0.08473677247,-0.01970223117,0.3113350151,-0.06662044398,0.1301571704,-0.06474383112
0.4779081469,0.1973900117,0.6518907593,0.07275689378,0.4459686037,0.7946773245,0.1117049903,0.1969863125,-0.1663981318,0.6176094018,0.3494868473,0.1707746595,0.2847050513,0.07561017106,0.1138638117,0.1101769901,-0.07747656406,-0.02529299065,0.8068418561,0.1733648517,-0.004107544828,0.1332675216,0.02133191674,0.2245998363,0.3052042131,0.7030736259,0.1095958322,1.031377523,0.9043444734,0.4934160061,0.5548804036,0.1660567928,0.1552497744,-0.1698319966,0.4310022618,0.4419580996,0.4416268494,0.09982483595,-0.0219794511,0.2509828738,-0.1846892299,0.1533354503,0.1283836428,0.1889921831,-0.4379654703,0.02986152107,0.003464612309,-0.3899618464,-0.01533714842,-0.06661263745,0.2346482461,0.8505198578,1.337662686,1.04059436,0.09136611484,1.533306521,0.7518916604,1.222589456,0.9790906263,1.582001808,2.001627999,1.31970199,-0.3668620431,1.199922431,0.7402105267,0.5921964883,0.2218823693,0.1822810283,-0.1427061336,0.05605882722,0.00248228258,-0.2083025942,-0.4037087151,0.1234601908,0.3127758527,0.4247028204,0.1421165661,0.08529650862,-0.02193054238,0.304509668,-0.07021640282,0.1324167444,-0.06892337356
0.485642432,0.2030505664,0.6474638551,0.0716337059,0.4420449295,0.7948804103,0.112973145,0.1962081196,-0.1730552293,0.618351576,0.336988732,0.1722501527,0.2831084286,0.08298147333,0.1293609241,0.1074665204,-0.08694382845,-0.02225833365,0.8057473923,0.1722595761,-0.01559210254,0.123782563,0.01840574394,0.2196990136,0.2955853277,0.6933678446,0.1071357749,1.050123513,0.9012576446,0.5138013419,0.5543316085,0.1561095981,0.1521396554,-0.1731272525,0.4098493123,0.4436158613,0.4423250021,0.1005434522,-0.01433422432,0.2565777118,-0.1846875716,0.1557421967,0.1027434738,0.1903585357,-0.435920017,0.0377529564,0.007126850802,-0.3829960352,-0.01420201118,-0.06477657738,0.2534345098,0.8439922879,1.33784369,1.038200477,0.08736731024,1.527730656,0.7541967107,1.222467792,0.9771217736,1.581812537,1.999440121,1.308669338,-0.366488398,1.191396412,0.7303683141,0.6046457575,0.2216989249,0.1835854786,-0.1407555755,0.05747901943,0.005291218867,-0.2045074122,-0.4011196732,0.1237426632,0.3169746684,0.4324438428,0.1418835894,0.08515175183,-0.02413242314,0.3007910841,-0.07337291085,0.1322824977,-0.07285469768
0.4900836573,0.2076694648,0.638848298,0.07040030828,0.4383819987,0.7936477351,0.1113492406,0.1950838142,-0.1821407318,0.6272629933,0.3321462937,0.1750745445,0.2840632026,0.0916884638,0.1445419497,0.105805598,-0.09283651661,-0.01712140227,0.805694197,0.170619866,-0.02336732944,0.119354844,0.01725061449,0.2163099643,0.2841267994,0.6869419247,0.1059841109,1.066998093,0.9025370872,0.5375708596,0.5527791052,0.1444906075,0.1496351335,-0.1746229218,0.3888291087,0.4454035855,0.4422930242,0.1001680807,-0.01051377042,0.2581785169,-0.1831860141,0.1521559662,0.07389956523,0.1927132287,-0.4355617272,0.0469349569,0.01122167585,-0.3738457042,-0.01032804019,-0.06418115248,0.2720185882,0.837818685,1.335987936,1.036381845,0.08950052563,1.523129085,0.7524308653,1.220288288,0.9776845572,1.581020558,1.997419775,1.296646421,-0.3664462646,1.175197342,0.7199826837,0.6138319404,0.2195985138,0.1830634935,-0.1405872943,0.05648393088,0.004723491584,-0.2005957209,-0.4008925844,0.1232823322,0.3281576571,0.43662479,0.1444985426,0.08607593972,-0.02200786266,0.2937774811,-0.08038867691,0.1317680572,-0.07549984727
0.4950285958,0.2115272841,0.6297966629,0.06634514493,0.4401225502,0.794135881,0.1099551079,0.1953835107,-0.1906416004,0.6301876878,0.3244300743,0.1797722095,0.2844285126,0.1013244766,0.161355639,0.09831483619,-0.09848549026,-0.009495635389,0.8073192536,0.1687321094,-0.02882918455,0.1131814893,0.01724619607,0.2146991018,0.2751484765,0.6811810411,0.1057640343,1.08063226,0.9010109171,0.5617009118,0.5472539182,0.1380477289,0.1505869507,-0.1755835169,0.3678747925,0.4446858776,0.44184437,0.1017896232,-0.003036770409,0.2637213998,-0.18302694,0.150894973,0.04913083525,0.1974175586,-0.4332447639,0.06173860907,0.01804351675,-0.3633440329,-0.008509533185,-0.06204268855,0.290734445,0.8297642155,1.335904396,1.033882108,0.09051208641,1.521275602,0.7536216939,1.220654419,0.9763963576,1.580722319,1.993925836,1.283816942,-0.3656256511,1.153469585,0.7143563264,0.6186474918,0.2224441921,0.1810961541,-0.1406195878,0.05749101169,0.004898963142,-0.1970169233,-0.4009753546,0.1226581508,0.3357244811,0.4442693387,0.1456194324,0.09309952531,-0.02425691505,0.2860338172,-0.08577455893,0.1367901514,-0.07540815486
0.5028282081,0.211962962,0.6188567425,0.06836107133,0.4466547779,0.791743112,0.1113699102,0.1957684278,-0.2004252021,0.6288954832,0.3176490125,0.181247162,0.2850732482,0.1115234472,0.1765658063,0.09282775566,-0.1010876937,-0.001408570672,0.8058701541,0.1726277472,-0.03079356659,0.110966672,0.01851006581,0.2106105069,0.2682903923,0.678506737,0.1094015274,1.089871345,0.9056572441,0.5851697363,0.5493679671,0.1338048879,0.1499468603,-0.1787721521,0.3383511625,0.4463258401,0.4469109132,0.1033458473,0.006467028902,0.2657417667,-0.1796690732,0.1477961566,0.02903172869,0.2185714754,-0.4326462248,0.06950041972,0.01534169416,-0.358741036,-0.01038553787,-0.06092669627,0.3129671431,0.8234464918,1.336536548,1.033216547,0.08807537917,1.517184053,0.7552645204,1.219268675,0.9729952279,1.579192286,1.996206149,1.269583302,-0.3664681847,1.131956569,0.71018345,0.6168247915,0.2235169886,0.177692555,-0.1379932682,0.05788275873,0.00656768214,-0.1915368959,-0.4018048222,0.1252330016,0.342441403,0.4479176869,0.1498880304,0.08891250998,-0.01785536963,0.279148308,-0.08714923505,0.1355825942,-0.07492660272
0.5115553434,0.2119311663,0.6146075553,0.07136472278,0.4589189533,0.7885592761,0.1103371402,0.1925767398,-0.2055266262,0.6270285453,0.3134585934,0.1855397093,0.2847878084,0.1182052086,0.1895603836,0.08757373906,-0.09990714207,0.005575471969,0.8056665684,0.1742369718,-0.03265086137,0.1104952669,0.01782794312,0.2066385983,0.2564412481,0.6753412747,0.1116028176,1.101753598,0.9062564867,0.6118901522,0.5461264418,0.1301857355,0.149980371,-0.1825902943,0.312060921,0.4480667698,0.4465257653,0.1038001085,0.01218393968,0.2672010971,-0.1797051106,0.1521158005,0.003832388184,0.2396716819,-0.431327438,0.0807665872,0.01674493778,-0.3515616187,-0.01109932007,-0.05994390936,0.3377167405,0.8126188208,1.333976572,1.030240881,0.08563745729,1.510274099,0.7583660465,1.219241749,0.9722035576,1.579190194,1.998178154,1.257164446,-0.3676932988,1.101949511,0.7049954184,0.6146228338,0.2274592187,0.1750050042,-0.1366701228,0.0562125095,0.009958901447,-0.1884111054,-0.4000864566,0.1253852283,0.3516577857,0.4520396336,0.1553425543,0.08877930307,-0.01223114833,0.2742671133,-0.0908043898,0.1369484181,-0.07494597167
0.5150542246,0.214795876,0.6097016266,0.07249992272,0.4753846867,0.7859992139,0.1088769893,0.1893489088,-0.2105289362,0.6253410137,0.3076608695,0.1931291184,0.2837309111,0.1255101755,0.2044323254,0.08161759331,-0.0869876267,0.01608445567,0.8068121657,0.1700719475,-0.0406091516,0.1041494286,0.01524977971,0.2009966766,0.2404338692,0.6678036925,0.1096090132,1.109815762,0.9037850671,0.6351952164,0.5423709616,0.1294714343,0.1472415457,-0.1800066531,0.2864412366,0.4471543621,0.4486634064,0.1042616198,0.01798467059,0.2691833897,-0.1788114968,0.1512258039,-0.02175565175,0.2591684299,-0.4306601669,0.0965931243,0.01981380351,-0.3448251896,-0.008915448071,-0.05758723063,0.3597985969,0.7969099926,1.335966438,1.029195188,0.0841586304,1.508741647,0.7593243515,1.217607311,0.9698982272,1.581144663,1.995062037,1.243738385,-0.3678933235,1.065915073,0.7007101395,0.6081374172,0.2318066103,0.170638903,-0.1379678668,0.05588260488,0.01012490107,-0.1850655343,-0.3990210319,0.124293302,0.3548339483,0.4585172713,0.1534148933,0.08866840448,-0.005160688444,0.2717597127,-0.09141915158,0.1358763602,-0.07900996832
0.5194070541,0.2181013818,0.5998893601,0.07662049833,0.495662577,0.7887797957,0.1072327716,0.1920182994,-0.2175520145,0.6202042325,0.3064669012,0.2020494296,0.2848982314,0.1324900563,0.2150149104,0.08256048428,-0.05911325224,0.0331248941,0.8084529335,0.1709940756,-0.03999031076,0.09988413574,0.01403791913,0.1984860379,0.2255325834,0.6644325383,0.1095960289,1.11573596,0.9016588254,0.6532667906,0.5405257676,0.1308297959,0.1487632471,-0.1777358182,0.2560899082,0.4445686041,0.4472451724,0.1026666985,0.01978179103,0.274743408,-0.1783229901,0.1504683753,-0.04760617291,0.2774323691,-0.4306588748,0.1156058444,0.02126006,-0.3387868982,-0.009626734889,-0.05539862242,0.379034941,0.7760270534,1.329495494,1.029038954,0.08096300797,1.509621168,0.7602806715,1.21626141,0.9664562947,1.580135769,1.992810461,1.227494532,-0.3705354107,1.029771511,0.6956169951,0.6014595416,0.2282607691,0.1667395141,-0.1391449475,0.05668749691,0.009986996161,-0.1806406752,-0.3998662506,0.1209932696,0.3543785955,0.4639254968,0.1521486903,0.088893862,-0.0003765523812,0.2670079573,-0.09336648683,0.1347970815,-0.0804564376
0.5219066749,0.221065511,0.597991054,0.08265063605,0.5209734379,0.7907727262,0.1065721444,0.1886099875,-0.2195008659,0.609895854,0.3048562683,0.2089214445,0.283327771,0.138437022,0.2260903758,0.07966202386,-0.02585350052,0.05306231664,0.8074816851,0.1729378787,-0.04192795777,0.09261050504,0.01349384668,0.1951834603,0.2131798818,0.6589484132,0.1109138652,1.118187325,0.9019695146,0.6688950465,0.5396401426,0.1310036015,0.1486058928,-0.17122006,0.2228362095,0.4435836218,0.4503147325,0.1026511789,0.02311382744,0.2782528275,-0.1776667943,0.1502039966,-0.0665853873,0.2917681389,-0.4295155651,0.1403511921,0.02157958416,-0.3332162055,-0.006911555243,-0.05700713615,0.3940837524,0.7513992399,1.323917298,1.026988802,0.07870120921,1.506311428,0.7603764091,1.215534797,0.963329037,1.57943334,1.990290425,1.210929984,-0.371400266,0.9885349743,0.6912745091,0.5912527598,0.2239895345,0.1643572125,-0.1402724524,0.05293301367,0.01275124847,-0.1781181548,-0.4006766139,0.1197165179,0.3568715417,0.4683599865,0.1521347102,0.09267420795,0.006194506322,0.2592951123,-0.09696346146,0.1318499168,-0.08381904931
0.5268313619,0.2225259391,0.5852977551,0.08564655696,0.5485012824,0.7932316725,0.1053572676,0.1870495392,-0.2193462821,0.6005583852,0.3014759598,0.2161876864,0.2824476347,0.1417409365,0.2366885935,0.0806017749,0.008930604572,0.07163181386,0.8066246211,0.170421417,-0.04667223257,0.09066104981,0.01274504298,0.1946744552,0.199842446,0.6530252045,0.1097381016,1.121272227,0.9006954608,0.6851392624,0.5410932822,0.1308153186,0.1518421595,-0.1637472576,0.1891618203,0.4436822349,0.45050599,0.1047839182,0.02251644912,0.2842348388,-0.1760142115,0.153555163,-0.08267405232,0.3120098234,-0.4278152304,0.1781066152,0.0211726005,-0.3274139746,-0.005291846714,-0.05649179854,0.4038544493,0.7167064547,1.318938819,1.025899783,0.07457402368,1.504751193,0.7576763305,1.212356955,0.9582405798,1.574603356,1.985215741,1.191245262,-0.3720096103,0.94318458,0.6860407021,0.5765797963,0.2238386179,0.1626337649,-0.141348084,0.05248876272,0.01672897839,-0.1772698062,-0.4029555762,0.1178867431,0.3590911713,0.4761420132,0.1497487344,0.09260001175,0.01523793236,0.2563183527,-0.09938439902,0.1341768351,-0.08389433059
0.5291293669,0.2264257907,0.5783965837,0.09143252857,0.5789218608,0.7933467355,0.1054528647,0.1865416709,-0.218995405,0.5925988098,0.2988179598,0.2218606459,0.2798670685,0.1446275444,0.2453075181,0.08037944751,0.04271874328,0.09375903141,0.8089338774,0.1637236917,-0.05208539828,0.08465060014,0.01015443381,0.1898693233,0.1851520898,0.646618071,0.1074232647,1.12078136,0.8980759301,0.697841663,0.5426345782,0.1325256862,0.1549696607,-0.152692716,0.1562246247,0.4427222288,0.4495035976,0.1052163613,0.01927140541,0.2909259097,-0.1761425062,0.1552307252,-0.09966016899,0.3470650819,-0.4232672501,0.2183900175,0.0224457814,-0.3206254324,-0.004046392957,-0.05816204408,0.4107175891,0.6702819007,1.312899285,1.021570397,0.07060895914,1.499875728,0.7580171344,1.211912231,0.9579439259,1.571874477,1.978422562,1.170600531,-0.3723682627,0.8926248432,0.6857797379,0.5715128028,0.2224518776,0.1614897529,-0.141254258,0.05018319263,0.018067143,-0.1756843506,-0.4049048691,0.1178310086,0.3597454087,0.4833565874,0.1441668768,0.09540215497,0.0255014598,0.2514015643,-0.1027986369,0.1339834963,-0.08400725252
0.5307133869,0.2272338653,0.5768239898,0.09496193598,0.6092177692,0.7942378509,0.1075648225,0.1836861958,-0.2150511551,0.5836626122,0.2924522155,0.2249562233,0.274949396,0.1458010291,0.254805983,0.0784039243,0.07591107087,0.1175319551,0.8096579942,0.1582678406,-0.05975405276,0.07549018578,0.005278322351,0.1855019667,0.1702469419,0.6409053194,0.102941795,1.122623708,0.8931370287,0.7057086427,0.547554446,0.133650756,0.1611368374,-0.142861427,0.1282922527,0.4402214761,0.4480775617,0.1053255426,0.01740974028,0.2984381848,-0.1756287208,0.1525818069,-0.1115070155,0.3731249085,-0.4221595776,0.2617238382,0.02080801524,-0.3187450725,-0.001609344028,-0.05995324091,0.4134117283,0.6178606053,1.309496226,1.017364457,0.07112636298,1.496266474,0.7578236743,1.211126497,0.9528886626,1.570465628,1.975982744,1.149204752,-0.3718961949,0.8419996782,0.6890332783,0.561403043,0.2239332513,0.1602667066,-0.1421194467,0.04733632502,0.01890848604,-0.1745029004,-0.4055126748,0.1175997627,0.3639152453,0.4932735658,0.1369087829,0.09333331754,0.03975150598,0.2468461819,-0.1045882449,0.1336265121,-0.0860590253
0.5307583401,0.2266831027,0.5745924047,0.09827385754,0.6378313334,0.795795008,0.1098046292,0.180688017,-0.2168641276,0.573284679,0.2921371416,0.2305932667,0.272902962,0.1465733571,0.2636795031,0.07893315465,0.109524888,0.1402776704,0.8118917049,0.1521491641,-0.06599313636,0.07002020997,-0.0001664495402,0.1783300015,0.1571209308,0.6321604625,0.1023806522,1.121626308,0.8887792965,0.7110350472,0.5483042832,0.1313817442,0.1650336601,-0.1317817996,0.09801777429,0.4396299987,0.446623465,0.1047271865,0.01609941105,0.3057925948,-0.173886995,0.1517173818,-0.1240697451,0.3928585406,-0.4222195149,0.3080505733,0.02104069437,-0.3155530488,0.0004395695854,-0.06191317479,0.4134897535,0.5606254837,1.307938678,1.017964006,0.06511098239,1.498132268,0.7568101313,1.210574213,0.9505750116,1.570276893,1.974259654,1.131012616,-0.3719108864,0.7929320097,0.6916985576,0.5449623999,0.221039053,0.1577083391,-0.1433549011,0.0451241736,0.02349209854,-0.1771213452,-0.4071192829,0.1176977078,0.3690514243,0.500989644,0.1327954786,0.09542933551,0.05109657654,0.2420722022,-0.1056275709,0.1345807542,-0.08621259339
0.5344874178,0.2235672851,0.5724094243,0.1003995972,0.6661579889,0.7951049859,0.1081535513,0.178552271,-0.2159763462,0.5621058246,0.2868974536,0.2383781673,0.2734520097,0.1464817403,0.2704266657,0.07597604841,0.1406806777,0.1641494001,0.8119214778,0.1446382378,-0.07218452347,0.06545421678,-0.005141857337,0.1729993777,0.1451744421,0.6239212306,0.09850547512,1.115621518,0.8839053933,0.7149626778,0.5544642289,0.1299234631,0.1682227951,-0.118051681,0.07037590022,0.4375988853,0.444919035,0.1041818465,0.01333006786,0.3124153986,-0.1716047489,0.1515435126,-0.1362693722,0.4120591945,-0.4229946147,0.3580160094,0.01830958207,-0.3143281264,0.001399614437,-0.06211939187,0.4138023152,0.4992233171,1.306241149,1.019539709,0.06192295147,1.498542249,0.7527589154,1.209687186,0.9496973308,1.569929839,1.970772463,1.109950848,-0.3714302848,0.7444826333,0.6958598061,0.5389840562,0.2237460029,0.1575191435,-0.1465252498,0.03992477462,0.02516713216,-0.1780501622,-0.4085731896,0.1163668609,0.3772140034,0.5088321519,0.1287136295,0.0942776868,0.06391265862,0.2409161458,-0.1069158,0.1318118237,-0.08591552333
0.5387029787,0.2218227125,0.5743582437,0.102112209,0.6957277055,0.7930176995,0.1095976654,0.1777608631,-0.2152045026,0.5529628156,0.2837797595,0.2444154623,0.2730489898,0.1438540844,0.2731499105,0.07824925736,0.1737818584,0.1871137063,0.8111132381,0.1400654112,-0.07877550201,0.05913889319,-0.006751038202,0.1685107926,0.1313995006,0.6180661059,0.09497021663,1.107808124,0.8787777985,0.7162952455,0.5603222663,0.1276738665,0.1712541014,-0.103737966,0.04295772092,0.4372238112,0.4451980071,0.1028141918,0.01373837102,0.3228511573,-0.1690711715,0.1459700255,-0.1486124669,0.42510299,-0.4226597079,0.4040224171,0.01675599823,-0.3100225322,-0.001615218565,-0.05911719524,0.4102833478,0.4336105446,1.303882235,1.019108543,0.0576655293,1.500803163,0.7546683882,1.209220665,0.9498496401,1.569612182,1.971067914,1.08743626,-0.3721099741,0.6966467967,0.6983234379,0.5234806886,0.226527169,0.1539981458,-0.1461916896,0.03783540107,0.03058101035,-0.1771842089,-0.4112311479,0.1191316412,0.3813127777,0.5113852325,0.1216652363,0.09649872537,0.07327271253,0.2412730809,-0.1055302654,0.124642519,-0.08497593849
0.5368243741,0.2202926443,0.5804764243,0.1032320272,0.72713354,0.7902472933,0.1111686484,0.1760316546,-0.2120393525,0.5416528802,0.290937547,0.2501894502,0.2717409343,0.1401902935,0.2747974839,0.07967336812,0.2078138408,0.2097216551,0.8116030891,0.1361963895,-0.08147791096,0.05453629598,-0.01115997791,0.1646441304,0.1219451997,0.6136440714,0.09245123839,1.095884803,0.8800200165,0.7184552996,0.5611742692,0.122851441,0.1741680697,-0.0927101598,0.01811530642,0.4343679654,0.4476304487,0.1022724542,0.0131610946,0.3231001497,-0.1679980988,0.1420634787,-0.1610988213,0.4315126106,-0.4223140057,0.4499013537,0.01505186936,-0.3060574352,-0.0009336683398,-0.06274742593,0.4060233175,0.3674268734,1.305183508,1.017409525,0.05535659568,1.50409804,0.7515700717,1.20688825,0.9481944388,1.567036365,1.969641207,1.064106573,-0.3715128448,0.6471093184,0.6980498646,0.5133992316,0.227169108,0.1528186516,-0.1461938042,0.03553560877,0.03419056572,-0.1802408978,-0.414385772,0.1197063471,0.3893437156,0.5155793921,0.119882204,0.09795945073,0.07944977829,0.2414694538,-0.1057003223,0.1207847313,-0.08524056794
0.5345233886,0.217015677,0.5815115727,0.1046251496,0.7540001163,0.7906730335,0.1120147679,0.1726230625,-0.2100397077,0.5323739269,0.2955485137,0.2606210933,0.2729412732,0.1368747319,0.2787343379,0.0865983346,0.2391682234,0.2310336993,0.8105278416,0.1310927632,-0.08707171288,0.05121415553,-0.01357867355,0.1617268058,0.113148197,0.6090105855,0.08873967601,1.088145155,0.8809893502,0.714888144,0.5625600834,0.1187206959,0.1769789648,-0.08115825312,-0.00490918563,0.43246136,0.4475840229,0.1018881107,0.01147632084,0.3251123214,-0.1692835129,0.1439440753,-0.168761659,0.4331241411,-0.4214714243,0.5027892789,0.01344400738,-0.3009388018,-0.001223132234,-0.06217671427,0.4007003792,0.304772506,1.302205671,1.018042689,0.05246831146,1.505156516,0.7517397135,1.203913656,0.9460783938,1.565740816,1.969051583,1.036713557,-0.3710958951,0.5982915045,0.6972835551,0.4961013533,0.2246378393,0.1473018134,-0.1466674247,0.03328096379,0.03683350238,-0.1811095542,-0.417057143,0.1168403059,0.39775827,0.5170878909,0.116993667,0.1005293351,0.08488298358,0.2416046229,-0.1058724108,0.1177907055,-0.08566396553
0.5315289555,0.2134889976,0.5833729993,0.1042592771,0.7776465429,0.7912095671,0.1142448634,0.1699883205,-0.2085026854,0.5215561238,0.2938958022,0.2710897339,0.2778993019,0.1326966594,0.2838808702,0.09058432541,0.2680353689,0.2508814003,0.8116504288,0.1278811147,-0.09354777119,0.04472238,-0.01625660549,0.1583782333,0.1053560809,0.6037430542,0.08880394151,1.078985332,0.8786137696,0.7098528558,0.5640184205,0.1168295425,0.1806361305,-0.07392758121,-0.02951139191,0.429434958,0.4470800494,0.1021705909,0.01322539935,0.3285325349,-0.1687204238,0.1458089,-0.1723387883,0.4312482725,-0.4210035968,0.5495127233,0.01350197234,-0.2974634161,-0.004275499886,-0.06233165908,0.3949912123,0.2415546395,1.307830492,1.015719172,0.04666441357,1.506133805,0.7546433453,1.20575044,0.9438762049,1.563860371,1.970756582,1.007299801,-0.3715132464,0.551181469,0.6964123497,0.4785026729,0.223309323,0.146921821,-0.1477224323,0.03091687687,0.03947622498,-0.182835015,-0.4173802824,0.115274264,0.4036722404,0.5202854208,0.1147755959,0.09982850251,0.08619742826,0.2448039298,-0.1039455664,0.1174382894,-0.08577726911
0.5283182078,0.2101929529,0.5862054272,0.1063518746,0.8023174036,0.792409296,0.1151510318,0.1689732843,-0.205972855,0.5113541232,0.298456132,0.2796884226,0.2778180483,0.1283330642,0.2851337869,0.098633286,0.2947457169,0.2649462781,0.8110528675,0.123212376,-0.100284156,0.04121797202,-0.01858494281,0.155013746,0.09878557396,0.5977321863,0.08543878987,1.064118669,0.8777656025,0.7027100382,0.5665068601,0.1118288648,0.1852689674,-0.06547006002,-0.05316342273,0.426283273,0.4484229619,0.1011271949,0.0112478417,0.3307919345,-0.168338735,0.1470045345,-0.1767647039,0.425332556,-0.4214677564,0.5873984125,0.008811726296,-0.295064659,-0.003954583827,-0.06390500002,0.3872236953,0.1797143161,1.310083994,1.016832009,0.04456267767,1.505757374,0.7557175319,1.203997615,0.9425067559,1.563115698,1.970474335,0.9767030979,-0.3732167198,0.5070438964,0.6902561648,0.4700838355,0.223787769,0.1474782636,-0.1500308816,0.0276322415,0.04254721806,-0.1840429415,-0.4188761919,0.1131872388,0.4184418906,0.522968348,0.1121434198,0.09759853567,0.08649403171,0.2456953343,-0.1005311884,0.1126117445,-0.08861954308
0.5263982838,0.2121628867,0.5899273261,0.1047575995,0.8238018356,0.7932845431,0.1159277476,0.1657938307,-0.1985330565,0.5024917261,0.3017347705,0.2893714671,0.2804842585,0.1237321257,0.2907173558,0.1098968272,0.3175383002,0.2808039472,0.8135598951,0.1136800258,-0.1076744645,0.03596317315,-0.02406755794,0.154298151,0.09402460545,0.5901953926,0.08124851506,1.05345496,0.8738002631,0.6997666351,0.564768745,0.1018886762,0.1861370589,-0.05417929868,-0.07301361381,0.4248420868,0.4453660517,0.0987615249,0.008695460383,0.3326051476,-0.1698868458,0.1485246491,-0.1799866973,0.4040816414,-0.4204006812,0.6273154384,0.005121836674,-0.2929182643,-0.00673131614,-0.06730768437,0.3754681379,0.1170236829,1.307945506,1.014286247,0.04716582463,1.503390819,0.7542711216,1.203121463,0.9383310867,1.562504814,1.964348904,0.9427169688,-0.3734919421,0.463441331,0.6849831076,0.4594105103,0.219567461,0.1452571689,-0.1550761062,0.02460454947,0.04281264622,-0.1852194014,-0.4184484426,0.1096897141,0.4291630119,0.5299315437,0.1083726628,0.09765180854,0.08249031078,0.2505072516,-0.1014840324,0.1140039462,-0.09088036692
0.5198593221,0.2127468408,0.5903789467,0.1018763681,0.8357265618,0.7940812315,0.1168855011,0.1671602561,-0.1954203659,0.4919224982,0.3080165163,0.2992174855,0.279203448,0.1208102245,0.2989731149,0.1202007649,0.3342417326,0.2953053978,0.8127634491,0.10796282,-0.1158240923,0.03132636657,-0.02640095451,0.1517511404,0.09054451443,0.5837882934,0.07854615061,1.038654487,0.8735575566,0.6932683895,0.5617713452,0.09259290977,0.1880288003,-0.03987603038,-0.09201382028,0.4216045927,0.443785488,0.09750626867,0.007996239551,0.3347684792,-0.1708094998,0.1487938645,-0.1787463367,0.3776531608,-0.4191209912,0.6653540747,0.003456624205,-0.29245106,-0.006467273914,-0.06651352815,0.3623917497,0.05473836134,1.30753138,1.015293231,0.04484845599,1.50493353,0.7519037385,1.201025918,0.9341328137,1.561616959,1.962393769,0.9063895374,-0.3734618899,0.4250299284,0.677537262,0.4479632735,0.2158503636,0.1462031468,-0.1591144631,0.02457609725,0.0442764611,-0.1853060384,-0.4201701614,0.1080559786,0.4419950352,0.5316824228,0.1043521025,0.09787422402,0.07723723576,0.2518024272,-0.1015715302,0.1095475744,-0.0903622714
0.5180295904,0.2129731327,0.5897085713,0.10333855,0.8428353354,0.7994992245,0.1153418698,0.1697418111,-0.1925239098,0.4785855178,0.3131760095,0.3039235695,0.281976653,0.1167489998,0.303490365,0.1330437928,0.3385957692,0.3067390376,0.8114412762,0.1072944838,-0.1200034376,0.03078414804,-0.02742764631,0.1523131725,0.0901357269,0.5799391453,0.07759826722,1.026619736,0.8756802334,0.6885757905,0.5598162703,0.08163033699,0.1879403986,-0.02948645983,-0.1116202229,0.4205824905,0.4399275886,0.09644318419,0.006104208285,0.3347491872,-0.1717290395,0.1521191231,-0.1778656148,0.3471004305,-0.4183287188,0.6892814444,-0.0004823304068,-0.2895657731,-0.009284816061,-0.06731183743,0.3486478948,-0.003592623617,1.300143362,1.011684749,0.04229018331,1.502278607,0.750242457,1.200641646,0.9277207827,1.560320826,1.95993615,0.8674043098,-0.3741466995,0.392836469,0.6744044647,0.4420059871,0.2153588754,0.1462669379,-0.1611549835,0.02186141318,0.04658466931,-0.1871199381,-0.4204867709,0.1090834154,0.4589482972,0.5317380063,0.1025142309,0.097400506,0.0710379505,0.2530078807,-0.1035174994,0.1069241638,-0.08981512245
0.5145367111,0.2132606894,0.587746527,0.1013085501,0.8481585029,0.7991738176,0.1184863303,0.1678780707,-0.1893188775,0.4653476586,0.3224528589,0.3095833212,0.2805306891,0.1120387098,0.3072060575,0.1422205964,0.3299942707,0.3141008846,0.809445089,0.1024824632,-0.1282993175,0.03070710853,-0.02996388534,0.1496505859,0.09297094767,0.5763408386,0.0750546648,1.012036792,0.8773764016,0.6830195387,0.5595833522,0.06824371573,0.1849619164,-0.01557164493,-0.1261012399,0.4207310273,0.4393632873,0.09497443652,0.005138250716,0.3333241669,-0.1716489968,0.157276527,-0.1703460369,0.3237518871,-0.4192475347,0.7121634315,-0.00352149678,-0.2835272977,-0.01127477636,-0.06874894795,0.3371636896,-0.05408031161,1.296168005,1.009274406,0.04366488837,1.495719186,0.7472607824,1.195030667,0.9216756202,1.558865401,1.955036911,0.8243908301,-0.3737776392,0.3602606374,0.6635936083,0.436608983,0.2183307834,0.1471606532,-0.1621013367,0.021010702,0.04691656153,-0.1916670592,-0.4218719818,0.1086952859,0.4739273153,0.5326741548,0.1006753144,0.09521740643,0.06667258033,0.2490868904,-0.1033432043,0.106602178,-0.09041331764
0.5076872822,0.2143608186,0.5860324821,0.09668374509,0.8461283841,0.7985526056,0.1200640844,0.1706492591,-0.1888810336,0.4537428298,0.328394252,0.3123337955,0.2842280552,0.1075044085,0.3109367501,0.1519746409,0.312385115,0.3145806325,0.80779628,0.09552262114,-0.1351429367,0.03134603696,-0.03154264321,0.1469767615,0.09368330549,0.5743821711,0.07454096702,0.9939238297,0.8748422223,0.6817547831,0.5561544691,0.06039855228,0.1838282473,-0.004430001486,-0.1373487296,0.4177979561,0.4340854843,0.09256648967,-0.00128257312,0.3315705943,-0.169392434,0.1601721596,-0.165414244,0.2982205148,-0.4200714847,0.7275570157,-0.005051525949,-0.2783521339,-0.01761537691,-0.06421376165,0.3311455753,-0.09880044138,1.290767398,1.009601548,0.04465772342,1.491527596,0.745726954,1.192938541,0.9178521357,1.556226705,1.951039965,0.7841874441,-0.3736578318,0.3307733598,0.654557446,0.4358423167,0.22180629,0.1456640611,-0.1635835739,0.02087300939,0.04635504184,-0.1929682763,-0.4223495434,0.1075182304,0.4876851703,0.5336138343,0.09916053317,0.09034063847,0.05768739089,0.2478751863,-0.1033152876,0.1050289422,-0.09085307865
0.5007158139,0.2148897119,0.5883940657,0.09760348104,0.8389130604,0.7974522848,0.1220883743,0.1743871064,-0.1884552297,0.4410592468,0.3381155015,0.3166407865,0.2837705455,0.1019583984,0.3133485165,0.1626235659,0.2929951425,0.3162136016,0.8079628351,0.09786947783,-0.1386751249,0.03369067884,-0.0312496448,0.1453852121,0.09840005801,0.5716461936,0.07564836657,0.9746096124,0.8782429323,0.6857686065,0.5529971208,0.05057679336,0.178680214,0.005412559041,-0.1460927806,0.4157510819,0.4268063639,0.08718151204,-0.00523952798,0.3290388324,-0.1700254542,0.1594864404,-0.161927899,0.266505806,-0.4207184571,0.7220753899,-0.008623847065,-0.2718720375,-0.02349313676,-0.06326953148,0.3279865799,-0.1346154079,1.289214491,1.006836544,0.04865116335,1.484342639,0.7446805131,1.191468126,0.9129563901,1.555040757,1.946877988,0.74198694,-0.3731097633,0.3032742147,0.6431359069,0.4374321416,0.2215234766,0.14181591,-0.1662529427,0.01773852917,0.04470708618,-0.1923444905,-0.421787535,0.1043927035,0.4969169037,0.5293432474,0.1005579252,0.08584744015,0.04564280926,0.2452035339,-0.1044084154,0.09939780114,-0.09166857818
0.4926749403,0.2166546026,0.5831072078,0.09348516513,0.8316685631,0.7980023385,0.1256264493,0.1800758759,-0.1854778267,0.4324472004,0.3447375999,0.3227237297,0.2832577041,0.09676489394,0.3199382231,0.1721446478,0.2751075436,0.3129846572,0.8083282749,0.1022184704,-0.1399952549,0.03992253156,-0.02994479508,0.1450556104,0.1072604386,0.5734476782,0.07638378035,0.9574597025,0.8792023173,0.6951560054,0.5458601452,0.04195794571,0.1731955836,0.01416698728,-0.1548729391,0.4140164106,0.4246282688,0.0859006314,-0.003898486036,0.3219131425,-0.1706704869,0.1562307043,-0.1593085941,0.2177359721,-0.4237152791,0.7081350775,-0.01081750334,-0.2647156004,-0.02993116104,-0.06416848823,0.3284906259,-0.1593126466,1.289089341,1.004740411,0.05212804294,1.480222641,0.7390421733,1.188243128,0.9072515318,1.55391068,1.942877668,0.6993710792,-0.3741423489,0.2799215953,0.6288353224,0.4371054141,0.2194163115,0.1394728053,-0.1702454309,0.01602289748,0.04482722453,-0.1946061992,-0.4213419167,0.1024711307,0.50581579,0.5225676459,0.104020797,0.08078132349,0.03124587248,0.2439622696,-0.107530912,0.09474094344,-0.09429245056
0.4892609436,0.2199923694,0.5782406809,0.09338181376,0.8216026219,0.7970191442,0.1265439326,0.1883762728,-0.1844082643,0.4249219367,0.3560923838,0.330768925,0.2858463896,0.09041370254,0.3213264571,0.1814616342,0.2580514659,0.3109077633,0.8091355662,0.1030204739,-0.1407034945,0.04899981714,-0.02721168351,0.1440576199,0.1142902373,0.5740059262,0.07857710298,0.9370070835,0.8831407538,0.7084946503,0.5340661062,0.03567822147,0.1664197602,0.02351243468,-0.1645344995,0.4125772628,0.4214144228,0.08320748555,-0.006405784711,0.311630269,-0.171747766,0.1536835671,-0.1576330855,0.1766644953,-0.4257945774,0.6861064873,-0.0121521312,-0.2551075043,-0.03659465316,-0.062750451,0.3304693918,-0.1792903712,1.28545716,1.003626485,0.05431929123,1.473917705,0.7371808015,1.183282828,0.9020763967,1.550178749,1.938178363,0.6552215393,-0.3760004341,0.2589831302,0.610875155,0.4372719477,0.2169563089,0.1396435553,-0.173745972,0.01416379541,0.04656872221,-0.1951515959,-0.4217318548,0.1012010851,0.5115510937,0.5146807169,0.1089602571,0.07916691307,0.01462909118,0.244018525,-0.1100951457,0.09369666319,-0.09263573754
0.4837194458,0.2257604088,0.5736206536,0.09111137423,0.8133572672,0.7941697524,0.1261939739,0.1968663498,-0.1794464278,0.4172774032,0.3642139359,0.3381780587,0.2849676367,0.08323348238,0.3196009011,0.1937769511,0.2466196064,0.3080405615,0.8097892095,0.1063086879,-0.1422876653,0.05750471153,-0.0259518949,0.1444881276,0.1248020581,0.5779033433,0.07970784797,0.9164444252,0.8856347238,0.7241229061,0.5254582867,0.03331769229,0.1615005413,0.03007110237,-0.1716475214,0.4080876841,0.4132131116,0.07994453077,-0.01222451135,0.3035491151,-0.1754089777,0.1514183891,-0.1537039723,0.1403734565,-0.4267035149,0.658541333,-0.01752628184,-0.2479610062,-0.04433276958,-0.06381071032,0.3345960137,-0.1936538034,1.280229235,1.001725338,0.05976686032,1.465427607,0.7350164649,1.179172704,0.8960727487,1.545699176,1.93192129,0.6084307468,-0.3777313494,0.2379282046,0.5941041191,0.4426405359,0.2160528278,0.1409554352,-0.1784168845,0.01240321796,0.04313742112,-0.1952811354,-0.4226653146,0.09682995224,0.5122146164,0.508276545,0.1110616237,0.07308161264,0.003563645864,0.2408231247,-0.1112324077,0.08791771815,-0.09274756221
0.4752042971,0.2340041653,0.5695999012,0.08872164652,0.7999520333,0.7939123728,0.1275120209,0.2058437955,-0.1775398773,0.4090924891,0.3730119143,0.3481262641,0.2818596744,0.07642687355,0.3205286495,0.2070296894,0.2426307058,0.3053132335,0.8099475172,0.1134222474,-0.1412652981,0.06902865134,-0.02125214913,0.1475175625,0.1389649417,0.5858984531,0.08665403088,0.9037769719,0.8910373583,0.7491163138,0.5175373239,0.0348402941,0.1569530227,0.03414839684,-0.1776445118,0.4052600585,0.4067892081,0.07828349808,-0.0172281513,0.2955754788,-0.1764392989,0.1467675358,-0.1506123189,0.1044795457,-0.4270360459,0.625535241,-0.01915892743,-0.2413076374,-0.04611296214,-0.0644566384,0.3425582042,-0.20283384,1.269265209,0.9951519457,0.06201718746,1.457817695,0.7302396789,1.175910524,0.8883598815,1.54078845,1.925882534,0.5636809523,-0.3796498068,0.2145730475,0.5763609558,0.4400115455,0.21409262,0.1409055424,-0.1803196419,0.01415022434,0.04389849355,-0.1973098254,-0.4252394438,0.09372782193,0.5110832358,0.5004757248,0.1154135616,0.06812397083,-0.01010712541,0.2356836154,-0.1163567069,0.08455116142,-0.09135066027
0.4652949854,0.2379382942,0.5592593239,0.08730299347,0.7828081012,0.7960873974,0.1278694634,0.2168547224,-0.1753947325,0.4014572965,0.3851629412,0.3553614559,0.277582347,0.07171099898,0.322137819,0.2190746683,0.2406140498,0.3016826964,0.810446564,0.1207473293,-0.1383846433,0.08145431597,-0.01810451581,0.1502751333,0.1527955864,0.5953218878,0.09176776164,0.8905047195,0.8958460977,0.7724091836,0.5091395205,0.03480720305,0.1517564346,0.0379754738,-0.1852499675,0.4023346237,0.401258985,0.07715749672,-0.02437744236,0.2811275714,-0.1829376352,0.1487431842,-0.148430552,0.07491666368,-0.4269696897,0.5861833129,-0.02376130433,-0.2368619791,-0.04955855983,-0.06717478664,0.3530011868,-0.206923676,1.261374883,0.9886807931,0.06361984038,1.448116564,0.7242905192,1.172801302,0.880600427,1.536114934,1.916544829,0.52269697,-0.3809889721,0.1939870551,0.5609634777,0.4377407553,0.212252276,0.1426852874,-0.1846816908,0.01189403414,0.04268260783,-0.1993001872,-0.4264466721,0.08948853691,0.5119539548,0.4939388588,0.1219435401,0.06326159694,-0.02209445599,0.2280575842,-0.1184595277,0.08493953376,-0.09465659633
0.4573249508,0.2444610535,0.5503729989,0.08854475593,0.7651747942,0.7972188144,0.1308715527,0.2287723968,-0.1730991964,0.3969759198,0.3922275378,0.3624386944,0.2729331539,0.06675908918,0.3242078808,0.2291760297,0.2379220873,0.295518744,0.8096260358,0.1263615879,-0.1398860715,0.09518472601,-0.01367743023,0.149906468,0.1643079365,0.6035398305,0.09741240415,0.8786059653,0.8989427094,0.7985675322,0.5007972666,0.03629100045,0.144761962,0.04363652457,-0.1902687511,0.4014892786,0.3924614266,0.07422351313,-0.0299916575,0.2719710451,-0.1858012924,0.1481656391,-0.1422705908,0.05038418756,-0.4280258028,0.5408427609,-0.02411913042,-0.2331382013,-0.05319479405,-0.06682859626,0.3619783788,-0.2113296077,1.251993639,0.9846683163,0.07005265301,1.441122096,0.7181896237,1.170396182,0.8736298396,1.532289122,1.909509134,0.4844258993,-0.3827744701,0.1779241469,0.5498475007,0.4355387975,0.2096923611,0.1394364905,-0.1879532536,0.007887713513,0.04210123454,-0.1994426876,-0.4281270499,0.08727283067,0.5053873195,0.4904787882,0.1249587261,0.05790520001,-0.03099121541,0.2232417603,-0.1192996543,0.08329946927,-0.09514668799
0.4495655147,0.2512569452,0.5430590634,0.08686913182,0.7454983558,0.7968388291,0.1351189889,0.2430674703,-0.1699491499,0.3906210434,0.4001906021,0.3686938801,0.2694541679,0.06273549738,0.3198578911,0.2371191443,0.2387523175,0.292092609,0.812321309,0.1286683444,-0.1421172156,0.1058607866,-0.009103288938,0.148004731,0.174965675,0.6097847415,0.1021993317,0.8633492044,0.8977549191,0.8247745389,0.4964352085,0.04264236163,0.1413385237,0.04791427712,-0.1958367249,0.3985082933,0.3851199236,0.07162402892,-0.03590457513,0.2638497387,-0.1879548393,0.1455242071,-0.1343423278,0.02815225061,-0.4299226217,0.4938857721,-0.02803248214,-0.2303093923,-0.0566610306,-0.0673716209,0.3660408301,-0.2177488688,1.246878541,0.9788689071,0.07398809377,1.43457482,0.7099369342,1.16586579,0.8695958007,1.527665929,1.899900119,0.447089536,-0.3848921491,0.1633327279,0.5404921859,0.4288576388,0.208800059,0.1395018187,-0.1910528542,0.003498782803,0.04212231895,-0.1991223389,-0.4290628482,0.08510063904,0.4971252982,0.4842718921,0.1273358384,0.04989109512,-0.04014166238,0.2179761973,-0.1218982846,0.08155610408,-0.09501139159
0.4417576549,0.2592156267,0.5388903158,0.08830685354,0.7320321861,0.7967923627,0.1358227373,0.2559452662,-0.1666909593,0.3828249718,0.4102040239,0.3728160387,0.2604446497,0.05718239332,0.3135355662,0.2466189557,0.2376087862,0.2856238563,0.8118059325,0.1301287762,-0.1454909426,0.1143988982,-0.008241630092,0.1455888747,0.1877213709,0.6152889558,0.1043087485,0.8519681542,0.8973497588,0.8461733091,0.4930170455,0.04698000333,0.1346340925,0.05476460559,-0.1998265682,0.3964934288,0.3776897427,0.06840282991,-0.04500993561,0.2584209217,-0.1904144815,0.1436413814,-0.1279976807,0.01021514135,-0.4316070341,0.4504579747,-0.02884440123,-0.2272686335,-0.05794703426,-0.0718936815,0.3684996178,-0.2230720223,1.229459628,0.9732029147,0.07576582387,1.426636114,0.7032214516,1.158130393,0.8617469541,1.523735285,1.891525904,0.4106894282,-0.3877847609,0.1495275552,0.528895444,0.4239532166,0.2070659155,0.1397305315,-0.1928289699,0.001067915474,0.04249391838,-0.2000329275,-0.4312797769,0.08284957717,0.4884516546,0.4805722886,0.1274907358,0.04601377474,-0.04764853833,0.2099239536,-0.1253678304,0.07946164912,-0.09183140139
0.4377889082,0.2655366,0.5308627857,0.08934778055,0.7143826482,0.7979036419,0.1377159709,0.2681907483,-0.1620841924,0.3758880282,0.4198288334,0.379018702,0.2554719461,0.05205502304,0.3077751585,0.258959392,0.2366777264,0.2824023107,0.8129697977,0.1353259109,-0.147010096,0.1262246331,-0.007317742391,0.1441512919,0.1962867966,0.6200867895,0.1072004339,0.8452733697,0.8949078121,0.8653739552,0.4836013622,0.05095607363,0.1281427538,0.06031193362,-0.2036162518,0.394362956,0.3703704573,0.06509347478,-0.05223342241,0.2520278181,-0.192436134,0.1403578447,-0.1206168597,-0.005596086993,-0.4330731632,0.4089484759,-0.02715399551,-0.2248834174,-0.06118551555,-0.07197828075,0.3698808279,-0.2247249971,1.219929174,0.9668014751,0.07400476136,1.419196894,0.6984333899,1.153270435,0.8575708845,1.518536443,1.88704637,0.3785670077,-0.3881141642,0.1372303694,0.5213542696,0.414669106,0.2022896073,0.1374811279,-0.1946615275,-0.00140497514,0.04265515528,-0.2009173171,-0.433095252,0.07971965414,0.479363169,0.4723373934,0.1269459824,0.04244612457,-0.05453909194,0.2048055835,-0.128793207,0.07704881873,-0.09036408426
0.4299247445,0.2705300666,0.5227642234,0.09054375443,0.6948603332,0.7971979651,0.1379694414,0.2828425343,-0.1653544766,0.3664489678,0.4291189959,0.3861170267,0.2481783749,0.04737403931,0.3018955179,0.2652217317,0.2396557169,0.2745866582,0.8114852758,0.1403833985,-0.149963785,0.1368391168,-0.004036005042,0.1410444026,0.2044824023,0.6273865575,0.1096303257,0.8383901186,0.8924909859,0.8818205368,0.4812549231,0.06038386813,0.1239512137,0.06375158812,-0.2027178647,0.3909014221,0.3676448847,0.06289183728,-0.05926866052,0.2467960384,-0.194414388,0.1367517206,-0.1042432685,-0.01294969595,-0.4337256376,0.3662135221,-0.02655447806,-0.2184826214,-0.06187398005,-0.07058531565,0.3693096703,-0.2253520225,1.215887508,0.9631460102,0.07500461434,1.41268034,0.6980670363,1.149848458,0.8554622703,1.516146296,1.888213808,0.3522769204,-0.3889467251,0.12558682,0.5178016433,0.4184349632,0.2013012744,0.1368436015,-0.1959199033,-0.005486037419,0.04318884782,-0.2028905595,-0.4344359011,0.07737079614,0.4685392359,0.4629718075,0.1254235266,0.03795473169,-0.06120942163,0.2013662363,-0.1282073776,0.07339527465,-0.08953966356
0.4246718294,0.2771116091,0.5222210516,0.09412802884,0.6810735337,0.7999259608,0.1393551993,0.2926331017,-0.166855863,0.3592613648,0.4377785351,0.3960877085,0.2454470296,0.04133729321,0.2935969723,0.2736895186,0.2400520959,0.2693100404,0.8126390792,0.1441854693,-0.1537517396,0.1470240676,-0.0036345699,0.1383074572,0.2097040985,0.6301250033,0.1102477336,0.8323562653,0.8827341841,0.8948887065,0.4861339003,0.07063940415,0.1193671689,0.06572109449,-0.1985784846,0.3878809628,0.3648912511,0.0607857419,-0.0646530635,0.2430978945,-0.1936101194,0.1347926431,-0.08712386762,-0.01381079038,-0.4328908922,0.320722589,-0.02652887516,-0.2075478218,-0.06359386763,-0.070187853,0.3681541027,-0.2224101971,1.214936825,0.9629922586,0.08458658934,1.411901027,0.6973059077,1.15091855,0.8571289071,1.51306978,1.886302418,0.3287231002,-0.3881152017,0.119314661,0.5181532753,0.4250634788,0.1984410013,0.1354909236,-0.1968269404,-0.008790491921,0.04035668657,-0.2046162282,-0.4335906824,0.07633959655,0.4544473357,0.4532131509,0.1226549371,0.03522450932,-0.06428583682,0.2050061234,-0.1261715638,0.07146048633,-0.09043903159
0.4200795759,0.281272185,0.5198095682,0.09672953367,0.6703135127,0.7972841378,0.1441534997,0.3001341056,-0.1694376692,0.3527442198,0.4446192675,0.4068357219,0.239769387,0.03675927146,0.2856431584,0.2770456999,0.243602659,0.2635036629,0.8127506657,0.1488627674,-0.1577426158,0.1543797324,-0.004101573007,0.1314654301,0.2136204573,0.6341675018,0.1086475553,0.8261711195,0.875265083,0.907121062,0.4898462565,0.08129650519,0.1174538099,0.0674141749,-0.1960539808,0.3859621851,0.3612979722,0.05917752132,-0.06920123814,0.2395473031,-0.1929290493,0.135501242,-0.0702208804,-0.01730657209,-0.431765672,0.2809139274,-0.02708845209,-0.2013576607,-0.06462133968,-0.07114105581,0.3667116276,-0.2234120275,1.220610351,0.968569379,0.0988037065,1.414404002,0.6987051883,1.150414086,0.8599887448,1.511778271,1.889511957,0.3098183997,-0.3865831063,0.1130267678,0.5199426882,0.4291455349,0.1937054498,0.1322090143,-0.1958895677,-0.01226025145,0.03993687127,-0.20442833,-0.4345771312,0.07200165853,0.4381062278,0.4496829175,0.1190139278,0.03199143455,-0.07019035532,0.2107345344,-0.121546787,0.0689344083,-0.09247105377
0.4138767224,0.2845016914,0.5190622299,0.09885011968,0.6554468704,0.7995681057,0.1428856123,0.309169081,-0.1704033337,0.3475089348,0.4493963295,0.4167546537,0.2344212692,0.03255687348,0.2759757163,0.2814970083,0.248952436,0.2567073517,0.8149362119,0.1567809098,-0.1593445118,0.162467854,-0.001794484567,0.1256651677,0.2168876382,0.6371292605,0.1088874362,0.8217500791,0.8682836747,0.9183602673,0.4925489352,0.09600544987,0.1170347745,0.06409722367,-0.192360547,0.383447394,0.3592759783,0.05784867704,-0.07397157342,0.2371194514,-0.1914500203,0.1348215372,-0.0508205461,-0.01939009684,-0.4303077541,0.2384576965,-0.02725005758,-0.1961622775,-0.06372939787,-0.07115638622,0.3635708098,-0.2241366809,1.223733129,0.9692930696,0.1074267552,1.414487906,0.6984768455,1.152209651,0.8628270465,1.511740358,1.890054811,0.2923925282,-0.3852342694,0.1104269414,0.5230495313,0.4394793396,0.1914438746,0.1270886926,-0.1968754198,-0.01761689343,0.0424648069,-0.2022382182,-0.4338409346,0.06781404713,0.4248019286,0.4444587553,0.1153121342,0.03087834313,-0.07434499862,0.2197218499,-0.1166110041,0.06908493851,-0.09293733974
0.4089845356,0.2876206111,0.5181829843,0.1031523828,0.6386261566,0.7959171868,0.1429657072,0.3226151702,-0.1712210257,0.3423088518,0.4540573784,0.4273933741,0.2293657484,0.03038305021,0.2700487259,0.2882772341,0.2541245672,0.2495947676,0.8184390651,0.1635257704,-0.1621557365,0.172962126,-0.00135884885,0.1221682812,0.2220930443,0.6397926973,0.1075249747,0.8200814122,0.8639428967,0.925413323,0.4981613447,0.1063228765,0.1147223373,0.06280143972,-0.1886589259,0.3831405021,0.3607636904,0.05958071495,-0.07376026354,0.2360083182,-0.1916798748,0.1367427201,-0.02951169827,-0.01916354674,-0.4290801654,0.1922461528,-0.02794625158,-0.1880438503,-0.05787690373,-0.07640415456,0.3570072274,-0.2234387295,1.227149152,0.9686781067,0.1178065815,1.414045761,0.6969781533,1.151901454,0.8620626967,1.50933561,1.890023864,0.2701869143,-0.3817542334,0.1068873109,0.5225420763,0.4403883123,0.1878902701,0.1251475485,-0.1963289628,-0.02082278972,0.04262550867,-0.2015831738,-0.4336253612,0.06354320656,0.409378041,0.4428078809,0.1114984641,0.02912372662,-0.07708046096,0.2268873771,-0.1116525235,0.06897670118,-0.09278754048
0.3990740807,0.2902542208,0.5150380691,0.1041648059,0.6215589713,0.7935303239,0.1422910924,0.3314210072,-0.1721009597,0.3340893534,0.4556537474,0.4409413719,0.2264985996,0.02896978208,0.2637146991,0.2930957118,0.2593886843,0.2419868888,0.8201622651,0.1706083167,-0.16364308,0.1837209732,-0.002179359077,0.1192296583,0.2286269604,0.6456399371,0.1080221798,0.8200699633,0.8568861686,0.9281118292,0.5040848801,0.1198660339,0.1126791373,0.05830815464,-0.1854036952,0.3820976439,0.3627128671,0.05962022774,-0.07634114476,0.2313760022,-0.1922819134,0.1346086379,-0.008287053652,-0.02123145958,-0.4304009945,0.1525323385,-0.02587405545,-0.1833656548,-0.05689751969,-0.08053326446,0.3460050284,-0.2239943053,1.226858095,0.9697602463,0.1264796329,1.417436909,0.6965263665,1.151213735,0.8627559867,1.507331111,1.891483671,0.253481127,-0.3826411426,0.1054729906,0.5264156705,0.4432954626,0.1879940641,0.1240091085,-0.1946214805,-0.0236238046,0.0453793258,-0.202800665,-0.4322672845,0.05887313428,0.3987481251,0.4468562478,0.1087496196,0.02768622468,-0.08111011957,0.234629001,-0.1078257707,0.07037067125,-0.09012192469
0.3950642595,0.2895026029,0.5170891422,0.1112851082,0.6030148463,0.7903348181,0.1419293734,0.3372684038,-0.1779771837,0.3231832367,0.464441741,0.4519621927,0.2247000761,0.02704537682,0.2575501014,0.3032061892,0.2619853363,0.2365906266,0.8212594918,0.1783313518,-0.1657310611,0.1917518625,-0.001895197501,0.1165164337,0.2326151145,0.6502538137,0.109399101,0.8167689229,0.8546592794,0.9290213444,0.5093970867,0.1288154301,0.1109063942,0.05122611954,-0.1788672007,0.3813523186,0.3625053638,0.05988567035,-0.07804788664,0.2312193134,-0.1923790243,0.1393668661,0.01309616039,-0.02079326164,-0.4299088669,0.1141782775,-0.02492183247,-0.1758011732,-0.05501990341,-0.0796335899,0.3312374906,-0.2264767518,1.224880872,0.9711658694,0.132988968,1.416805107,0.6965953719,1.149231828,0.8634635598,1.507685951,1.893308736,0.2390568821,-0.3823940315,0.1030268144,0.5341642817,0.4482718872,0.1850799144,0.1250082457,-0.1941102931,-0.02779586694,0.04848135685,-0.202663848,-0.4321044353,0.0547425613,0.3856466042,0.4511066743,0.1070810579,0.02798451814,-0.08705069996,0.2419375974,-0.1029752439,0.06785822421,-0.08884691354
0.3889677668,0.2876748964,0.5151169408,0.1145125489,0.5915970551,0.7929646154,0.141515713,0.3405884131,-0.1826189953,0.3149492252,0.4661641079,0.4624228777,0.2233282087,0.02730465584,0.2497072975,0.3096764734,0.2650048657,0.2298681157,0.8237137777,0.1945642413,-0.1641654246,0.2029042886,-0.0009341073996,0.1147393236,0.2419600885,0.6576730545,0.1118128609,0.8153219569,0.8551614808,0.9276957364,0.5189868901,0.1376440698,0.1096273654,0.04278990418,-0.1747521328,0.3821087253,0.3620100269,0.05995218959,-0.07907172382,0.2318292074,-0.1922292528,0.1429192818,0.04239877031,-0.02015268544,-0.4292191298,0.08027658849,-0.02204201854,-0.1695813271,-0.05413591561,-0.08036263034,0.3106859851,-0.2296892271,1.224607046,0.9712820431,0.1369639184,1.419157466,0.6969104148,1.149947375,0.8662835737,1.50749157,1.894790241,0.2323170012,-0.3799444727,0.1030147715,0.5439163171,0.4516221461,0.179927091,0.1237668178,-0.1928706095,-0.03019713993,0.04975808769,-0.2028988766,-0.4323181115,0.04935677041,0.37527413,0.4568940747,0.1078585718,0.02847856591,-0.09275788602,0.2487310405,-0.09754687393,0.06364205232,-0.08707990248
0.3848628946,0.2844540755,0.5163445989,0.1199865635,0.5791515417,0.7951415613,0.1409019489,0.3431335917,-0.1900509465,0.3062333485,0.4689486605,0.4697244177,0.2210790919,0.02938932758,0.2431547298,0.317052172,0.2602136858,0.2201325352,0.826329629,0.2097265032,-0.160187346,0.2164299213,0.003593994662,0.1132800388,0.2511778115,0.666689082,0.1160801888,0.8160783729,0.856236851,0.9224738459,0.5243449412,0.1441273816,0.1045715966,0.03449414694,-0.1699936788,0.3849521117,0.3636573076,0.06043094238,-0.0775482718,0.2295533391,-0.1914660369,0.1470725428,0.0668452005,-0.01814651061,-0.4264914003,0.04932222297,-0.01845105851,-0.1636342732,-0.05067071879,-0.08029602766,0.2898279063,-0.2326197085,1.226718381,0.970900342,0.1448934402,1.419002191,0.6990769897,1.151275137,0.8639947958,1.50655821,1.893938789,0.2240234032,-0.3787490093,0.1044287689,0.5558376085,0.4519125328,0.175856768,0.1203055762,-0.1906695615,-0.03405105476,0.0551050737,-0.202429859,-0.4316294328,0.04591688023,0.3668809167,0.4650457086,0.1089693369,0.02919532596,-0.0957079278,0.2558634048,-0.09472659166,0.06479044376,-0.08625061569
0.3824177403,0.2796459543,0.5158184694,0.127255649,0.5686324652,0.7969418663,0.1418943597,0.3460220344,-0.1925451409,0.2982994026,0.4759932876,0.4725483461,0.2185556016,0.03164644113,0.2358517042,0.326065294,0.2499742553,0.2092608255,0.8252361549,0.2285464987,-0.1571388157,0.2273431896,0.005902331052,0.1099086876,0.2567114459,0.6748979742,0.1187803236,0.8098775602,0.8584324848,0.9132907756,0.5332078094,0.1476101109,0.1050055407,0.02424152936,-0.1627283446,0.3868290901,0.3649535054,0.0599412692,-0.07362957454,0.2293884944,-0.1914691917,0.1497909416,0.09039708858,-0.01630461565,-0.4258819407,0.01843787036,-0.01795825393,-0.1582202618,-0.0503952914,-0.08236640202,0.2612636817,-0.2352453685,1.230196979,0.9692907618,0.1559116284,1.417094694,0.6986966577,1.15079057,0.8644129234,1.506509396,1.893447358,0.2188100797,-0.3787541296,0.1077660241,0.5621082565,0.4478757612,0.1719979922,0.1176150151,-0.1903081198,-0.03721002338,0.0577738575,-0.2003026802,-0.431038393,0.04067023925,0.3612046942,0.4681508651,0.1093509057,0.03162621612,-0.1006295022,0.261954741,-0.09066477152,0.06401767786,-0.08617232888
0.3815965372,0.2789234953,0.5170357658,0.135217589,0.5604525937,0.7960296169,0.1420489367,0.3434635941,-0.1919973792,0.2891492915,0.4781228098,0.4728877335,0.2183186974,0.03169504179,0.2269134397,0.335088241,0.2354455658,0.2007142424,0.8275185661,0.2493298197,-0.1548843198,0.2365337082,0.008386560928,0.1081572834,0.264082099,0.6814708954,0.1220439947,0.8059208727,0.8618726579,0.906637395,0.5405147226,0.1509761167,0.1048969445,0.01043706949,-0.1482435253,0.3876277554,0.3659860457,0.05981353231,-0.0701557051,0.2290220248,-0.1893270101,0.1540895142,0.1198942214,-0.01119836781,-0.4250839581,-0.004241088512,-0.01354267578,-0.1523366534,-0.05044363936,-0.08217105466,0.2310157841,-0.2418799906,1.233910886,0.9682538638,0.1704577111,1.41929993,0.6996411953,1.1492645,0.8681465262,1.507400512,1.898501217,0.2185121199,-0.3778105294,0.1108238019,0.5707811099,0.4508071387,0.1700058,0.1162417139,-0.1902673679,-0.04205012494,0.05999162748,-0.1987692068,-0.4293372343,0.03697827723,0.353829716,0.4698261143,0.1104830372,0.03202831007,-0.1041163958,0.2703997739,-0.08853858756,0.06556225182,-0.08428643254
0.3813686271,0.2762463023,0.5106534298,0.1378966767,0.5474615969,0.8009255215,0.1399880294,0.3391610024,-0.1963782368,0.2784861145,0.4811484224,0.4688869172,0.2171305074,0.03400510793,0.2171300177,0.3378907816,0.2199646113,0.1915307115,0.8288653161,0.2719002952,-0.1527651908,0.2411992849,0.01221645186,0.10742574,0.267372997,0.6831121459,0.1210610932,0.8022202793,0.8585335054,0.8917963546,0.5478116873,0.1578254723,0.1052555659,-0.003929199925,-0.1319668721,0.3876318033,0.3669319952,0.06126077903,-0.06739180062,0.2289852837,-0.1895100687,0.1549329101,0.1424064372,-0.008060728639,-0.4260762576,-0.02058507048,-0.01347918059,-0.1434388687,-0.04725059475,-0.08196411977,0.2002238003,-0.2464568499,1.237714842,0.9685527454,0.1829582014,1.419987576,0.7011347354,1.148290903,0.8720656767,1.509935252,1.899384838,0.2193730892,-0.3759154311,0.1131789876,0.5731055019,0.4534037507,0.1688078608,0.1158133659,-0.189688278,-0.04338623699,0.06071085217,-0.1987954058,-0.4267177051,0.032997323,0.3453785446,0.4731361779,0.1093894589,0.0310092747,-0.1066957841,0.2768239978,-0.08673580942,0.06726325046,-0.08396441184
0.3794072204,0.2744001389,0.5032141312,0.1433334262,0.5402932168,0.8036428436,0.1391921585,0.3347296693,-0.199290979,0.2690229686,0.4849344597,0.4643900731,0.216469473,0.0369099788,0.2114146104,0.3424418588,0.2023131744,0.182854744,0.8297460088,0.2989135648,-0.1473055422,0.2464737542,0.01578488041,0.1086115119,0.2748845174,0.688071345,0.1221125555,0.7991389931,0.8598231454,0.8800023391,0.5545097487,0.1620203571,0.1062210382,-0.01703895227,-0.1141524144,0.3869061432,0.3671050163,0.06117235103,-0.06467577811,0.227260453,-0.1873765425,0.156133844,0.1699828296,-0.004099827311,-0.4242214532,-0.04054053638,-0.01162798867,-0.1366637886,-0.04744424651,-0.08603072877,0.1723771813,-0.2502480426,1.238102775,0.9703142049,0.1936850779,1.422959538,0.7061501263,1.149490684,0.8755107684,1.512881629,1.904112647,0.2257868333,-0.3721050547,0.1140053305,0.5683153683,0.4591840879,0.1622169047,0.1162577258,-0.1892536343,-0.04557080957,0.06110797764,-0.200699408,-0.4256268669,0.02918401928,0.3424537584,0.4697774788,0.1111240655,0.03120908507,-0.1093522686,0.2833740149,-0.08423938833,0.0715349041,-0.08334274491
0.3827280034,0.2712011872,0.493950081,0.149064729,0.5274444501,0.8050363366,0.1381960949,0.3302896973,-0.2015327655,0.2625156276,0.4895176911,0.4584908811,0.2178531887,0.03990593819,0.2086027655,0.3458574963,0.1857616964,0.1759489033,0.8310643055,0.3247814586,-0.1419538266,0.249098605,0.02061451416,0.1087844552,0.2762819508,0.6917293024,0.1226271386,0.7894592879,0.8582545276,0.8729361968,0.5570176387,0.1676093058,0.1045685132,-0.02871736518,-0.09566776057,0.3878051441,0.3688780897,0.06245096603,-0.05768804873,0.226002434,-0.1860239072,0.1552051538,0.1945898728,-0.001030002378,-0.4245565684,-0.06011010651,-0.01366270216,-0.1277104464,-0.04809299291,-0.08603559964,0.1475981385,-0.2521274084,1.245935114,0.973365375,0.2095352815,1.424686804,0.7086044207,1.152014998,0.8811200941,1.516057185,1.908288469,0.2384456576,-0.3694394745,0.1173523677,0.5687931404,0.4678746322,0.1598229669,0.1147496691,-0.1902797162,-0.04916979658,0.06362933108,-0.1998611092,-0.4246810092,0.02714021068,0.3376028769,0.4673813531,0.107847222,0.03017867295,-0.1130949552,0.2904351918,-0.08078963288,0.07679535623,-0.08517201331
0.3795649854,0.2726867416,0.4897387277,0.152712156,0.5148165491,0.8044226674,0.1407713381,0.327033942,-0.2050023531,0.2562086907,0.4910872756,0.4482816085,0.2199135158,0.04200064703,0.2077482556,0.3433648973,0.1692478197,0.1680421713,0.8339117422,0.3462800166,-0.1389623335,0.2465477832,0.02541072309,0.1073284342,0.2793950936,0.6955468082,0.1216996169,0.782851923,0.858199727,0.868764264,0.5623614776,0.1737676272,0.1083416278,-0.03569252749,-0.07608020269,0.3896045527,0.370927053,0.0642912563,-0.05221835931,0.2241949457,-0.1848579301,0.1564150881,0.222741417,0.001670148483,-0.4226356163,-0.07979463895,-0.0148725927,-0.1170336096,-0.04823652915,-0.08853486655,0.1233821743,-0.2530345078,1.24780223,0.9756107753,0.2239361133,1.42677991,0.7117430256,1.152899128,0.8813700718,1.51819231,1.908403299,0.2469884253,-0.3685240859,0.1196026283,0.5714794676,0.476052443,0.160741431,0.1155731887,-0.1891324489,-0.0540679447,0.06319576275,-0.2006930315,-0.4234126297,0.02539239835,0.3273255768,0.4680230687,0.1065187934,0.03069562262,-0.1174037463,0.2978141075,-0.08057204412,0.07917908264,-0.08523832573
0.3818537221,0.2702176938,0.4858041411,0.1592196842,0.5037647222,0.8061968573,0.1415729109,0.319769081,-0.2065653364,0.2502531555,0.4934344809,0.4308702796,0.2211945068,0.04262000365,0.2048527805,0.3429346254,0.1493483739,0.1618185138,0.8390579199,0.3708677535,-0.1333220487,0.2457253215,0.0276915034,0.1084874234,0.2833194242,0.6987233436,0.1213998642,0.7747797467,0.8596003777,0.8695297677,0.5658150088,0.1769139395,0.1111319218,-0.03960052079,-0.06118959667,0.3891056021,0.3664385526,0.0654840941,-0.04991037337,0.2247754311,-0.1836272799,0.1589798898,0.2424097398,0.0006238400243,-0.4232790875,-0.09453212708,-0.01560749828,-0.1072263424,-0.04978553529,-0.09138401545,0.1055479108,-0.2576062012,1.24432582,0.9756843636,0.2379256875,1.428817338,0.7101326324,1.152599716,0.8822933609,1.515846256,1.903174287,0.2566031584,-0.3673680117,0.121293519,0.5666461099,0.4735658722,0.1585575655,0.1173998164,-0.1875593879,-0.05847803821,0.06388116675,-0.2004921725,-0.4219129258,0.02544187387,0.3214657455,0.4688433804,0.1071126571,0.0304610637,-0.1185217545,0.2995898845,-0.08243510402,0.0824724005,-0.08688459096
0.3837337149,0.2670890028,0.4695454597,0.1609291641,0.4916974861,0.8065099538,0.141012692,0.3124666762,-0.2080449542,0.2466197904,0.495124437,0.4116561193,0.2207371174,0.04587745575,0.2024759843,0.3437723793,0.1337564552,0.1553948092,0.8413254859,0.3972218325,-0.1250055751,0.2454231844,0.03380075805,0.1092468262,0.2933946801,0.7077665225,0.1254965934,0.7672665738,0.869544505,0.8773695036,0.565638899,0.1798634118,0.1116234337,-0.04341153819,-0.05023726754,0.3885875893,0.3599549956,0.06354542965,-0.05110872915,0.2179159081,-0.1837184856,0.1615882639,0.2608723047,-0.001318068736,-0.426106643,-0.1103604053,-0.01772332175,-0.1039761318,-0.04903447838,-0.09526383956,0.08529911645,-0.2653584322,1.239666831,0.9716980563,0.2491993892,1.422260468,0.7071334742,1.149076447,0.8784829137,1.514172701,1.900108953,0.2666647869,-0.36751081,0.1184196138,0.5605389386,0.4632636534,0.158860796,0.117826243,-0.1866488263,-0.06289303613,0.06532480695,-0.2011666235,-0.4234159828,0.02179022248,0.3124713108,0.4697469534,0.1109409557,0.02725999223,-0.1225905212,0.2977453509,-0.0842385827,0.08620876197,-0.08955578844
0.3827858588,0.2665376198,0.458018603,0.1630842006,0.4782131966,0.8043535727,0.1414145029,0.3084005076,-0.203129611,0.2442482142,0.4978124705,0.3907268711,0.2219689713,0.04669858564,0.1989968148,0.3439680679,0.1150256835,0.1485726493,0.8424152487,0.42214491,-0.1138971099,0.2481332165,0.03837820472,0.1143860684,0.3048735587,0.7181762159,0.1314852531,0.7564981098,0.8782041738,0.8857418026,0.5639177167,0.1831824438,0.1089609138,-0.04941872852,-0.03649549791,0.3895864377,0.3585784677,0.06378234782,-0.05162612644,0.2115334309,-0.1866331452,0.1583396357,0.2806625854,0.0008599701687,-0.4279990853,-0.1206739299,-0.01851168617,-0.09570441514,-0.05062590596,-0.09683379654,0.06370408519,-0.2675882048,1.229770636,0.9654538953,0.260950614,1.415483828,0.7053084633,1.145296886,0.8749243576,1.510920882,1.896347718,0.2742223764,-0.3663842861,0.1187514153,0.5514419877,0.4558313384,0.1553532274,0.1180821758,-0.1865528857,-0.06586624234,0.06537302283,-0.2042924141,-0.423748564,0.02000265836,0.304667263,0.4665862134,0.1178051222,0.02452294381,-0.1231464567,0.2922564593,-0.08928333515,0.08725989454,-0.08998367047
0.382295701,0.2660471915,0.4511474261,0.1641932753,0.4673583089,0.801840973,0.1434813795,0.3036827397,-0.2006921761,0.2414867919,0.4968596414,0.3681002998,0.2244887928,0.04921779564,0.1994864423,0.343010794,0.09375322547,0.1428525281,0.844047728,0.4421856157,-0.1062987314,0.246593487,0.04265037586,0.1211796108,0.3134662666,0.7245250014,0.1363296261,0.7417325395,0.8863612267,0.8937816438,0.5617070247,0.183550892,0.111339254,-0.05459134886,-0.02540304038,0.3886724511,0.3552734718,0.06335339385,-0.04947405018,0.2073714947,-0.188852619,0.1553899581,0.2917385102,0.002458372549,-0.4296416501,-0.1303988054,-0.01953825996,-0.09045184414,-0.05206750685,-0.09852542262,0.04174132181,-0.2725541102,1.224102338,0.9606834592,0.2762430944,1.410551244,0.7010114632,1.143607125,0.8734918135,1.506874116,1.894972142,0.2831969117,-0.3670786668,0.1165982819,0.5456271317,0.4396841387,0.1530660336,0.1215769782,-0.1867809764,-0.06832912261,0.06355104048,-0.2076650851,-0.4241088971,0.01831885126,0.2981684702,0.4655910644,0.1221791111,0.02091418894,-0.1233211664,0.2836435718,-0.09658369694,0.08597224609,-0.09112228796
0.3813564191,0.2623899173,0.441078571,0.1627461183,0.4555922535,0.8038810815,0.1424664281,0.2948554691,-0.1996027264,0.2410043091,0.4982717683,0.346220319,0.2235040675,0.05013758589,0.1969691329,0.3397817292,0.07481969724,0.1400303743,0.8459483284,0.4581495879,-0.09739894113,0.2428819412,0.04539623676,0.1233000504,0.3197175073,0.7295695627,0.139022154,0.7290229059,0.8872972738,0.8984356375,0.5593468607,0.1848616594,0.1121058988,-0.0615431893,-0.015367388,0.3885753882,0.3509293858,0.06179490411,-0.04662115347,0.2014683766,-0.1917552257,0.1521672378,0.2961604079,-0.0005981467782,-0.4307736226,-0.1360119803,-0.0203452633,-0.08445967105,-0.05377039466,-0.09860474083,0.02133240202,-0.2796535563,1.218098226,0.9563847718,0.2950031758,1.404715626,0.6997565703,1.139550804,0.8731247226,1.50518596,1.893141901,0.2920968243,-0.3704008115,0.1143024338,0.5461224191,0.436079947,0.1509587908,0.1234388959,-0.1867118208,-0.0725470041,0.06166125622,-0.2093780009,-0.4251413196,0.01791354687,0.2975880657,0.4668516017,0.1250955,0.02182366125,-0.1235637891,0.2778764419,-0.1001311081,0.08295994741,-0.08931090959
0.3843106761,0.2580067719,0.4309090301,0.1641401129,0.4433222714,0.8057693382,0.145050937,0.2883649719,-0.1996685696,0.2441643008,0.5026545125,0.321509381,0.2214744736,0.05155603607,0.1952865441,0.3379479081,0.05342413932,0.1350696549,0.8479550309,0.4707807316,-0.08999653384,0.2344574731,0.04879018842,0.1232548294,0.3236346583,0.7308856485,0.1401886385,0.7174586732,0.889703115,0.9064320551,0.5558741633,0.1876923399,0.1143891285,-0.06233196322,-0.007355451701,0.3877079091,0.3465643022,0.06261420553,-0.04228303568,0.1983205254,-0.1925647927,0.153113929,0.2935780956,-0.000786421095,-0.4300831352,-0.1404359439,-0.02161619114,-0.07728730032,-0.0524217986,-0.09696812989,0.004510376282,-0.2856878202,1.212287761,0.9526308119,0.3149939598,1.39921091,0.6969901891,1.135660977,0.8733976602,1.504623598,1.891294208,0.3003803812,-0.3672647699,0.1127126385,0.5475475909,0.4252965806,0.1485042225,0.1262329573,-0.1872125918,-0.07538161073,0.05883920906,-0.2115326956,-0.426909718,0.017902929,0.2964987683,0.4613330066,0.125646847,0.02144919302,-0.1228380715,0.2703231173,-0.1042700581,0.08477699356,-0.0910697151
0.3821019652,0.25717962,0.4221915601,0.162750717,0.432415263,0.8045869719,0.1436110103,0.2875537648,-0.1976134016,0.2451945751,0.5070047666,0.2949101855,0.2200308553,0.05362619302,0.1915686829,0.3271306423,0.03376676191,0.1325963193,0.8504390897,0.4783736757,-0.08411857557,0.2251231041,0.05024617499,0.122942051,0.3256824085,0.7340250907,0.1374779457,0.7060295561,0.8881900856,0.9085384543,0.5587676514,0.1946536881,0.1179717847,-0.06001869986,-0.001912591567,0.387840685,0.3473598977,0.06287244339,-0.03875944471,0.1952381964,-0.1910535686,0.1510808288,0.2872951028,0.0001984154668,-0.4316079511,-0.1417303579,-0.02122129205,-0.07197688423,-0.05263421769,-0.0951062286,-0.01088774166,-0.2879837368,1.207250389,0.9484698086,0.3370091474,1.398855164,0.6953026822,1.133060587,0.8708079569,1.498927318,1.889865929,0.3088835154,-0.3650452546,0.112366441,0.5431609486,0.4145172898,0.1546395565,0.1251180227,-0.1855745783,-0.07654553144,0.05531511514,-0.213091467,-0.4283554183,0.01763617843,0.2950077331,0.4547135627,0.124147379,0.02083484847,-0.1170601504,0.2612759002,-0.1090950151,0.08825863995,-0.0919716593
0.3795965874,0.2599413428,0.4146800704,0.1637409,0.4171417994,0.7976264803,0.1411085564,0.2867095901,-0.1958626173,0.2455394151,0.5116476686,0.2665180454,0.2160358403,0.05268781277,0.1917409132,0.3190786431,0.01087415593,0.1288740939,0.8507154995,0.4812606535,-0.08189611027,0.2139331161,0.04960361568,0.1237698236,0.3250148114,0.73526915,0.1345918016,0.6956344563,0.8859693728,0.9144685651,0.5554608717,0.2018493363,0.1234729502,-0.05454914957,0.002671263992,0.3863072878,0.3459121901,0.06350269965,-0.03238490323,0.1959838794,-0.1892855529,0.1501705602,0.2700282165,0.0009780795929,-0.4307734142,-0.144819815,-0.02598773231,-0.06677164104,-0.05083707735,-0.0954980513,-0.02355603862,-0.2870692027,1.198833429,0.944500309,0.3678187833,1.397126011,0.6915414241,1.13054031,0.8686847926,1.497114668,1.889283577,0.3140329209,-0.3642911375,0.1072025476,0.5436048184,0.4069159505,0.1610781986,0.126190558,-0.1850305753,-0.07811876768,0.05325232095,-0.2140209771,-0.4292292271,0.01882560284,0.2951455146,0.4454535626,0.1207345183,0.01967486505,-0.1139191374,0.2542839573,-0.1131799882,0.09156242051,-0.09513299614
0.3760923984,0.2622877059,0.4063142168,0.1656037617,0.401081628,0.7952974691,0.1407727636,0.2910316541,-0.193163637,0.2461359954,0.512188033,0.2389547551,0.214638833,0.0511996815,0.1909322169,0.3075508412,-0.0083009566,0.1274083459,0.8516650986,0.4823722022,-0.08152067967,0.2007068838,0.04803460531,0.123230402,0.3213833066,0.7330839814,0.1320074431,0.683662559,0.8820939447,0.9202885704,0.5537285227,0.2115727786,0.1307929741,-0.04109836648,0.004351111811,0.386785798,0.347132681,0.06357621973,-0.03010752335,0.1946550838,-0.1868665994,0.1527083604,0.2574098941,0.008081188347,-0.4297456442,-0.146320648,-0.02632118445,-0.06118872197,-0.05256226761,-0.09294341034,-0.03426101885,-0.2864331021,1.195195114,0.9413366664,0.3957337581,1.395115424,0.6870160812,1.127340671,0.8693213503,1.49525812,1.887982694,0.3202782664,-0.3635925735,0.1043787057,0.5438875174,0.400874435,0.1682208076,0.1281501477,-0.1855382384,-0.08015963474,0.04858330052,-0.2134929771,-0.4304868411,0.02246939328,0.2943507251,0.4359317052,0.117211799,0.01889543395,-0.1145125683,0.2516141714,-0.1171458689,0.08968495597,-0.09816905501
0.3720682869,0.2626090746,0.3965468057,0.1662526909,0.3843480851,0.786933807,0.1415774547,0.2904185791,-0.1904900266,0.2474014896,0.5121130683,0.2125536,0.2155750227,0.05227973823,0.1908390083,0.2990608722,-0.02703540775,0.1290524599,0.8555922777,0.4779278251,-0.08264436048,0.1846852327,0.046214386,0.1204737397,0.3167096312,0.729019748,0.1275939768,0.6729636228,0.8738810962,0.9226129202,0.5493545264,0.2218169396,0.1335234301,-0.02614829441,0.002749862453,0.3859856972,0.3463567026,0.06383105912,-0.02856516916,0.1924072909,-0.1877214255,0.1549607527,0.2394592334,0.01637275378,-0.4287961094,-0.1493789016,-0.02769698177,-0.05648452245,-0.05218146247,-0.09282066452,-0.04267927793,-0.2887730683,1.19124659,0.9401232436,0.4166676105,1.392021682,0.6839325033,1.124266115,0.8704377068,1.492727516,1.883619269,0.3210048973,-0.3627589418,0.1012972112,0.5476093117,0.3956335491,0.1750427189,0.1320437083,-0.1853694351,-0.08083590394,0.04507017691,-0.2158671057,-0.4319050101,0.02652485884,0.2902765119,0.4325195867,0.1134013718,0.01789583799,-0.1143673352,0.2472768653,-0.1207790616,0.0910516641,-0.1020694651
0.3681135856,0.2603093967,0.3823957096,0.1651256179,0.3704644602,0.7805257885,0.1428531823,0.2939518502,-0.1910674043,0.2467708654,0.5094001522,0.1912312834,0.2135071175,0.05275180867,0.1940477239,0.288667801,-0.04629453417,0.128707388,0.8581470162,0.4709013253,-0.0845631054,0.1699531381,0.04388743154,0.1165014273,0.3108485608,0.7236035014,0.122931121,0.6626492216,0.8670627221,0.9237945762,0.5422312351,0.2302951761,0.1375286118,-0.006166816123,-0.003376321373,0.3856809871,0.3450766222,0.06386986957,-0.02836041772,0.1911371555,-0.1876651651,0.1526223932,0.2159935574,0.02412703886,-0.4286568115,-0.1496014492,-0.03026935611,-0.05127438871,-0.04759334537,-0.09418778839,-0.04713585951,-0.288114943,1.184139492,0.9405487493,0.440847493,1.392867154,0.6822106204,1.125600525,0.8706838579,1.492076773,1.883198284,0.3191223893,-0.3638434997,0.1013284026,0.5494601511,0.3920933218,0.1803638485,0.134348897,-0.1842523205,-0.08050599932,0.04014798298,-0.2166559868,-0.4335006764,0.03052067807,0.2863924969,0.4279885093,0.1080350519,0.0187309657,-0.1146740628,0.2410997136,-0.1246227676,0.09095484732,-0.1032278332
0.361082833,0.2603368495,0.3768620113,0.1672169468,0.3592147145,0.7712614758,0.1455473651,0.2968619599,-0.1894839424,0.2450659645,0.5039910406,0.1722809709,0.2126985518,0.05164181675,0.197166529,0.2823004256,-0.06496488559,0.1297381552,0.8620046701,0.4634983294,-0.08334583356,0.1601568057,0.0407106569,0.1137379012,0.3096226933,0.7250698794,0.1236222703,0.6517470325,0.8648473982,0.9284137716,0.537635731,0.2363952522,0.1403419465,0.01121214353,-0.01447546754,0.3852608409,0.3477764776,0.06429800792,-0.02668870753,0.1884394118,-0.1857899271,0.1548988008,0.1953761734,0.03298662059,-0.4266255714,-0.151373124,-0.03109335977,-0.04904545955,-0.0481580807,-0.09647145539,-0.04655414259,-0.2880508932,1.178677804,0.9394039509,0.466846707,1.393655673,0.6843896956,1.126334023,0.8699010423,1.489964035,1.88695126,0.3157101391,-0.3636289173,0.1020265191,0.5501519344,0.393582049,0.1867238495,0.1365932408,-0.1836543297,-0.08154778041,0.03662051769,-0.2169954649,-0.4349301843,0.03700562289,0.2883038405,0.4205238095,0.1063115068,0.01729484875,-0.1152106906,0.236452569,-0.1259040613,0.08943937733,-0.1050164555
0.3550769816,0.259590505,0.3708000021,0.1660556216,0.3420147439,0.7597494859,0.1461450032,0.2975963517,-0.190589087,0.2458188691,0.4963134922,0.1535412888,0.2124775253,0.04873543654,0.2033628439,0.2766153268,-0.08072479976,0.1319047237,0.8640087747,0.45622818,-0.08219681514,0.149549985,0.03914545784,0.1133763016,0.3096985488,0.7254265493,0.1230316834,0.6393004457,0.863693309,0.9327839656,0.5295670422,0.2412902195,0.1414390556,0.03155726422,-0.02618425135,0.3859332758,0.3482309752,0.0642917774,-0.02556553391,0.18706866,-0.1882613391,0.1527579472,0.16711999,0.03836510112,-0.4269409298,-0.151714437,-0.03144545082,-0.04595800406,-0.04954769454,-0.09532285395,-0.04650077927,-0.2885359966,1.180967369,0.9405672117,0.4991287592,1.393205764,0.6847778826,1.127086563,0.8695385791,1.487708407,1.887049569,0.3133747641,-0.362880322,0.1041353108,0.5582028697,0.393262567,0.1978868641,0.1350731433,-0.1848971983,-0.08262406023,0.03459314959,-0.216394482,-0.4355283275,0.03969920756,0.2913542775,0.4192924308,0.1035229921,0.01773337304,-0.1175703477,0.2348096171,-0.1253091249,0.08434544418,-0.1074789358
0.3434728796,0.2602102874,0.3690901155,0.164859846,0.3298924487,0.7512825731,0.1514945241,0.3017530176,-0.1900202017,0.2413806457,0.4916901635,0.1347300834,0.2144633951,0.046529565,0.2094683447,0.2707489223,-0.09434883111,0.1334415091,0.8646215111,0.4539010802,-0.07804519774,0.1469729588,0.03948540615,0.1134596778,0.3140277553,0.7291016477,0.1260247181,0.63117909,0.8679988106,0.9365829317,0.521383478,0.2465977391,0.1445746887,0.04829487256,-0.03918241626,0.3849097669,0.3466542964,0.06239903752,-0.02904262925,0.1841880737,-0.18980674,0.1559344874,0.1395372244,0.04288976095,-0.4254378297,-0.153987428,-0.03287122499,-0.04665706199,-0.04648368179,-0.09572816126,-0.04654393766,-0.2902290768,1.182223298,0.9402741214,0.52991309,1.393180698,0.6851184331,1.126458346,0.8706050113,1.486819822,1.887644719,0.3079250987,-0.360678142,0.1034723078,0.5646282122,0.3891764353,0.2039523293,0.1359569954,-0.1839115028,-0.08140340305,0.02980238541,-0.2158612144,-0.4354159082,0.04212909663,0.2936575495,0.4096373097,0.1096757256,0.01500102371,-0.1184080587,0.233068392,-0.1255979939,0.08192303526,-0.1104505429
0.3343215261,0.2575025396,0.3652584643,0.1652368188,0.3187169313,0.74439018,0.1543533514,0.3011748714,-0.1893334974,0.239500121,0.4861855629,0.1166080028,0.2172326908,0.04386490519,0.2194572503,0.266215368,-0.10848282,0.1370722335,0.86207502,0.454452399,-0.0704841086,0.1485643103,0.03989692608,0.116765721,0.3222679236,0.7370398836,0.1311869431,0.6200504721,0.8733637645,0.9413561319,0.5197298242,0.2508679578,0.1427282493,0.05985814235,-0.05179941194,0.3820815385,0.3428141838,0.05975711783,-0.03468017219,0.1827183131,-0.1904174341,0.1584767459,0.1073223822,0.05388932755,-0.4254222827,-0.1533701414,-0.03360797397,-0.04705035603,-0.04616016638,-0.0937382331,-0.0445418209,-0.2944708873,1.184385472,0.9414701703,0.5679362835,1.395761145,0.6840292544,1.129657558,0.8759252918,1.486874622,1.892787347,0.3118584689,-0.3578246182,0.1053740638,0.5674726683,0.3874321904,0.2094273255,0.1352453024,-0.1861958038,-0.08028553663,0.02462551958,-0.2151473956,-0.4354260118,0.0432022461,0.2967462508,0.4058050121,0.1161721952,0.01106605288,-0.1208724073,0.2313368467,-0.1221939139,0.07993910174,-0.1125068001
0.3241605416,0.2581882397,0.356458646,0.1656621173,0.3053518548,0.7382549113,0.1573026975,0.3047728635,-0.1893491923,0.2400953117,0.481813279,0.1024173781,0.2182945799,0.04198776735,0.2306172044,0.2600261583,-0.1228307005,0.1415680494,0.8581588511,0.4517292807,-0.06631958336,0.1470878681,0.04111745486,0.119115361,0.3264459638,0.7420691208,0.1357627126,0.6123931912,0.8767898021,0.9398606961,0.5145214888,0.2559203403,0.1425802469,0.0655218048,-0.06242333161,0.382399196,0.3448008929,0.05735981949,-0.03397380639,0.1797001732,-0.1902859846,0.160195502,0.07855193927,0.06549971014,-0.4255912158,-0.1532472981,-0.03503804943,-0.04895629923,-0.04375961236,-0.09620678792,-0.04232238856,-0.2975330286,1.192490996,0.9440052211,0.6022902453,1.400452887,0.6863477763,1.131097438,0.8796261902,1.488560101,1.895572819,0.317464811,-0.3562341251,0.1072695908,0.5758843121,0.3854719385,0.2159139442,0.1351100346,-0.1863878939,-0.0779487934,0.01886005611,-0.2158539369,-0.4368912575,0.04625240476,0.3015086227,0.3975694335,0.1219587812,0.008649581512,-0.1202655372,0.2308086279,-0.1222175923,0.07517128051,-0.1111214432
0.31463715,0.2599810485,0.3549797846,0.1676204017,0.2946983839,0.7285309159,0.1593946984,0.3098215676,-0.1880707053,0.2353204311,0.4781360435,0.08718464724,0.2232646372,0.03734725902,0.2476335308,0.2553486736,-0.1393819526,0.1445933877,0.8576960102,0.4439492025,-0.06269505449,0.1463595848,0.04346346584,0.1220351754,0.3306587134,0.7426268546,0.1367969281,0.6048760784,0.87760033,0.9312204203,0.5038778689,0.260228381,0.1412985752,0.07130514645,-0.07189500119,0.3843687013,0.3475381522,0.0581459066,-0.03163164188,0.183240452,-0.1911197787,0.156006954,0.04556066804,0.06952616375,-0.4257272209,-0.1495000038,-0.03285442949,-0.04652217776,-0.04183791106,-0.09904963033,-0.03900876007,-0.2977102739,1.192156729,0.9451270286,0.6384306085,1.402914437,0.6886390592,1.129667483,0.8829825572,1.489508695,1.896423922,0.321470371,-0.3545771022,0.1092340989,0.5832673085,0.4012624097,0.2226684709,0.1345501335,-0.1885670648,-0.07686871771,0.01347716238,-0.2155969372,-0.4359040146,0.05042373544,0.3125685815,0.390380487,0.1238321074,0.007991387005,-0.1182914064,0.2320462459,-0.121361038,0.07335150816,-0.113152702
0.3038964686,0.2627419958,0.3525023134,0.1670916724,0.2828171032,0.7254168152,0.1591716978,0.3125836036,-0.191864564,0.2331007018,0.4751834938,0.07367411031,0.2264700316,0.03488575602,0.2688977378,0.2577955916,-0.1539219709,0.1482840513,0.8591640374,0.4369766386,-0.0632269237,0.1429512709,0.04549192416,0.1219107168,0.3296476377,0.7433968625,0.1354657469,0.5978305958,0.874460856,0.9204084908,0.501976841,0.2630973748,0.1445338254,0.07483692002,-0.08597952893,0.3825696086,0.3466015135,0.05601291805,-0.03114842315,0.1878061479,-0.1878602766,0.1560433765,0.01466311579,0.08234389698,-0.4239093459,-0.1512646682,-0.03687039761,-0.04872094859,-0.03992946645,-0.1030024662,-0.0317179695,-0.2976622453,1.196672376,0.9460031209,0.6725770014,1.404869625,0.6896204222,1.131400126,0.8893296687,1.490238135,1.901520653,0.332393367,-0.3529039152,0.1097280867,0.5911722824,0.420889948,0.2296787174,0.1358980079,-0.1891408551,-0.07597685662,0.008689609014,-0.2121690957,-0.4361023368,0.05450803688,0.3184323066,0.3859814203,0.1226314088,0.005586143999,-0.1198824301,0.2327886345,-0.1175219205,0.07203342947,-0.115200372
0.2945372932,0.2657976345,0.3500996238,0.1686114964,0.2687154808,0.7188868314,0.1612896248,0.3141785137,-0.1959718901,0.2319861281,0.4768786008,0.06113013996,0.2280492128,0.03236390469,0.2928215293,0.2546305409,-0.1669199164,0.1521179603,0.8597421762,0.4305264908,-0.06211298813,0.1395146317,0.0467644621,0.1214830691,0.3284660357,0.7451926905,0.1348894558,0.5934914128,0.8694177421,0.9107414561,0.4941345734,0.2658329186,0.1388477584,0.07896855581,-0.09723972978,0.3818820157,0.3440265839,0.05463434293,-0.02973579818,0.1862468285,-0.1890266986,0.1584635816,-0.01702510139,0.0828025412,-0.4243758813,-0.1515830711,-0.03986081607,-0.04837492976,-0.03690891487,-0.1040387301,-0.02485199491,-0.2984276672,1.202752026,0.9505711675,0.7062238391,1.406902673,0.6963862019,1.132826519,0.8915517472,1.49235535,1.904578599,0.3404870276,-0.3502595858,0.1126870301,0.6004018987,0.4350422532,0.2368499726,0.1349650956,-0.1901568861,-0.07619644593,0.005557289189,-0.2095367197,-0.4338238158,0.0580500821,0.3301793756,0.3788570553,0.1210305855,0.005560348452,-0.1238382626,0.239293682,-0.1136223813,0.07058301978,-0.1179147919
0.2868837279,0.2729845349,0.3481889791,0.1712646571,0.2595549007,0.7133969684,0.1673676619,0.3147932697,-0.1992058934,0.2283839507,0.4777683517,0.05025947138,0.2314893462,0.02904761358,0.3155721488,0.2536390317,-0.1801252985,0.1545827265,0.8600382559,0.4226351991,-0.06339961663,0.137591723,0.04759853113,0.119921768,0.3244369831,0.7448793531,0.1322376841,0.5879741509,0.869171222,0.899158134,0.4888141644,0.2686444684,0.1395013683,0.08133345716,-0.1083666574,0.3801763685,0.3435455665,0.05397501849,-0.03031997963,0.1891909373,-0.1880155488,0.1571293228,-0.04468569694,0.08373947758,-0.4252147947,-0.1496983126,-0.04101950081,-0.04881084512,-0.03442128254,-0.1067348312,-0.01561620689,-0.2992002096,1.205161246,0.9518499053,0.73513229,1.413124593,0.6987111007,1.133120422,0.8965930833,1.494385401,1.904510015,0.3517442995,-0.3467013403,0.1161275954,0.6023036651,0.4452919421,0.2437645765,0.1345466749,-0.1922129397,-0.07451574966,0.003950271535,-0.2073477168,-0.431609402,0.06341400391,0.333773076,0.3707533735,0.1178113196,0.003465121909,-0.1225714375,0.2446803503,-0.111326841,0.07097279206,-0.1227182434
0.2780657062,0.2832946979,0.3523643391,0.1773220301,0.2540118468,0.7066030585,0.1704551918,0.3148940868,-0.2033138107,0.2228188791,0.4788796686,0.04031814027,0.2362721776,0.02618533118,0.3430833186,0.2550913005,-0.1911445121,0.1596537716,0.8601708319,0.416924794,-0.06585740178,0.134767842,0.04622575246,0.1172094182,0.3199567589,0.7470363076,0.1315854548,0.5810546063,0.8648926233,0.8876279314,0.4849186735,0.2700892546,0.138577742,0.07558498376,-0.11941099,0.3810155987,0.3452107947,0.05319074389,-0.03087974021,0.1913730512,-0.1875986719,0.1565157337,-0.06005955265,0.08583537655,-0.4254462076,-0.1483680674,-0.03994889004,-0.04978051291,-0.03276154399,-0.1092531714,-0.00566610862,-0.2952245114,1.21066241,0.9531349569,0.7636288759,1.416474538,0.704544632,1.13473729,0.8974486941,1.495610916,1.904460685,0.3653838344,-0.3465876572,0.1189399944,0.6046626463,0.4518888717,0.248285165,0.1324358056,-0.1920506629,-0.07298053929,0.002317781339,-0.2033954794,-0.4297712488,0.0690716494,0.3388754087,0.3640088669,0.1150689246,0.001409343013,-0.1184140168,0.2498206409,-0.107401942,0.06879691963,-0.1262164855
0.2694133296,0.2898835301,0.3490455243,0.1832669337,0.2475080931,0.6998565399,0.1739558476,0.311165859,-0.20567218,0.2210674283,0.474260619,0.03419186613,0.2426254694,0.02415655524,0.371375579,0.2592494811,-0.2014788656,0.1622644054,0.8591829651,0.4159391153,-0.06668449646,0.135899488,0.04826537487,0.1185033638,0.3181761862,0.7481555805,0.1345286509,0.574488031,0.8665637125,0.8796653604,0.4784597836,0.2684959982,0.1376147094,0.0673622849,-0.1298916451,0.3793052721,0.3417684477,0.04923407222,-0.03236456139,0.1934373741,-0.190046059,0.155469154,-0.07093129079,0.08539966232,-0.4234981628,-0.1475019784,-0.04234450198,-0.05484703306,-0.03196848154,-0.1141068098,0.003428298489,-0.2930251058,1.218113323,0.9548903638,0.7905869825,1.414854189,0.7066109928,1.136941393,0.901649103,1.49890201,1.905605146,0.3801918529,-0.3469399176,0.1218415843,0.6075120086,0.4573528969,0.251970278,0.1304821082,-0.1931056967,-0.07219146897,0.000809282483,-0.2014374852,-0.42769105,0.07546300798,0.3439317642,0.3630851335,0.1132805597,-0.001943756472,-0.1188287509,0.2585859735,-0.1019123446,0.0666446988,-0.132603945
0.2604502408,0.2944850573,0.3513354622,0.1852453967,0.2395458692,0.6924003597,0.1777915834,0.3050115746,-0.2100071892,0.2211380637,0.4759037419,0.02790563039,0.2466185598,0.02242446472,0.3982155386,0.2680128267,-0.2099240525,0.1623866721,0.8600227096,0.4127144518,-0.06759433371,0.1372514081,0.04946586899,0.1192627665,0.3191030881,0.7498795534,0.1386459385,0.5698157172,0.869794673,0.8652095405,0.4748221432,0.2651751565,0.1347984946,0.05338045972,-0.1400180521,0.3778105449,0.3371840457,0.0469517099,-0.03760331891,0.1899413649,-0.191140204,0.1530384343,-0.07996448269,0.08069409061,-0.4252143779,-0.1466793267,-0.04382496393,-0.05897196658,-0.03317764833,-0.1183467191,0.01235623754,-0.2923007666,1.224293744,0.9576640321,0.8106228095,1.413678758,0.7131162497,1.137306052,0.9027308863,1.501351971,1.905742663,0.3991331792,-0.3463127361,0.1293833187,0.6093119209,0.4577661177,0.2551385949,0.1286991608,-0.1921529996,-0.07234921585,-0.001572774688,-0.200771074,-0.4262903087,0.08059192105,0.3454435416,0.3549210844,0.1124261555,-0.006351678627,-0.1200182557,0.2658320639,-0.0958029064,0.06686574168,-0.1349590851
0.2499834027,0.2994830218,0.3517977853,0.1884937693,0.2299609076,0.6814275361,0.1825716196,0.292822128,-0.209246848,0.2211335091,0.480579134,0.02191884956,0.2535448964,0.02028472732,0.4265299829,0.2755394445,-0.2194202037,0.1664551401,0.8583305608,0.4049935272,-0.06886798082,0.1348228507,0.05188706053,0.1220854434,0.3204490765,0.7522420285,0.1394741766,0.5671951685,0.8715456419,0.8490084507,0.4664240961,0.258432442,0.1301389237,0.0315593719,-0.1495096766,0.3751124226,0.3325358483,0.04491294939,-0.04218236622,0.1836105291,-0.1943482992,0.1494998979,-0.08952603149,0.07154826096,-0.4273072225,-0.1464077976,-0.04602619867,-0.06401537498,-0.03196442655,-0.1253092373,0.02187864968,-0.2901765105,1.222286968,0.9587663758,0.8305555605,1.412136656,0.7175885505,1.135623414,0.9053072853,1.501630694,1.906304481,0.4210214146,-0.3453050824,0.1319259761,0.6088699155,0.4531002315,0.2549222345,0.1243349169,-0.1929270252,-0.07244152599,-0.005866289188,-0.2015380533,-0.4262858966,0.08235545527,0.3460054504,0.3441046335,0.1112083782,-0.007862931598,-0.1170137851,0.2710006125,-0.09089384918,0.06954868647,-0.1376999822
0.2401603637,0.3059158227,0.3590719782,0.193254156,0.2248424451,0.6749317083,0.1844476582,0.2821556793,-0.2131096136,0.2227375905,0.4844883956,0.01797248659,0.2562298713,0.01579009646,0.4557020094,0.2774258342,-0.229425796,0.1665706167,0.8565712786,0.3962681637,-0.06888651515,0.1339811975,0.05250742657,0.1260277093,0.3236313409,0.752560474,0.1395366059,0.5637101576,0.8739054291,0.8303003348,0.4520872863,0.251126585,0.1227197233,0.005941104001,-0.1556683877,0.3730079882,0.3275118461,0.04138579811,-0.04762872784,0.1787228292,-0.1954361346,0.148701925,-0.09512999523,0.06159624467,-0.4291141354,-0.143650352,-0.04832021831,-0.06972368643,-0.0357466404,-0.1271370425,0.03017615033,-0.2868974025,1.220941257,0.9591040981,0.8549668998,1.412419756,0.7204364374,1.134202054,0.9062311973,1.502228876,1.914758565,0.4501913082,-0.3448029624,0.1326456405,0.607148945,0.4611010931,0.25744279,0.1188823822,-0.1943847486,-0.07337987807,-0.008069021812,-0.2006023746,-0.4238334521,0.08334578539,0.346972916,0.3345356212,0.1105801048,-0.01180200795,-0.1143895995,0.278786685,-0.08531675388,0.06889513635,-0.1391204036
0.2293933882,0.314209987,0.3696249024,0.2004326555,0.2193660638,0.6697013597,0.1860414491,0.2725285489,-0.2169083098,0.2252087512,0.4889719381,0.01083531079,0.2592825018,0.01224325406,0.483943667,0.2829388445,-0.2387669266,0.1687214981,0.8557884407,0.3891071759,-0.06822560432,0.1356566357,0.05358673463,0.1303950996,0.3260300463,0.7567555617,0.1399756442,0.5604666399,0.8779261495,0.8132355326,0.4460641028,0.245561707,0.1168413292,-0.01784668643,-0.1625795165,0.370609605,0.3200482549,0.03730271756,-0.05327425863,0.1785336041,-0.197839336,0.1455769289,-0.09974051946,0.04972035726,-0.4313306346,-0.1438121458,-0.05055828971,-0.07442594026,-0.03785095221,-0.1297007824,0.03847287416,-0.2850055087,1.230881537,0.9619113618,0.8816440997,1.40905724,0.7243690428,1.131513081,0.9086009097,1.502734973,1.91493,0.4800894354,-0.3409756445,0.1329972685,0.6132114617,0.4652033357,0.2623758373,0.1148769951,-0.1945431616,-0.0726028336,-0.01026592144,-0.2005861562,-0.4217486443,0.0844852872,0.3497364829,0.3277634367,0.1123232868,-0.01678720509,-0.1120121785,0.2878377786,-0.07871160588,0.06882690778,-0.1424121707
0.21803018,0.3200730315,0.3739288871,0.2061081124,0.2160223797,0.667145151,0.1877485941,0.2659411569,-0.2195217124,0.2281887189,0.5004372916,0.002669723884,0.2672682894,0.009486224722,0.521665067,0.2890034153,-0.2469698862,0.16947916,0.8533842226,0.3845932458,-0.06657781371,0.1386078018,0.05454968239,0.1348129234,0.3287296063,0.7600864821,0.1412152572,0.5581155131,0.8818644202,0.796848472,0.4461555225,0.2384026214,0.1167691968,-0.05226999221,-0.1683381381,0.368692027,0.3175304915,0.03549583568,-0.0559878556,0.1802581869,-0.1957848931,0.1464639701,-0.09739247959,0.04889575399,-0.432608386,-0.1386136047,-0.05287535553,-0.07713058076,-0.03608920197,-0.1305404447,0.04738741328,-0.2818586291,1.226317121,0.959213764,0.9046945759,1.409014386,0.7246867761,1.129711215,0.9086435604,1.502220368,1.912331894,0.5091097076,-0.3414577689,0.1354189075,0.6149770377,0.479313615,0.2637882439,0.1133464234,-0.1945775737,-0.07250462423,-0.01525081289,-0.1989832453,-0.4201007115,0.08387534603,0.3497934387,0.3183702869,0.1142717543,-0.01912661653,-0.1055654159,0.2921807774,-0.07628268752,0.07025212993,-0.1459991217
0.2115444748,0.3300155929,0.3753793882,0.2143907801,0.2118011021,0.6609134453,0.1842410669,0.2557623103,-0.2247251224,0.2329825619,0.5096338714,-0.0005824894946,0.2673952022,0.006924744482,0.5563541979,0.2985402606,-0.2586533888,0.1689091742,0.8546523729,0.3658830793,-0.07191887136,0.1325921042,0.05337400669,0.1359602368,0.3228959005,0.75701996,0.1365581085,0.5554181217,0.8754204973,0.7675579832,0.4342563795,0.2288195395,0.1160274337,-0.09072886267,-0.1769015824,0.3685051272,0.3160545332,0.03680439834,-0.05022565859,0.1812850976,-0.1978247132,0.1391664722,-0.09693625953,0.02820995259,-0.4336636162,-0.1346822238,-0.05570368437,-0.08062732853,-0.03480158514,-0.1360584521,0.05048352863,-0.2775245997,1.215566897,0.9553929993,0.9198427848,1.397245129,0.7230795746,1.12047359,0.9034507996,1.499385935,1.908946037,0.5261507854,-0.3414013031,0.1339112016,0.6158004725,0.4936005935,0.2662495961,0.1106038148,-0.1939360763,-0.07249264043,-0.01584515222,-0.1985262895,-0.4167878014,0.0891282543,0.352879902,0.3139722764,0.1051681238,-0.01796899839,-0.09815731408,0.2994755072,-0.07152774984,0.0665684658,-0.1499394491
0.2020466004,0.3424398628,0.386420734,0.2170559841,0.208120026,0.6517313506,0.1860418055,0.2445264944,-0.2289134344,0.2381483202,0.517515629,-0.0002431302122,0.2694014624,0.007048106139,0.5882690833,0.3111542669,-0.2644576178,0.1667799201,0.8578554726,0.3491932393,-0.08033686034,0.1236736175,0.05056069211,0.1337951625,0.3121093521,0.7554698841,0.1295007715,0.544798089,0.8686804753,0.7349473273,0.431130037,0.2194242427,0.1163546823,-0.1316436226,-0.1871530501,0.3658199222,0.3135040044,0.03569130467,-0.05046754408,0.1764317077,-0.1998523864,0.1428334888,-0.0995987769,0.001520048582,-0.4336370595,-0.1283798402,-0.0535817162,-0.08645362518,-0.03590799335,-0.1337313746,0.05197628769,-0.2710510105,1.218029547,0.9563101883,0.9284173072,1.395738805,0.7289873741,1.116823841,0.8989868269,1.49928642,1.903536153,0.5426574588,-0.3428823536,0.1395339363,0.6113660969,0.457076613,0.2690607799,0.1072752694,-0.1919575592,-0.07346527951,-0.01332808475,-0.1958467936,-0.4136127032,0.088239876,0.3472501263,0.3133250625,0.09170280323,-0.01694224662,-0.0896853618,0.3084720871,-0.06736081818,0.06744074789,-0.1577020634
0.1957736874,0.3483529656,0.4032243628,0.2280794875,0.2062164961,0.6330770664,0.1900393603,0.2322395127,-0.2326971728,0.2419108583,0.5300700377,0.002486986175,0.2704701935,0.004810740955,0.6076208738,0.3199169179,-0.2728437677,0.1629700559,0.8583251588,0.3265904386,-0.08865455451,0.1178859621,0.04514071057,0.1344211887,0.3055979555,0.752153248,0.1276465649,0.5415393546,0.8706637086,0.7040441185,0.4302684279,0.2085388208,0.1188731496,-0.1772299307,-0.2010976874,0.3677263471,0.3103975221,0.03202813072,-0.0604039646,0.1706845726,-0.2010135562,0.1392343824,-0.09326339281,-0.01577225838,-0.432558653,-0.1261414432,-0.04946354131,-0.1034252625,-0.04598689354,-0.1370764289,0.05008580769,-0.2586454493,1.217279149,0.9500327974,0.9315341659,1.38720195,0.7280591678,1.113773002,0.8929045993,1.497962908,1.901851647,0.5782063603,-0.346111975,0.1405290044,0.6037725026,0.4207963224,0.272393891,0.1034548812,-0.191175371,-0.07044212556,-0.009877595151,-0.1958317105,-0.4164896637,0.09262372365,0.3362892781,0.3057761414,0.08509922184,-0.02414877531,-0.08013756848,0.3168597174,-0.05968569575,0.06944792249,-0.1571897382
0.1836271075,0.3479879694,0.4123745218,0.2365410129,0.1961633278,0.6159710784,0.1843574067,0.2159800551,-0.2287387484,0.2510292193,0.5293788155,-0.000863435165,0.2722917863,0.001968841798,0.6226490582,0.3311338521,-0.2828373903,0.1589101506,0.8551557045,0.3142428521,-0.09136252166,0.118131859,0.0476324956,0.1514198901,0.3183216583,0.7608150984,0.1355721457,0.5442163732,0.8886046556,0.6800537695,0.4008811918,0.1942425835,0.1054494465,-0.208452892,-0.2073545078,0.3652035751,0.2964240663,0.02933820208,-0.0720515488,0.1407607136,-0.2029686346,0.1437241943,-0.1145610874,-0.04194473907,-0.4350378387,-0.1384712296,-0.05675647552,-0.1179354409,-0.05854935622,-0.149293791,0.04130357248,-0.2561409082,1.187387314,0.9462204458,0.9353206443,1.380336804,0.7306443359,1.103260655,0.8907519787,1.492947448,1.904180649,0.6234297675,-0.3481292568,0.1399012533,0.5936085373,0.3924450689,0.2833222685,0.09521858755,-0.1892921933,-0.0723070582,-0.01084451201,-0.2037861079,-0.4231039618,0.08874670209,0.3253159141,0.2934134255,0.09163379177,-0.02359467808,-0.08060704501,0.3292296473,-0.05572436855,0.073314594,-0.1630345672
0.1733711128,0.3565493722,0.4287066214,0.2525102851,0.1886251355,0.6122777491,0.1938053996,0.1975984068,-0.2168480028,0.2597751258,0.5356067547,-0.007203120164,0.2681347454,-0.003268131537,0.6254559784,0.3347184381,-0.2925022148,0.1679238382,0.846047544,0.2818726333,-0.0917401955,0.1079375348,0.05381868468,0.1610585179,0.3238667799,0.7563999546,0.1274176073,0.5508395904,0.8871515255,0.6431181114,0.3289380738,0.195885373,0.05660354484,-0.2585268626,-0.1933866289,0.3593466481,0.2740782046,0.01452917375,-0.09454994617,0.1170099822,-0.2118182178,0.1758950391,-0.1364191091,-0.03105720567,-0.4371339761,-0.1500270251,-0.06544097844,-0.1436684875,-0.0792209669,-0.1293068338,0.0444467289,-0.255510532,1.173331931,0.9237923509,0.945766736,1.370212327,0.6902635153,1.083671426,0.8965560182,1.481785868,1.938640708,0.6703655147,-0.3627551267,0.1027919556,0.5665595634,0.4656768633,0.2872669052,0.08705960804,-0.1999250269,-0.07516339869,-0.01727606102,-0.2044738664,-0.4190168485,0.07963717009,0.3060684408,0.2717690196,0.09941602932,-0.02633177596,-0.0908902833,0.3378378902,-0.06183818511,0.07576706475,-0.1570194591